"STATION","DATE","AWND","PRCP","PSUN","SNOW","SNWD","TAVG","TMAX","TMIN","WSF2","WSF5","WSFG"
"USW00094728","2020-01-01","8.50","0.00",,"0.0","0.0",,"41","34","17.0","29.1",
"USW00094728","2020-01-02","5.37","0.00",,"0.0","0.0",,"49","33","13.0","21.9",
"USW00094728","2020-01-03","3.36","0.15",,"0.0","0.0",,"49","44","10.1","15.0",
"USW00094728","2020-01-04","4.47","0.27",,"0.0","0.0",,"51","41","15.0","23.9",
"USW00094728","2020-01-05","11.41","0.00",,"0.0","0.0",,"42","35","25.1","42.9",
"USW00094728","2020-01-06","6.04","0.04",,"0.2","0.0",,"45","32","16.1","23.0",
"USW00094728","2020-01-07","5.14","0.00",,"0.0","0.0",,"45","36","16.1","27.1",
"USW00094728","2020-01-08","9.62","0.00",,"0.0","0.0",,"42","28","21.0","35.1",
"USW00094728","2020-01-09","4.47","0.00",,"0.0","0.0",,"34","23","17.0","25.9",
"USW00094728","2020-01-10","6.26","0.00",,"0.0","0.0",,"55","33","14.1","25.1",
"USW00094728","2020-01-11","5.37","0.00",,"0.0","0.0",,"69","51","15.0","29.1",
"USW00094728","2020-01-12","8.72","0.05",,"0.0","0.0",,"68","43","21.9","34.0",
"USW00094728","2020-01-13","4.47","0.00",,"0.0","0.0",,"46","37","14.1","18.1",
"USW00094728","2020-01-14","3.80","0.07",,"0.0","0.0",,"46","39","12.1","14.1",
"USW00094728","2020-01-15","5.14","0.00",,"0.0","0.0",,"50","41","13.0","19.9",
"USW00094728","2020-01-16","10.29","0.11",,"0.0","0.0",,"49","33","21.9","40.0",
"USW00094728","2020-01-17","10.74","0.00",,"0.0","0.0",,"33","21","23.9","42.1",
"USW00094728","2020-01-18","4.92","0.37",,"2.1","0.0",,"37","20","17.0","25.9",
"USW00094728","2020-01-19","8.95","0.00",,"0.0","1.2",,"43","27","17.0","27.1",
"USW00094728","2020-01-20","7.83","0.00",,"0.0","0.0",,"31","20","18.1","29.1",
"USW00094728","2020-01-21","4.25","0.00",,"0.0","0.0",,"33","20","13.0","19.0",
"USW00094728","2020-01-22",,"0.00",,"0.0","0.0",,"38","25",,,
"USW00094728","2020-01-23",,"0.00",,"0.0","0.0",,"47","33",,,
"USW00094728","2020-01-24",,"0.00",,"0.0","0.0",,"51","37",,,
"USW00094728","2020-01-25",,"0.85",,"0.0","0.0",,"51","38",,,
"USW00094728","2020-01-26",,"0.00",,"0.0","0.0",,"46","38",,,
"USW00094728","2020-01-27","6.26","0.00",,"0.0","0.0",,"45","37","10.1","17.0",
"USW00094728","2020-01-28","8.50","0.00",,"0.0","0.0",,"43","37","15.0","28.0",
"USW00094728","2020-01-29","6.71","0.00",,"0.0","0.0",,"41","31","14.1","23.9",
"USW00094728","2020-01-30","4.25","0.00",,"0.0","0.0",,"38","25","13.0","17.0",
"USW00094728","2020-01-31","3.80","0.02",,"0.0","0.0",,"44","33","8.1","11.0",
"USW00094728","2020-02-01","2.01","0.00",,"0.0","0.0",,"43","37","8.1","10.1",
"USW00094728","2020-02-02","4.92","0.07",,"0.0","0.0",,"45","35","18.1","27.1",
"USW00094728","2020-02-03","5.59","0.00",,"0.0","0.0",,"57","37","14.1","18.1",
"USW00094728","2020-02-04","3.36","0.00",,"0.0","0.0",,"61","43","8.9","15.0",
"USW00094728","2020-02-05","5.82","0.00",,"0.0","0.0",,"55","39","14.1","19.9",
"USW00094728","2020-02-06","6.93","0.51",,"0.0","0.0",,"41","35","15.0","19.0",
"USW00094728","2020-02-07","9.62","0.25",,"0.0","0.0",,"56","33","23.9","46.1",
"USW00094728","2020-02-08","7.38","0.00",,"0.0","0.0",,"41","30","18.1","28.0",
"USW00094728","2020-02-09","5.82","0.00",,"0.0","0.0",,"44","31","13.0","19.9",
"USW00094728","2020-02-10","6.26","0.37",,"0.0","0.0",,"47","42","14.1","23.0",
"USW00094728","2020-02-11","3.58","0.28",,"0.0","0.0",,"48","43","14.1","21.0",
"USW00094728","2020-02-12","5.37","0.13",,"0.0","0.0",,"46","37","16.1","27.1",
"USW00094728","2020-02-13","4.25","0.39",,"0.0","0.0",,"44","37","14.1","25.1",
"USW00094728","2020-02-14","7.38","0.00",,"0.0","0.0",,"40","18","19.9","32.0",
"USW00094728","2020-02-15","4.92","0.00",,"0.0","0.0",,"31","14","17.0","23.9",
"USW00094728","2020-02-16","5.59","0.00",,"0.0","0.0",,"44","30","15.0","23.0",
"USW00094728","2020-02-17","5.14","0.00",,"0.0","0.0",,"51","38","17.0","27.1",
"USW00094728","2020-02-18","6.26","0.00",,"0.0","0.0",,"47","38","15.0","21.0",
"USW00094728","2020-02-19","7.38","0.00",,"0.0","0.0",,"48","32","17.0","27.1",
"USW00094728","2020-02-20","5.82","0.00",,"0.0","0.0",,"35","26","15.0","21.9",
"USW00094728","2020-02-21","5.37","0.00",,"0.0","0.0",,"35","20","15.0","21.0",
"USW00094728","2020-02-22","6.26","0.00",,"0.0","0.0",,"50","30","14.1","23.0",
"USW00094728","2020-02-23","4.47","0.00",,"0.0","0.0",,"56","39","13.0","19.9",
"USW00094728","2020-02-24","2.91","0.00",,"0.0","0.0",,"62","41","12.1","15.0",
"USW00094728","2020-02-25","3.80","0.14",,"0.0","0.0",,"53","46","12.1","17.0",
"USW00094728","2020-02-26","7.16","0.00",,"0.0","0.0",,"48","43","14.1","23.0",
"USW00094728","2020-02-27","12.75","0.40",,"0.0","0.0",,"43","31","28.0","44.1",
"USW00094728","2020-02-28","9.84","0.00",,"0.0","0.0",,"42","29","21.0","34.0",
"USW00094728","2020-02-29","8.72","0.00",,"0.0","0.0",,"35","25","18.1","30.0",
"USW00094728","2020-03-01","6.04","0.00",,"0.0","0.0",,"44","25","15.0","25.1",
"USW00094728","2020-03-02","6.49","0.00",,"0.0","0.0",,"58","40","15.0","23.0",
"USW00094728","2020-03-03","6.04","0.26",,"0.0","0.0",,"59","49","19.9","32.0",
"USW00094728","2020-03-04","10.29","0.00",,"0.0","0.0",,"56","45","21.9","35.1",
"USW00094728","2020-03-05","5.37","0.00",,"0.0","0.0",,"51","39","15.0","23.0",
"USW00094728","2020-03-06","7.61","0.37",,"0.0","0.0",,"45","37","17.0","29.1",
"USW00094728","2020-03-07","7.61","0.00",,"0.0","0.0",,"48","36","17.0","28.0",
"USW00094728","2020-03-08","6.71","0.00",,"0.0","0.0",,"59","35","15.0","23.0",
"USW00094728","2020-03-09","7.38","0.00",,"0.0","0.0",,"72","47","15.0","28.0",
"USW00094728","2020-03-10","7.61","0.00",,"0.0","0.0",,"65","54","17.0","27.1",
"USW00094728","2020-03-11","4.70","0.00",,"0.0","0.0",,"57","43","17.0","25.9",
"USW00094728","2020-03-12","5.14","0.03",,"0.0","0.0",,"50","43","12.1","16.1",
"USW00094728","2020-03-13","8.72","0.26",,"0.0","0.0",,"70","45","21.0","33.1",
"USW00094728","2020-03-14","7.38","0.00",,"0.0","0.0",,"57","43","18.1","30.0",
"USW00094728","2020-03-15","6.26","0.00",,"0.0","0.0",,"54","40","15.0","21.9",
"USW00094728","2020-03-16","8.95","0.00",,"0.0","0.0",,"45","33","16.1","25.9",
"USW00094728","2020-03-17","4.25","0.16",,"0.0","0.0",,"54","41","14.1","21.0",
"USW00094728","2020-03-18","4.47","0.00",,"0.0","0.0",,"54","41","13.0","19.0",
"USW00094728","2020-03-19","4.70","0.93",,"0.0","0.0",,"52","41","16.1","21.0",
"USW00094728","2020-03-20","5.82","0.00",,"0.0","0.0",,"77","47","18.1","34.0",
"USW00094728","2020-03-21","7.83","0.00",,"0.0","0.0",,"65","40","16.1","23.0",
"USW00094728","2020-03-22","10.07","0.00",,"0.0","0.0",,"45","33","17.0","25.1",
"USW00094728","2020-03-23","9.17","1.16",,"0.0","0.0",,"41","36","19.9","31.1",
"USW00094728","2020-03-24","6.71","0.00",,"0.0","0.0",,"55","36","15.0","19.9",
"USW00094728","2020-03-25","9.84","0.01",,"0.0","0.0",,"45","40","21.9","33.1",
"USW00094728","2020-03-26","4.47","0.00",,"0.0","0.0",,"60","38","14.1","19.9",
"USW00094728","2020-03-27","4.92","0.00",,"0.0","0.0",,"69","50","13.0","19.9",
"USW00094728","2020-03-28","7.38","0.45",,"0.0","0.0",,"54","44","17.0","25.1",
"USW00094728","2020-03-29","11.63","0.05",,"0.0","0.0",,"47","44","21.0","29.1",
"USW00094728","2020-03-30","4.70","0.04",,"0.0","0.0",,"52","41","13.0","16.1",
"USW00094728","2020-03-31","6.71","0.06",,"0.0","0.0",,"49","41","16.1","21.0",
"USW00094728","2020-04-01","7.61","0.00",,"0.0","0.0",,"56","38","17.0","23.0",
"USW00094728","2020-04-02","9.40","0.00",,"0.0","0.0",,"58","38","21.0","35.1",
"USW00094728","2020-04-03","8.72","0.13",,"0.0","0.0",,"52","45","17.0","25.1",
"USW00094728","2020-04-04","4.25","0.02",,"0.0","0.0",,"62","46","15.0","23.0",
"USW00094728","2020-04-05","2.46","0.00",,"0.0","0.0",,"65","47","10.1","16.1",
"USW00094728","2020-04-06","5.82","0.07",,"0.0","0.0",,"66","49","13.0","19.0",
"USW00094728","2020-04-07","3.80","0.00",,"0.0","0.0",,"68","52","15.0","21.0",
"USW00094728","2020-04-08","3.80","0.20",,"0.0","0.0",,"64","49","10.1","16.1",
"USW00094728","2020-04-09","7.83","0.12",,"0.0","0.0",,"59","43","23.9","38.9",
"USW00094728","2020-04-10","10.07","0.01",,"0.0","0.0",,"49","37","25.1","38.9",
"USW00094728","2020-04-11","8.95","0.00",,"0.0","0.0",,"56","38","18.1","25.9",
"USW00094728","2020-04-12","5.82","0.00",,"0.0","0.0",,"63","44","16.1","25.1",
"USW00094728","2020-04-13","7.83","1.92",,"0.0","0.0",,"67","53","18.1","38.0",
"USW00094728","2020-04-14","6.26","0.00",,"0.0","0.0",,"60","47","15.0","23.9",
"USW00094728","2020-04-15","6.26","0.00",,"0.0","0.0",,"54","42","14.1","25.1",
"USW00094728","2020-04-16","9.17","0.00",,"0.0","0.0",,"50","38","17.0","30.0",
"USW00094728","2020-04-17","5.37","0.07",,"0.0","0.0",,"51","36","14.1","21.9",
"USW00094728","2020-04-18","5.82","0.22",,"0.0","0.0",,"46","41","14.1","19.9",
"USW00094728","2020-04-19","7.38","0.00",,"0.0","0.0",,"63","40","15.0","25.9",
"USW00094728","2020-04-20","4.70","0.00",,"0.0","0.0",,"57","48","13.0","21.0",
"USW00094728","2020-04-21","7.16","0.18",,"0.0","0.0",,"61","39","23.0","36.0",
"USW00094728","2020-04-22","8.05","0.00",,"0.0","0.0",,"51","36","19.9","31.1",
"USW00094728","2020-04-23","3.80","0.13",,"0.0","0.0",,"52","40","8.9","15.0",
"USW00094728","2020-04-24","7.16","0.48",,"0.0","0.0",,"49","42","17.0","28.0",
"USW00094728","2020-04-25","3.36","0.00",,"0.0","0.0",,"65","44","14.1","19.9",
"USW00094728","2020-04-26","10.51","0.22",,"0.0","0.0",,"51","42","25.9","40.0",
"USW00094728","2020-04-27","7.38","0.00",,"0.0","0.0",,"50","39","16.1","23.9",
"USW00094728","2020-04-28","3.80","0.00",,"0.0","0.0",,"67","41","12.1","19.9",
"USW00094728","2020-04-29","6.71","0.01",,"0.0","0.0",,"59","47","16.1","23.0",
"USW00094728","2020-04-30","9.17","0.71",,"0.0","0.0",,"60","49","18.1","36.0",
"USW00094728","2020-05-01","3.80","0.21",,"0.0","0.0",,"66","53","14.1","23.0",
"USW00094728","2020-05-02","6.04","0.00",,"0.0","0.0",,"73","51","15.0","23.0",
"USW00094728","2020-05-03","5.59","0.04",,"0.0","0.0",,"80","54","14.1","21.0",
"USW00094728","2020-05-04","5.82","0.00",,"0.0","0.0",,"75","50","18.1","36.9",
"USW00094728","2020-05-05","6.71","0.00",,"0.0","0.0",,"63","46","14.1","21.9",
"USW00094728","2020-05-06","5.59","0.06",,"0.0","0.0",,"52","45","14.1","19.9",
"USW00094728","2020-05-07","6.04","0.00",,"0.0","0.0",,"67","46","14.1","23.0",
"USW00094728","2020-05-08","4.25","0.45",,"0.0","0.0",,"57","36","15.0","25.9",
"USW00094728","2020-05-09","8.95","0.03",,"0.0","0.0",,"48","34","21.0","36.0",
"USW00094728","2020-05-10","7.38","0.00",,"0.0","0.0",,"64","39","18.1","29.1",
"USW00094728","2020-05-11","5.82","0.05",,"0.0","0.0",,"61","44","19.9","36.0",
"USW00094728","2020-05-12","7.83","0.00",,"0.0","0.0",,"59","43","17.0","29.1",
"USW00094728","2020-05-13","5.37","0.00",,"0.0","0.0",,"64","41","13.0","23.0",
"USW00094728","2020-05-14","2.24","0.00",,"0.0","0.0",,"67","47","10.1","19.0",
"USW00094728","2020-05-15","4.92","0.07",,"0.0","0.0",,"84","60","14.1","23.0",
"USW00094728","2020-05-16","3.80","0.01",,"0.0","0.0",,"77","59","12.1","19.9",
"USW00094728","2020-05-17","3.13","0.00",,"0.0","0.0",,"69","55","10.1","16.1",
"USW00094728","2020-05-18",,"0.00",,"0.0","0.0",,"70","54",,,
"USW00094728","2020-05-19",,"0.00",,"0.0","0.0",,"68","53",,,
"USW00094728","2020-05-20",,"0.00",,"0.0","0.0",,"66","49",,,
"USW00094728","2020-05-21",,"0.00",,"0.0","0.0",,"68","46",,,
"USW00094728","2020-05-22",,"0.03",,"0.0","0.0",,"77","54",,,
"USW00094728","2020-05-23",,"0.65",,"0.0","0.0",,"67","55",,,
"USW00094728","2020-05-24",,"0.00",,"0.0","0.0",,"67","52",,,
"USW00094728","2020-05-25",,"0.00",,"0.0","0.0",,"71","55",,,
"USW00094728","2020-05-26",,"0.00",,"0.0","0.0",,"78","58",,,
"USW00094728","2020-05-27",,"0.00",,"0.0","0.0",,"79","60",,,
"USW00094728","2020-05-28",,"0.00",,"0.0","0.0",,"76","64",,,
"USW00094728","2020-05-29",,"0.03",,"0.0","0.0",,"81","67",,,
"USW00094728","2020-05-30",,"0.02",,"0.0","0.0",,"81","67",,,
"USW00094728","2020-05-31",,"0.00",,"0.0","0.0",,"70","56",,,
"USW00094728","2020-06-01",,"0.00",,"0.0","0.0",,"70","51",,,
"USW00094728","2020-06-02",,"0.00",,"0.0","0.0",,"72","59",,,
"USW00094728","2020-06-03",,"0.45",,"0.0","0.0",,"79","60",,,
"USW00094728","2020-06-04",,"0.16",,"0.0","0.0",,"84","66",,,
"USW00094728","2020-06-05",,"0.26",,"0.0","0.0",,"79","69",,,
"USW00094728","2020-06-06",,"0.06",,"0.0","0.0",,"86","70",,,
"USW00094728","2020-06-07",,"0.00",,"0.0","0.0",,"76","63",,,
"USW00094728","2020-06-08",,"0.00",,"0.0","0.0",,"79","59",,,
"USW00094728","2020-06-09",,"0.00",,"0.0","0.0",,"87","65",,,
"USW00094728","2020-06-10",,"0.00",,"0.0","0.0",,"85","70",,,
"USW00094728","2020-06-11",,"0.05",,"0.0","0.0",,"84","70",,,
"USW00094728","2020-06-12",,"0.00",,"0.0","0.0",,"85","69",,,
"USW00094728","2020-06-13",,"0.00",,"0.0","0.0",,"75","59",,,
"USW00094728","2020-06-14",,"0.00",,"0.0","0.0",,"74","54",,,
"USW00094728","2020-06-15",,"0.00",,"0.0","0.0",,"75","59",,,
"USW00094728","2020-06-16",,"0.00",,"0.0","0.0",,"78","60",,,
"USW00094728","2020-06-17",,"0.00",,"0.0","0.0",,"78","60",,,
"USW00094728","2020-06-18",,"0.00",,"0.0","0.0",,"77","65",,,
"USW00094728","2020-06-19","2.46","0.00",,"0.0","0.0",,"83","65","6.9","12.1",
"USW00094728","2020-06-20","1.79","0.00",,"0.0","0.0",,"86","70","6.9","27.1",
"USW00094728","2020-06-21","2.46","0.00",,"0.0","0.0",,"88","70","10.1","23.9",
"USW00094728","2020-06-22","2.91","0.00",,"0.0","0.0",,"90","72","8.1","19.9",
"USW00094728","2020-06-23","2.46","0.00",,"0.0","0.0",,"87","74","13.0","23.9",
"USW00094728","2020-06-24","4.25","0.00",,"0.0","0.0",,"86","74","12.1","17.0",
"USW00094728","2020-06-25","2.91","0.00",,"0.0","0.0",,"87","72","8.1","21.9",
"USW00094728","2020-06-26","3.58","0.00",,"0.0","0.0",,"87","69","8.9","15.0",
"USW00094728","2020-06-27","2.68","0.09",,"0.0","0.0",,"80","72","12.1","21.0",
"USW00094728","2020-06-28","2.24","0.11",,"0.0","0.0",,"90","70","12.1","21.9",
"USW00094728","2020-06-29","3.36","0.58",,"0.0","0.0",,"87","65","33.1","47.0",
"USW00094728","2020-06-30","3.13","0.00",,"0.0","0.0",,"80","67","12.1","16.1",
"USW00094728","2020-07-01","2.24","0.03",,"0.0","0.0",,"80","67","12.1","16.1",
"USW00094728","2020-07-02","3.36","0.00",,"0.0","0.0",,"92","68","12.1","19.0",
"USW00094728","2020-07-03","3.58","0.13",,"0.0","0.0",,"90","71","15.0","21.0",
"USW00094728","2020-07-04","4.47","0.00",,"0.0","0.0",,"87","68","10.1","15.0",
"USW00094728","2020-07-05","2.46","0.00",,"0.0","0.0",,"92","72","10.1",,
"USW00094728","2020-07-06","2.91","0.54",,"0.0","0.0",,"96","70","17.0","31.1",
"USW00094728","2020-07-07","4.25","0.00",,"0.0","0.0",,"82","72","10.1","15.0",
"USW00094728","2020-07-08","2.46","0.02",,"0.0","0.0",,"83","75","21.0","21.9",
"USW00094728","2020-07-09","2.68","0.00",,"0.0","0.0",,"89","75","8.9","17.0",
"USW00094728","2020-07-10","7.16","2.54",,"0.0","0.0",,"77","73","17.0","31.1",
"USW00094728","2020-07-11","3.36","0.76",,"0.0","0.0",,"83","72","12.1","21.9",
"USW00094728","2020-07-12","4.92","0.04",,"0.0","0.0",,"87","71","12.1","21.0",
"USW00094728","2020-07-13","4.03","0.02",,"0.0","0.0",,"86","70","13.0","19.0",
"USW00094728","2020-07-14","4.70","0.00",,"0.0","0.0",,"85","70","12.1","18.1",
"USW00094728","2020-07-15","5.82","0.00",,"0.0","0.0",,"82","70","13.0","17.0",
"USW00094728","2020-07-16","3.80","0.00",,"0.0","0.0",,"78","69","12.1","19.9",
"USW00094728","2020-07-17","2.01","0.03",,"0.0","0.0",,"84","69","8.1","23.0",
"USW00094728","2020-07-18","1.34","0.00",,"0.0","0.0",,"91","72","6.9","19.9",
"USW00094728","2020-07-19","4.25","0.00",,"0.0","0.0",,"94","77","8.1","27.1",
"USW00094728","2020-07-20","3.80","0.00",,"0.0","0.0",,"93","81","13.0","21.9",
"USW00094728","2020-07-21","1.79","0.00",,"0.0","0.0",,"91","77","8.9","14.1",
"USW00094728","2020-07-22","2.91","1.42",,"0.0","0.0",,"92","72","23.0","35.1",
"USW00094728","2020-07-23","4.47","0.00",,"0.0","0.0",,"86","73","12.1","18.1",
"USW00094728","2020-07-24","3.13","0.19",,"0.0","0.0",,"80","72","13.0","19.9",
"USW00094728","2020-07-25","3.80","0.00",,"0.0","0.0",,"88","72","8.9","15.0",
"USW00094728","2020-07-26","5.37","0.00",,"0.0","0.0",,"92","77","14.1","21.0",
"USW00094728","2020-07-27","5.14","0.00",,"0.0","0.0",,"93","76","14.1","21.9",
"USW00094728","2020-07-28","4.70","0.00",,"0.0","0.0",,"93","80","14.1","23.0",
"USW00094728","2020-07-29","1.57","0.00",,"0.0","0.0",,"90","77","8.9","25.1",
"USW00094728","2020-07-30","2.91","0.08",,"0.0","0.0",,"92","74","12.1","19.0",
"USW00094728","2020-07-31","1.57","0.78",,"0.0","0.0",,"82","70","14.1","21.9",
"USW00094728","2020-08-01","2.24","0.00",,"0.0","0.0",,"88","71","8.9","21.9",
"USW00094728","2020-08-02","4.03","0.00",,"0.0","0.0",,"89","77","12.1","19.9",
"USW00094728","2020-08-03","4.47","0.54",,"0.0","0.0",,"88","70","15.0","23.9",
"USW00094728","2020-08-04","7.16","0.55",,"0.0","0.0",,"79","70","25.1","48.1",
"USW00094728","2020-08-05","4.25","0.00",,"0.0","0.0",,"86","73","13.0","21.0",
"USW00094728","2020-08-06","2.24","0.00",,"0.0","0.0",,"82","71","8.1","14.1",
"USW00094728","2020-08-07","4.03","0.46",,"0.0","0.0",,"81","66","12.1","18.1",
"USW00094728","2020-08-08","2.46","0.00",,"0.0","0.0",,"83","68","8.9","15.0",
"USW00094728","2020-08-09","3.58","0.00",,"0.0","0.0",,"87","72","8.9","16.1",
"USW00094728","2020-08-10","4.70","0.00",,"0.0","0.0",,"92","76","10.1","18.1",
"USW00094728","2020-08-11","3.36","0.00",,"0.0","0.0",,"88","78","13.0","25.1",
"USW00094728","2020-08-12","2.46","1.76",,"0.0","0.0",,"90","72","13.0","19.0",
"USW00094728","2020-08-13","2.01","0.24",,"0.0","0.0",,"79","72","8.9","13.0",
"USW00094728","2020-08-14","5.82","0.00",,"0.0","0.0",,"86","73","15.0","21.0",
"USW00094728","2020-08-15","6.26","0.00",,"0.0","0.0",,"84","71","15.0","23.0",
"USW00094728","2020-08-16","7.83","0.21",,"0.0","0.0",,"72","67","15.0","23.0",
"USW00094728","2020-08-17","2.46","0.14",,"0.0","0.0",,"81","64","10.1","19.0",
"USW00094728","2020-08-18","2.91","0.20",,"0.0","0.0",,"82","63","13.0","23.0",
"USW00094728","2020-08-19","3.13","0.14",,"0.0","0.0",,"75","66","8.9","14.1",
"USW00094728","2020-08-20","3.13","0.00",,"0.0","0.0",,"80","62","8.9","14.1",
"USW00094728","2020-08-21","6.04","0.00",,"0.0","0.0",,"83","68","13.0","19.0",
"USW00094728","2020-08-22","4.03","0.00",,"0.0","0.0",,"88","73","12.1","18.1",
"USW00094728","2020-08-23","2.46","0.00",,"0.0","0.0",,"86","74","8.9","13.0",
"USW00094728","2020-08-24","3.13","0.00",,"0.0","0.0",,"90","75","12.1",,
"USW00094728","2020-08-25","5.59","0.36",,"0.0","0.0",,"89","71","21.0","35.1",
"USW00094728","2020-08-26","6.26","0.00",,"0.0","0.0",,"77","67","16.1","25.9",
"USW00094728","2020-08-27","3.58","0.42",,"0.0","0.0",,"90","66","17.0","32.0",
"USW00094728","2020-08-28","3.58","0.00",,"0.0","0.0",,"85","71","12.1","23.0",
"USW00094728","2020-08-29","4.25","0.01",,"0.0","0.0",,"81","72","14.1","19.0",
"USW00094728","2020-08-30","7.61","0.00",,"0.0","0.0",,"79","67","15.0","23.0",
"USW00094728","2020-08-31","3.36","0.00",,"0.0","0.0",,"77","63","8.9","14.1",
"USW00094728","2020-09-01","3.80","0.23",,"0.0","0.0",,"77","66","12.1","17.0",
"USW00094728","2020-09-02","2.91","0.14",,"0.0","0.0",,"79","69","8.1","13.0",
"USW00094728","2020-09-03","2.91","0.71",,"0.0","0.0",,"85","70","10.1","15.0",
"USW00094728","2020-09-04","4.47","0.00",,"0.0","0.0",,"85","69","12.1","18.1",
"USW00094728","2020-09-05","3.80","0.00",,"0.0","0.0",,"80","65","10.1","16.1",
"USW00094728","2020-09-06","3.58","0.00",,"0.0","0.0",,"82","66","8.9","19.0",
"USW00094728","2020-09-07","2.46","0.00",,"0.0","0.0",,"79","66","12.1","19.9",
"USW00094728","2020-09-08","2.01","0.00",,"0.0","0.0",,"84","68","8.1","13.0",
"USW00094728","2020-09-09","2.46","0.00",,"0.0","0.0",,"81","69","6.9","11.0",
"USW00094728","2020-09-10","2.68","1.20",,"0.0","0.0",,"82","73","10.1","15.0",
"USW00094728","2020-09-11","5.59","0.00",,"0.0","0.0",,"76","64","14.1","23.0",
"USW00094728","2020-09-12","5.37","0.00",,"0.0","0.0",,"74","61","12.1","18.1",
"USW00094728","2020-09-13","2.91","0.00",,"0.0","0.0",,"74","61","10.1","18.1",
"USW00094728","2020-09-14","4.92","0.00",,"0.0","0.0",,"75","59","15.0","23.0",
"USW00094728","2020-09-15","3.80","0.00",,"0.0","0.0",,"66","54","15.0","25.1",
"USW00094728","2020-09-16","2.68","0.00",,"0.0","0.0",,"71","56","8.9","19.0",
"USW00094728","2020-09-17","2.01","0.00",,"0.0","0.0",,"75","64","10.1","14.1",
"USW00094728","2020-09-18","8.28","0.00",,"0.0","0.0",,"70","55","16.1","27.1",
"USW00094728","2020-09-19","6.93","0.00",,"0.0","0.0",,"63","50","17.0","27.1",
"USW00094728","2020-09-20","6.49","0.00",,"0.0","0.0",,"65","50","15.0","21.0",
"USW00094728","2020-09-21","4.70","0.00",,"0.0","0.0",,"65","49","15.0","23.0",
"USW00094728","2020-09-22","3.80","0.00",,"0.0","0.0",,"71","48","13.0","19.0",
"USW00094728","2020-09-23","5.14","0.00",,"0.0","0.0",,"79","57","15.0","23.9",
"USW00094728","2020-09-24","2.68","0.00",,"0.0","0.0",,"75","62","8.9","15.0",
"USW00094728","2020-09-25","2.01","0.00",,"0.0","0.0",,"77","62","6.9","12.1",
"USW00094728","2020-09-26","2.91","0.00",,"0.0","0.0",,"74","65","8.9","16.1",
"USW00094728","2020-09-27","2.68","0.03",,"0.0","0.0",,"79","67","8.9","13.0",
"USW00094728","2020-09-28","2.91","0.02",,"0.0","0.0",,"77","69","8.9","16.1",
"USW00094728","2020-09-29","3.80","0.47",,"0.0","0.0",,"74","67","10.1","21.9",
"USW00094728","2020-09-30","6.26","1.14",,"0.0","0.0",,"71","60","17.0","28.0",
"USW00094728","2020-10-01","3.80","0.00",,"0.0","0.0",,"72","60","12.1","19.9",
"USW00094728","2020-10-02","3.80","0.04",,"0.0","0.0",,"65","53","8.9","16.1",
"USW00094728","2020-10-03","4.47","0.00",,"0.0","0.0",,"66","52","12.1","15.0",
"USW00094728","2020-10-04","4.03","0.00",,"0.0","0.0",,"67","51","12.1","16.1",
"USW00094728","2020-10-05","2.68","0.00",,"0.0","0.0",,"70","53","8.9","13.0",
"USW00094728","2020-10-06","3.13","0.00",,"0.0","0.0",,"69","57","12.1","19.0",
"USW00094728","2020-10-07","8.28","0.02",,"0.0","0.0",,"74","60","16.1","28.0",
"USW00094728","2020-10-08","7.83","0.00",,"0.0","0.0",,"64","53","17.0","25.9",
"USW00094728","2020-10-09","2.46","0.00",,"0.0","0.0",,"69","50","13.0","21.0",
"USW00094728","2020-10-10","6.04","0.00",,"0.0","0.0",,"71","58","14.1","25.9",
"USW00094728","2020-10-11","5.82","0.00",,"0.0","0.0",,"67","57","14.1","21.9",
"USW00094728","2020-10-12","8.72","0.96",,"0.0","0.0",,"57","49","17.0","29.1",
"USW00094728","2020-10-13","6.26","0.34",,"0.0","0.0",,"58","53","15.0","21.0",
"USW00094728","2020-10-14","4.25","0.00",,"0.0","0.0",,"67","50","10.1","15.0",
"USW00094728","2020-10-15","4.70","0.00",,"0.0","0.0",,"71","57","12.1","23.9",
"USW00094728","2020-10-16","4.47","1.36",,"0.0","0.0",,"66","47","15.0","25.9",
"USW00094728","2020-10-17","3.58","0.01",,"0.0","0.0",,"59","44","12.1","16.1",
"USW00094728","2020-10-18","3.80","0.00",,"0.0","0.0",,"62","46","13.0","21.9",
"USW00094728","2020-10-19","2.46","0.00",,"0.0","0.0",,"65","51","8.9","19.0",
"USW00094728","2020-10-20","1.57","0.00",,"0.0","0.0",,"71","57","6.9","11.0",
"USW00094728","2020-10-21","1.34","0.00",,"0.0","0.0",,"68","59","8.1","12.1",
"USW00094728","2020-10-22","0.89","0.00",,"0.0","0.0",,"68","64","8.1","15.0",
"USW00094728","2020-10-23","1.12","0.00",,"0.0","0.0",,"69","63","6.9",,
"USW00094728","2020-10-24","4.47","0.00",,"0.0","0.0",,"69","48","13.0","19.9",
"USW00094728","2020-10-25","5.82","0.02",,"0.0","0.0",,"53","45","14.1","19.0",
"USW00094728","2020-10-26","4.03","0.02",,"0.0","0.0",,"59","51","13.0","21.9",
"USW00094728","2020-10-27","2.91","0.00",,"0.0","0.0",,"59","52","12.1","16.1",
"USW00094728","2020-10-28","2.68","0.11",,"0.0","0.0",,"57","52","8.1","13.0",
"USW00094728","2020-10-29","8.95","1.53",,"0.0","0.0",,"56","46","19.9","30.0",
"USW00094728","2020-10-30","7.61","0.64",,"0.0","0.0",,"47","37","19.9","35.1",
"USW00094728","2020-10-31","2.68","0.00",,"0.0","0.0",,"46","32","8.9","13.0",
"USW00094728","2020-11-01","5.82","0.40",,"0.0","0.0",,"55","43","19.9","35.1",
"USW00094728","2020-11-02","10.51","0.00",,"0.0","0.0",,"44","38","23.0","42.9",
"USW00094728","2020-11-03","8.72","0.00",,"0.0","0.0",,"53","40","19.9","29.1",
"USW00094728","2020-11-04","3.36","0.00",,"0.0","0.0",,"62","40","10.1","21.0",
"USW00094728","2020-11-05","4.03","0.00",,"0.0","0.0",,"67","52","14.1","19.9",
"USW00094728","2020-11-06","4.70","0.00",,"0.0","0.0",,"70","56","12.1","17.0",
"USW00094728","2020-11-07","3.58","0.00",,"0.0","0.0",,"74","56","8.1","14.1",
"USW00094728","2020-11-08","1.79","0.00",,"0.0","0.0",,"75","56","6.9","10.1",
"USW00094728","2020-11-09","1.34","0.00",,"0.0","0.0",,"75","54","10.1","15.0",
"USW00094728","2020-11-10","5.14","0.00",,"0.0","0.0",,"74","60","13.0","19.0",
"USW00094728","2020-11-11","2.91","0.78",,"0.0","0.0",,"72","64","13.0","19.0",
"USW00094728","2020-11-12","6.71","0.24",,"0.0","0.0",,"68","46","17.0","25.9",
"USW00094728","2020-11-13","4.03","0.19",,"0.0","0.0",,"50","47","12.1","17.0",
"USW00094728","2020-11-14","4.70","0.00",,"0.0","0.0",,"52","42","14.1","21.0",
"USW00094728","2020-11-15","7.38","0.07",,"0.0","0.0",,"64","41","23.0","40.9",
"USW00094728","2020-11-16","6.71","0.00",,"0.0","0.0",,"55","44","18.1","28.0",
"USW00094728","2020-11-17","7.16","0.00",,"0.0","0.0",,"50","36","21.0","30.0",
"USW00094728","2020-11-18","9.17","0.00",,"0.0","0.0",,"36","30","21.0","33.1",
"USW00094728","2020-11-19","5.14","0.00",,"0.0","0.0",,"48","30","16.1","27.1",
"USW00094728","2020-11-20","6.04","0.00",,"0.0","0.0",,"63","45","15.0","25.1",
"USW00094728","2020-11-21","4.25","0.00",,"0.0","0.0",,"64","49","13.0","19.0",
"USW00094728","2020-11-22","7.61","0.00",,"0.0","0.0",,"59","44","15.0","19.9",
"USW00094728","2020-11-23","7.38","0.54",,"0.0","0.0",,"60","42","21.9","35.1",
"USW00094728","2020-11-24","5.82","0.00",,"0.0","0.0",,"48","41","14.1","19.9",
"USW00094728","2020-11-25","3.80","0.00",,"0.0","0.0",,"56","45","12.1","18.1",
"USW00094728","2020-11-26","4.70","0.79",,"0.0","0.0",,"65","55","13.0","19.9",
"USW00094728","2020-11-27","3.36","0.00",,"0.0","0.0",,"63","51","8.9","14.1",
"USW00094728","2020-11-28","4.92","0.00",,"0.0","0.0",,"56","44","14.1","21.9",
"USW00094728","2020-11-29","2.24","0.00",,"0.0","0.0",,"54","41","8.9","14.1",
"USW00094728","2020-11-30","6.26","0.98",,"0.0","0.0",,"63","50","19.9","35.1",
"USW00094728","2020-12-01","5.82","0.00",,"0.0","0.0",,"62","37","21.9","34.0",
"USW00094728","2020-12-02","10.51","0.00",,"0.0","0.0",,"43","36","19.9","31.1",
"USW00094728","2020-12-03","6.71","0.00",,"0.0","0.0",,"50","35","14.1","21.9",
"USW00094728","2020-12-04","4.92","0.11",,"0.0","0.0",,"52","44","16.1","23.0",
"USW00094728","2020-12-05","8.72","1.02",,"0.0","0.0",,"47","39","21.9","35.1",
"USW00094728","2020-12-06","10.74","0.00",,"0.0","0.0",,"40","33","21.0","34.0",
"USW00094728","2020-12-07","6.04","0.00",,"0.0","0.0",,"40","32","13.0","19.9",
"USW00094728","2020-12-08","8.50","0.00",,"0.0","0.0",,"36","30","16.1","23.9",
"USW00094728","2020-12-09","6.49","0.05",,"0.0","0.0",,"38","31","17.0","23.9",
"USW00094728","2020-12-10","6.26","0.00",,"0.0","0.0",,"49","36","16.1","23.0",
"USW00094728","2020-12-11","3.58","0.00",,"0.0","0.0",,"57","39","12.1","19.0",
"USW00094728","2020-12-12","3.80","0.00",,"0.0","0.0",,"58","46","12.1","19.9",
"USW00094728","2020-12-13","6.93","0.00",,"0.0","0.0",,"62","47","15.0","25.1",
"USW00094728","2020-12-14","4.47","0.26",,"0.0","0.0",,"47","35","17.0","25.1",
"USW00094728","2020-12-15","7.61","0.00",,"0.0","0.0",,"39","30","16.1","23.0",
"USW00094728","2020-12-16","11.18","0.86",,"6.5","0.0",,"31","24","23.9","38.0",
"USW00094728","2020-12-17","9.40","0.66",,"4.0","9.1",,"33","24","21.9","40.0",
"USW00094728","2020-12-18","6.49","0.00",,"0.0","7.9",,"32","24","13.0","19.9",
"USW00094728","2020-12-19","2.91","0.00",,"0.0","7.1",,"32","20","12.1","15.0",
"USW00094728","2020-12-20","2.24","0.01",,"0.0","5.9",,"40","31","12.1","18.1",
"USW00094728","2020-12-21","3.58","0.00",,"0.0","5.1",,"46","37","15.0","21.0",
"USW00094728","2020-12-22","6.93","0.00",,"0.0","3.1",,"46","38","21.0","31.1",
"USW00094728","2020-12-23","4.92","0.00",,"0.0","2.0",,"45","36","14.1","21.9",
"USW00094728","2020-12-24","8.50","0.24",,"0.0","1.2",,"59","43","18.1","36.0",
"USW00094728","2020-12-25","10.51","0.92",,"0.0","0.0",,"61","29","23.9","47.0",
"USW00094728","2020-12-26","9.40","0.00",,"0.0","0.0",,"32","24","19.9","27.1",
"USW00094728","2020-12-27","4.03","0.00",,"0.0","0.0",,"37","24","10.1","14.1",
"USW00094728","2020-12-28","5.37","0.00",,"0.0","0.0",,"50","35","13.0","19.0",
"USW00094728","2020-12-29","8.95","0.00",,"0.0","0.0",,"43","30","19.9","30.0",
"USW00094728","2020-12-30","5.14","0.00",,"0.0","0.0",,"43","28","16.1","29.1",
"USW00094728","2020-12-31","5.14","0.48",,"0.0","0.0",,"48","36","15.0","21.9",
"USW00094728","2021-01-01","5.59","0.62",,"0.0","0.0",,"40","33","12.1","17.0",
"USW00094728","2021-01-02","6.71","0.05",,"0.0","0.0",,"51","36","21.9","33.1",
"USW00094728","2021-01-03","9.17","0.22",,"0.0","0.0",,"38","34","18.1","27.1",
"USW00094728","2021-01-04","4.47","0.02",,"0.0","0.0",,"43","35","12.1","18.1",
"USW00094728","2021-01-05","4.92","0.00",,"0.0","0.0",,"42","36","12.1","17.0",
"USW00094728","2021-01-06","8.28","0.00",,"0.0","0.0",,"41","34","21.0","31.1",
"USW00094728","2021-01-07","6.93","0.00",,"0.0","0.0",,"41","30","15.0","21.9",
"USW00094728","2021-01-08","6.04","0.00",,"0.0","0.0",,"37","27","13.0","19.0",
"USW00094728","2021-01-09","6.93","0.00",,"0.0","0.0",,"37","24","17.0","28.0",
"USW00094728","2021-01-10","4.25","0.00",,"0.0","0.0",,"41","29","13.0","17.0",
"USW00094728","2021-01-11","2.46","0.00",,"0.0","0.0",,"37","28","8.1","11.0",
"USW00094728","2021-01-12","4.47","0.00",,"0.0","0.0",,"44","33","8.9","12.1",
"USW00094728","2021-01-13","3.13","0.00",,"0.0","0.0",,"43","35","13.0","19.9",
"USW00094728","2021-01-14","2.01","0.00",,"0.0","0.0",,"49","39","8.1","12.1",
"USW00094728","2021-01-15","8.05","0.38",,"0.0","0.0",,"46","38","16.1","23.9",
"USW00094728","2021-01-16","8.50","0.78",,"0.0","0.0",,"47","37","21.9","30.0",
"USW00094728","2021-01-17","8.28","0.00",,"0.0","0.0",,"44","35","18.1","35.1",
"USW00094728","2021-01-18","7.61","0.00",,"0.0","0.0",,"45","37","16.1","23.0",
"USW00094728","2021-01-19","5.82","0.00",,"0.0","0.0",,"43","35","17.0","27.1",
"USW00094728","2021-01-20","7.61","0.02",,"0.0","0.0",,"40","27","21.0","32.0",
"USW00094728","2021-01-21","3.80","0.00",,"0.0","0.0",,"43","25","16.1","23.0",
"USW00094728","2021-01-22","7.61","0.00",,"0.0","0.0",,"45","36","16.1","29.1",
"USW00094728","2021-01-23","11.41","0.00",,"0.0","0.0",,"36","24","23.0","34.0",
"USW00094728","2021-01-24","10.07","0.00",,"0.0","0.0",,"32","22","19.9","32.0",
"USW00094728","2021-01-25","5.14","0.00",,"0.0","0.0",,"37","23","14.1","21.9",
"USW00094728","2021-01-26","7.16","0.10",,"0.1","0.0",,"34","31","15.0","21.0",
"USW00094728","2021-01-27","5.82","0.00",,"0.0","0.0",,"37","31","15.0","23.0",
"USW00094728","2021-01-28","10.29","0.00",,"0.0","0.0",,"34","20","23.0","36.9",
"USW00094728","2021-01-29","13.87","0.00",,"0.0","0.0",,"25","14","25.9","42.9",
"USW00094728","2021-01-30","7.61","0.00",,"0.0","0.0",,"32","17","15.0","21.9",
"USW00094728","2021-01-31","6.71","0.12",,"2.0","0.0",,"26","20","17.0","23.9",
"USW00094728","2021-02-01","14.32","1.85",,"14.8","5.1",,"34","22","19.9","36.0",
"USW00094728","2021-02-02","8.50","0.13",,"0.4","14.2",,"33","30","16.1","23.9",
"USW00094728","2021-02-03","7.61","0.01",,"0.2","13.0",,"37","29","15.0","21.9",
"USW00094728","2021-02-04","6.93","0.00",,"0.0","11.0",,"43","31","16.1","25.1",
"USW00094728","2021-02-05","4.92","0.07",,"0.0","9.1",,"47","37","17.0","25.1",
"USW00094728","2021-02-06","6.93","0.00",,"0.0","7.1",,"44","34","25.1","36.9",
"USW00094728","2021-02-07","6.26","0.39",,"4.5","5.9",,"40","24","15.0","27.1",
"USW00094728","2021-02-08","6.49","0.00",,"0.0","9.8",,"29","17","16.1","25.1",
"USW00094728","2021-02-09","4.92","0.00",,"0.0","9.1",,"33","27","10.1","16.1",
"USW00094728","2021-02-10","4.03","0.01",,"0.0","9.1",,"35","26","10.1","15.0",
"USW00094728","2021-02-11","6.04","0.10",,"1.3","9.1",,"33","26","13.0","18.1",
"USW00094728","2021-02-12","5.37","0.00",,"0.0","7.9",,"30","20","14.1","19.0",
"USW00094728","2021-02-13","6.93","0.00",,"0.0","7.9",,"30","25","17.0","21.0",
"USW00094728","2021-02-14","4.25","0.00",,"0.0","7.9",,"38","27","14.1","18.1",
"USW00094728","2021-02-15","5.82","0.02",,"0.0","7.1",,"36","31","14.1","18.1",
"USW00094728","2021-02-16","7.83","0.82",,"0.0","5.9",,"51","34","19.9","31.1",
"USW00094728","2021-02-17","7.16","0.00",,"0.0","3.1",,"34","22","21.9","31.1",
"USW00094728","2021-02-18","7.83","0.45",,"3.2","2.0",,"30","24","16.1","23.0",
"USW00094728","2021-02-19","6.93","0.14",,"1.2","5.1",,"33","28","17.0","21.9",
"USW00094728","2021-02-20","8.05","0.00",,"0.0","5.9",,"35","26","18.1","27.1",
"USW00094728","2021-02-21","5.82","0.00",,"0.0","5.1",,"37","24","13.0","18.1",
"USW00094728","2021-02-22","3.36","0.52",,"0.4","3.1",,"39","32","14.1","28.0",
"USW00094728","2021-02-23","6.04","0.01",,"0.0","3.1",,"45","36","16.1","25.1",
"USW00094728","2021-02-24","6.49","0.00",,"0.0","2.0",,"54","39","16.1","23.9",
"USW00094728","2021-02-25","8.72","0.00",,"0.0","0.0",,"50","40","21.0","35.1",
"USW00094728","2021-02-26","4.25","0.00",,"0.0","0.0",,"45","33","10.1","18.1",
"USW00094728","2021-02-27","4.70","0.39",,"0.0","0.0",,"50","38","13.0","19.9",
"USW00094728","2021-02-28","5.14","0.22",,"0.0","0.0",,"45","41","14.1","18.1",
"USW00094728","2021-03-01","8.95","0.16",,"0.0","0.0",,"49","31","23.0","38.9",
"USW00094728","2021-03-02","10.74","0.00",,"0.0","0.0",,"33","21","25.1","38.9",
"USW00094728","2021-03-03","6.04","0.00",,"0.0","0.0",,"52","32","15.0","23.0",
"USW00094728","2021-03-04","10.51","0.00",,"0.0","0.0",,"45","27","23.0","35.1",
"USW00094728","2021-03-05","11.63","0.00",,"0.0","0.0",,"37","23","21.0","35.1",
"USW00094728","2021-03-06","8.72","0.00",,"0.0","0.0",,"34","29","17.0","29.1",
"USW00094728","2021-03-07","7.16","0.00",,"0.0","0.0",,"41","29","15.0","21.0",
"USW00094728","2021-03-08","4.92","0.00",,"0.0","0.0",,"43","26","12.1","18.1",
"USW00094728","2021-03-09","7.38","0.00",,"0.0","0.0",,"64","42","15.0","23.9",
"USW00094728","2021-03-10","6.04","0.00",,"0.0","0.0",,"54","41","13.0","19.0",
"USW00094728","2021-03-11","2.68","0.00",,"0.0","0.0",,"71","44","14.1","23.0",
"USW00094728","2021-03-12","7.38","0.00",,"0.0","0.0",,"68","52","18.1","31.1",
"USW00094728","2021-03-13","8.05","0.00",,"0.0","0.0",,"52","33","23.0","36.0",
"USW00094728","2021-03-14","10.96","0.00",,"0.0","0.0",,"54","31","23.9","40.0",
"USW00094728","2021-03-15","8.50","0.00",,"0.0","0.0",,"39","24","25.1","38.0",
"USW00094728","2021-03-16","4.70","0.00",,"0.0","0.0",,"37","29","13.0","16.1",
"USW00094728","2021-03-17","2.91","0.00",,"0.0","0.0",,"47","34","8.1","12.1",
"USW00094728","2021-03-18","6.04","0.60",,"0.0","0.0",,"47","41","17.0","29.1",
"USW00094728","2021-03-19","11.41","0.07",,"0.0","0.0",,"43","31","23.0","35.1",
"USW00094728","2021-03-20","2.68","0.00",,"0.0","0.0",,"59","33","10.1","16.1",
"USW00094728","2021-03-21","3.13","0.00",,"0.0","0.0",,"63","42","10.1","15.0",
"USW00094728","2021-03-22","3.80","0.00",,"0.0","0.0",,"62","42","10.1","15.0",
"USW00094728","2021-03-23","4.70","0.00",,"0.0","0.0",,"66","43","12.1","19.0",
"USW00094728","2021-03-24","4.03","1.27",,"0.0","0.0",,"56","47","10.1","14.1",
"USW00094728","2021-03-25","3.58","0.01",,"0.0","0.0",,"68","49","14.1","19.0",
"USW00094728","2021-03-26","8.05","0.19",,"0.0","0.0",,"82","52","28.0","44.1",
"USW00094728","2021-03-27","5.59","0.00",,"0.0","0.0",,"69","50","15.0","23.9",
"USW00094728","2021-03-28","6.71","0.76",,"0.0","0.0",,"60","48","21.0","32.0",
"USW00094728","2021-03-29","10.07","0.00",,"0.0","0.0",,"55","45","25.9","38.0",
"USW00094728","2021-03-30","6.04","0.00",,"0.0","0.0",,"61","42","16.1","25.1",
"USW00094728","2021-03-31","4.92","0.35",,"0.0","0.0",,"67","50","13.0","19.0",
"USW00094728","2021-04-01","10.74","0.03",,"0.0","0.0",,"58","38","21.0","32.0",
"USW00094728","2021-04-02","9.62","0.00",,"0.0","0.0",,"39","28","16.1","30.0",
"USW00094728","2021-04-03","6.04","0.00",,"0.0","0.0",,"53","32","8.9",,
"USW00094728","2021-04-04","4.03","0.00",,"0.0","0.0",,"65","45","10.1",,
"USW00094728","2021-04-05","8.72","0.00",,"0.0","0.0",,"68","48","14.1","29.1",
"USW00094728","2021-04-06","5.37","0.00",,"0.0","0.0",,"70","47","15.0","21.9",
"USW00094728","2021-04-07","2.91","0.00",,"0.0","0.0",,"72","51","12.1","16.1",
"USW00094728","2021-04-08","4.25","0.00",,"0.0","0.0",,"70","49","13.0","19.9",
"USW00094728","2021-04-09","3.36","0.01",,"0.0","0.0",,"59","49","10.1","15.0",
"USW00094728","2021-04-10","2.91","0.01",,"0.0","0.0",,"70","51","10.1","16.1",
"USW00094728","2021-04-11","7.16","0.42",,"0.0","0.0",,"57","47","19.9","30.0",
"USW00094728","2021-04-12","7.61","0.49",,"0.0","0.0",,"51","45","19.9","31.1",
"USW00094728","2021-04-13","5.14","0.06",,"0.0","0.0",,"65","44","12.1","16.1",
"USW00094728","2021-04-14","2.91","0.00",,"0.0","0.0",,"72","48","13.0","19.9",
"USW00094728","2021-04-15","4.92","0.83",,"0.0","0.0",,"58","45","12.1","23.0",
"USW00094728","2021-04-16","6.71","0.04",,"0.0","0.0",,"53","41","16.1","28.0",
"USW00094728","2021-04-17","5.14","0.00",,"0.0","0.0",,"56","43","13.0","18.1",
"USW00094728","2021-04-18","3.58","0.00",,"0.0","0.0",,"64","49","10.1","17.0",
"USW00094728","2021-04-19","2.91","0.00",,"0.0","0.0",,"65","52","12.1","19.9",
"USW00094728","2021-04-20","4.25","0.00",,"0.0","0.0",,"76","53","16.1","25.9",
"USW00094728","2021-04-21","7.38","0.11",,"0.0","0.0",,"68","39","21.9","36.0",
"USW00094728","2021-04-22","11.86","0.00",,"0.0","0.0",,"48","36","21.9","32.0",
"USW00094728","2021-04-23","7.38","0.00",,"0.0","0.0",,"64","39","16.1","29.1",
"USW00094728","2021-04-24","4.03","0.00",,"0.0","0.0",,"72","52","14.1","23.0",
"USW00094728","2021-04-25","5.37","0.59",,"0.0","0.0",,"63","49","14.1","23.0",
"USW00094728","2021-04-26","8.72","0.00",,"0.0","0.0",,"60","41","18.1","30.0",
"USW00094728","2021-04-27","2.01","0.00",,"0.0","0.0",,"64","46","8.9","13.0",
"USW00094728","2021-04-28","2.46","0.05",,"0.0","0.0",,"85","52","16.1","23.9",
"USW00094728","2021-04-29","2.46","0.02",,"0.0","0.0",,"75","59","13.0","21.0",
"USW00094728","2021-04-30","12.30","0.03",,"0.0","0.0",,"71","46","21.9","44.1",
"USW00094728","2021-05-01","8.50","0.00",,"0.0","0.0",,"65","42","18.1","29.1",
"USW00094728","2021-05-02","7.16","0.00",,"0.0","0.0",,"82","56","21.9","27.1",
"USW00094728","2021-05-03","5.82","0.58",,"0.0","0.0",,"66","52","13.0","18.1",
"USW00094728","2021-05-04","4.92","0.23",,"0.0","0.0",,"73","52","15.0","23.0",
"USW00094728","2021-05-05","4.03","0.31",,"0.0","0.0",,"62","52","14.1","25.9",
"USW00094728","2021-05-06","5.82","0.00",,"0.0","0.0",,"66","50","17.0","27.1",
"USW00094728","2021-05-07","4.70","0.00",,"0.0","0.0",,"66","49","13.0","18.1",
"USW00094728","2021-05-08","3.58","0.05",,"0.0","0.0",,"55","48","13.0","18.1",
"USW00094728","2021-05-09","4.47","0.47",,"0.0","0.0",,"65","46","14.1","21.0",
"USW00094728","2021-05-10","4.70","0.03",,"0.0","0.0",,"60","47","13.0","17.0",
"USW00094728","2021-05-11","6.71","0.00",,"0.0","0.0",,"67","49","16.1","28.0",
"USW00094728","2021-05-12","6.26","0.00",,"0.0","0.0",,"68","46","18.1","27.1",
"USW00094728","2021-05-13","3.80","0.00",,"0.0","0.0",,"72","50","12.1","21.0",
"USW00094728","2021-05-14","4.47","0.00",,"0.0","0.0",,"76","52","10.1","17.0",
"USW00094728","2021-05-15","3.13","0.00",,"0.0","0.0",,"79","55","8.9","17.0",
"USW00094728","2021-05-16","2.01","0.01",,"0.0","0.0",,"75","59","16.1","23.0",
"USW00094728","2021-05-17","3.58","0.00",,"0.0","0.0",,"78","56","10.1","18.1",
"USW00094728","2021-05-18","4.92","0.00",,"0.0","0.0",,"82","60","13.0","21.0",
"USW00094728","2021-05-19","4.92","0.00",,"0.0","0.0",,"86","65","12.1","17.0",
"USW00094728","2021-05-20","2.46","0.00",,"0.0","0.0",,"76","59","10.1","16.1",
"USW00094728","2021-05-21","1.57","0.00",,"0.0","0.0",,"79","58","8.9","15.0",
"USW00094728","2021-05-22","3.36","0.00",,"0.0","0.0",,"89","65","13.0","19.9",
"USW00094728","2021-05-23","7.16","0.00",,"0.0","0.0",,"88","68","21.0","31.1",
"USW00094728","2021-05-24","5.82","0.00",,"0.0","0.0",,"68","59","15.0","21.0",
"USW00094728","2021-05-25","4.47","0.00",,"0.0","0.0",,"73","58","10.1","17.0",
"USW00094728","2021-05-26","4.25","0.07",,"0.0","0.0",,"86","65","16.1","25.1",
"USW00094728","2021-05-27","4.92","0.02",,"0.0","0.0",,"81","65","13.0","19.9",
"USW00094728","2021-05-28","9.62","1.22",,"0.0","0.0",,"69","49","23.9","36.0",
"USW00094728","2021-05-29","11.86","0.46",,"0.0","0.0",,"51","47","21.9","35.1",
"USW00094728","2021-05-30","7.61","0.89",,"0.0","0.0",,"51","47","15.0","23.9",
"USW00094728","2021-05-31","3.80","0.02",,"0.0","0.0",,"70","49","12.1","18.1",
"USW00094728","2021-06-01","1.79","0.00",,"0.0","0.0",,"76","57","10.1","16.1",
"USW00094728","2021-06-02","2.46","0.00",,"0.0","0.0",,"75","62","10.1","17.0",
"USW00094728","2021-06-03","1.34","0.38",,"0.0","0.0",,"74","60","6.9","14.1",
"USW00094728","2021-06-04","3.36","0.39",,"0.0","0.0",,"78","63","17.0","28.0",
"USW00094728","2021-06-05","4.92","0.00",,"0.0","0.0",,"89","66","13.0","21.9",
"USW00094728","2021-06-06","2.91","0.00",,"0.0","0.0",,"92","76","10.1","21.0",
"USW00094728","2021-06-07","2.91","0.07",,"0.0","0.0",,"91","76","8.9","16.1",
"USW00094728","2021-06-08","2.68","0.47",,"0.0","0.0",,"90","72","15.0","23.0",
"USW00094728","2021-06-09","2.91","0.01",,"0.0","0.0",,"90","72","10.1","16.1",
"USW00094728","2021-06-10","6.26","0.00",,"0.0","0.0",,"84","65","16.1","23.9",
"USW00094728","2021-06-11","5.14","0.00",,"0.0","0.0",,"69","62","13.0","17.0",
"USW00094728","2021-06-12","3.80","0.00",,"0.0","0.0",,"69","62","12.1","16.1",
"USW00094728","2021-06-13","2.24","0.01",,"0.0","0.0",,"76","62","8.1","11.0",
"USW00094728","2021-06-14","2.46","0.22",,"0.0","0.0",,"73","64","8.9",,
"USW00094728","2021-06-15","4.70","0.00",,"0.0","0.0",,"80","66","13.0","19.9",
"USW00094728","2021-06-16","4.47","0.00",,"0.0","0.0",,"77","62","13.0","19.9",
"USW00094728","2021-06-17","3.80","0.00",,"0.0","0.0",,"78","57","12.1","16.1",
"USW00094728","2021-06-18","4.70","0.00",,"0.0","0.0",,"84","63","13.0","21.9",
"USW00094728","2021-06-19","4.25","0.14",,"0.0","0.0",,"88","65","15.0","23.9",
"USW00094728","2021-06-20","2.46","0.00",,"0.0","0.0",,"86","66","10.1","16.1",
"USW00094728","2021-06-21","3.80","0.00",,"0.0","0.0",,"86","75","14.1","21.9",
"USW00094728","2021-06-22","4.92","0.24",,"0.0","0.0",,"78","59","13.0","21.9",
"USW00094728","2021-06-23","3.80","0.00",,"0.0","0.0",,"76","55","12.1","18.1",
"USW00094728","2021-06-24","3.80","0.00",,"0.0","0.0",,"77","61","10.1","19.0",
"USW00094728","2021-06-25","2.24","0.00",,"0.0","0.0",,"81","64","8.9","18.1",
"USW00094728","2021-06-26","3.13","0.04",,"0.0","0.0",,"83","68","10.1","17.0",
"USW00094728","2021-06-27","4.70","0.00",,"0.0","0.0",,"90","73","10.1","21.9",
"USW00094728","2021-06-28","4.92","0.00",,"0.0","0.0",,"92","76","14.1","21.0",
"USW00094728","2021-06-29","4.47","0.00",,"0.0","0.0",,"95","78","12.1","21.9",
"USW00094728","2021-06-30","5.14","0.65",,"0.0","0.0",,"98","73","14.1","21.0",
"USW00094728","2021-07-01","2.01","0.90",,"0.0","0.0",,"84","72","12.1","18.1",
"USW00094728","2021-07-02","3.58","0.67",,"0.0","0.0",,"79","62","18.1","25.1",
"USW00094728","2021-07-03","5.82","0.34",,"0.0","0.0",,"66","59","15.0","21.0",
"USW00094728","2021-07-04","2.46","0.00",,"0.0","0.0",,"79","60","8.1","16.1",
"USW00094728","2021-07-05","3.80","0.00",,"0.0","0.0",,"83","67","12.1","16.1",
"USW00094728","2021-07-06","5.82","0.55",,"0.0","0.0",,"92","71","25.1","36.9",
"USW00094728","2021-07-07","2.46","0.00",,"0.0","0.0",,"91","71","10.1","17.0",
"USW00094728","2021-07-08","4.92","2.27",,"0.0","0.0",,"84","71","15.0","23.9",
"USW00094728","2021-07-09","4.03","2.06",,"0.0","0.0",,"85","70","14.1","25.9",
"USW00094728","2021-07-10","2.91","0.27",,"0.0","0.0",,"81","68","8.9","13.0",
"USW00094728","2021-07-11","1.79","0.01",,"0.0","0.0",,"78","70","8.9","15.0",
"USW00094728","2021-07-12","4.92","1.42",,"0.0","0.0",,"86","72","14.1","19.9",
"USW00094728","2021-07-13","5.82","0.00",,"0.0","0.0",,"72","69","12.1","16.1",
"USW00094728","2021-07-14","2.68","0.00",,"0.0","0.0",,"87","69","12.1","21.0",
"USW00094728","2021-07-15","2.68","0.00",,"0.0","0.0",,"89","74","8.1","14.1",
"USW00094728","2021-07-16","2.91","0.00",,"0.0","0.0",,"91","79","10.1","19.0",
"USW00094728","2021-07-17","2.24","0.62",,"0.0","0.0",,"91","73","8.9","16.1",
"USW00094728","2021-07-18","5.37","0.03",,"0.0","0.0",,"84","72","13.0","19.0",
"USW00094728","2021-07-19","3.80","0.01",,"0.0","0.0",,"81","71","12.1","15.0",
"USW00094728","2021-07-20","2.46","0.00",,"0.0","0.0",,"86","73","8.1","12.1",
"USW00094728","2021-07-21","2.01","0.05",,"0.0","0.0",,"80","70","12.1","18.1",
"USW00094728","2021-07-22","3.36","0.00",,"0.0","0.0",,"81","67","8.9","15.0",
"USW00094728","2021-07-23","2.24","0.01",,"0.0","0.0",,"83","67","10.1","16.1",
"USW00094728","2021-07-24","2.46","0.00",,"0.0","0.0",,"84","67","8.1","15.0",
"USW00094728","2021-07-25","2.68","0.49",,"0.0","0.0",,"83","66","14.1","18.1",
"USW00094728","2021-07-26","2.24","0.78",,"0.0","0.0",,"88","72","12.1","17.0",
"USW00094728","2021-07-27","2.91","0.00",,"0.0","0.0",,"89","73","12.1","21.0",
"USW00094728","2021-07-28","3.58","0.14",,"0.0","0.0",,"81","69","14.1","19.0",
"USW00094728","2021-07-29","3.80","0.47",,"0.0","0.0",,"77","69","14.1","28.0",
"USW00094728","2021-07-30","7.61","0.00",,"0.0","0.0",,"82","67","16.1","25.9",
"USW00094728","2021-07-31","2.68","0.00",,"0.0","0.0",,"77","60","10.1","14.1",
"USW00094728","2021-08-01","2.01","0.04",,"0.0","0.0",,"77","66","8.1","15.0",
"USW00094728","2021-08-02","4.70","0.00",,"0.0","0.0",,"80","63","13.0","19.0",
"USW00094728","2021-08-03","1.34","0.00",,"0.0","0.0",,"79","65","6.9","8.9",
"USW00094728","2021-08-04","4.92","0.00",,"0.0","0.0",,"76","67","12.1","18.1",
"USW00094728","2021-08-05","3.80","0.00",,"0.0","0.0",,"81","69","13.0","18.1",
"USW00094728","2021-08-06","3.36","0.00",,"0.0","0.0",,"88","70","8.9","15.0",
"USW00094728","2021-08-07","4.47","0.00",,"0.0","0.0",,"87","73","10.1","16.1",
"USW00094728","2021-08-08","6.71","0.21",,"0.0","0.0",,"77","66","17.0","23.0",
"USW00094728","2021-08-09","4.70","0.00",,"0.0","0.0",,"81","69","12.1","15.0",
"USW00094728","2021-08-10","2.68","0.83",,"0.0","0.0",,"84","71","14.1","28.0",
"USW00094728","2021-08-11","3.36","0.18",,"0.0","0.0",,"89","73","13.0","23.0",
"USW00094728","2021-08-12","3.80","0.00",,"0.0","0.0",,"93","74","17.0","30.0",
"USW00094728","2021-08-13","2.24","0.00",,"0.0","0.0",,"94","78","10.1","17.0",
"USW00094728","2021-08-14","3.80","0.00",,"0.0","0.0",,"88","76","12.1","19.0",
"USW00094728","2021-08-15","3.36","0.00",,"0.0","0.0",,"83","70","13.0","17.0",
"USW00094728","2021-08-16","2.91","0.00",,"0.0","0.0",,"83","69","8.1","13.0",
"USW00094728","2021-08-17","2.68","0.00",,"0.0","0.0",,"81","73","8.9","16.1",
"USW00094728","2021-08-18","2.46","0.00",,"0.0","0.0",,"83","74","12.1","19.9",
"USW00094728","2021-08-19","3.80","0.20",,"0.0","0.0",,"85","75","15.0","23.0",
"USW00094728","2021-08-20","2.46","0.00",,"0.0","0.0",,"82","75","8.1","12.1",
"USW00094728","2021-08-21","2.91","4.45",,"0.0","0.0",,"82","73","14.1","19.9",
"USW00094728","2021-08-22","5.14","2.67",,"0.0","0.0",,"76","70","14.1","21.0",
"USW00094728","2021-08-23","4.25","1.07",,"0.0","0.0",,"83","71","14.1","21.0",
"USW00094728","2021-08-24","2.91","0.00",,"0.0","0.0",,"89","72","10.1","15.0",
"USW00094728","2021-08-25","1.79","0.00",,"0.0","0.0",,"91","72","6.9","10.1",
"USW00094728","2021-08-26","3.13","0.00",,"0.0","0.0",,"91","78","8.9","14.1",
"USW00094728","2021-08-27","2.24","0.67",,"0.0","0.0",,"93","75","15.0","23.0",
"USW00094728","2021-08-28","6.93","0.00",,"0.0","0.0",,"80","68","19.9","29.1",
"USW00094728","2021-08-29","2.91","0.00",,"0.0","0.0",,"76","67","10.1","14.1",
"USW00094728","2021-08-30","2.01","0.00",,"0.0","0.0",,"85","73","8.1","14.1",
"USW00094728","2021-08-31","2.91","0.00",,"0.0","0.0",,"83","73","12.1","17.0",
"USW00094728","2021-09-01","8.50","7.13",,"0.0","0.0",,"78","63","23.0","40.0",
"USW00094728","2021-09-02","5.59","0.10",,"0.0","0.0",,"77","61","15.0","28.0",
"USW00094728","2021-09-03","3.80","0.00",,"0.0","0.0",,"74","59","12.1","14.1",
"USW00094728","2021-09-04","2.24","0.00",,"0.0","0.0",,"79","61","8.1","12.1",
"USW00094728","2021-09-05","2.68","0.02",,"0.0","0.0",,"74","67","8.9","16.1",
"USW00094728","2021-09-06","4.47","0.00",,"0.0","0.0",,"81","69","13.0","21.0",
"USW00094728","2021-09-07","2.24","0.00",,"0.0","0.0",,"79","65","8.9","15.0",
"USW00094728","2021-09-08","3.36","0.00",,"0.0","0.0",,"82","70","10.1","27.1",
"USW00094728","2021-09-09",,"0.26",,"0.0","0.0",,"76","68","21.9","48.1",
"USW00094728","2021-09-10","6.04","0.00",,"0.0","0.0",,"74","63","16.1","30.0",
"USW00094728","2021-09-11","2.01","0.00",,"0.0","0.0",,"76","60","10.1","23.9",
"USW00094728","2021-09-12","4.03","0.00",,"0.0","0.0",,"81","66","13.0","19.9",
"USW00094728","2021-09-13","4.47","0.12",,"0.0","0.0",,"83","67","12.1","19.0",
"USW00094728","2021-09-14","1.57","0.00",,"0.0","0.0",,"80","67","6.9","19.9",
"USW00094728","2021-09-15",,"0.00",,"0.0","0.0",,"85","71",,,
"USW00094728","2021-09-16",,"0.00",,"0.0","0.0",,"76","71",,,
"USW00094728","2021-09-17",,"0.00",,"0.0","0.0",,"75","69",,,
"USW00094728","2021-09-18",,"0.00",,"0.0","0.0",,"84","69",,,
"USW00094728","2021-09-19",,"0.00",,"0.0","0.0",,"76","64",,,
"USW00094728","2021-09-20",,"0.00",,"0.0","0.0",,"75","63",,,
"USW00094728","2021-09-21",,"0.09",,"0.0","0.0",,"76","63",,,
"USW00094728","2021-09-22",,"0.01",,"0.0","0.0",,"79","72",,,
"USW00094728","2021-09-23","5.82","1.37",,"0.0","0.0",,"79","64","10.1","33.1",
"USW00094728","2021-09-24","4.03","0.66",,"0.0","0.0",,"72","57","12.1",,
"USW00094728","2021-09-25","0.89","0.00",,"0.0","0.0",,"75","57","13.0",,
"USW00094728","2021-09-26","5.82","0.00",,"0.0","0.0",,"71","61","13.0","23.9",
"USW00094728","2021-09-27",,"0.00",,"0.0","0.0",,"78","62",,,
"USW00094728","2021-09-28",,"0.27",,"0.0","0.0",,"71","61",,,
"USW00094728","2021-09-29",,"0.00",,"0.0","0.0",,"68","54",,,
"USW00094728","2021-09-30",,"0.00",,"0.0","0.0",,"65","55",,,
"USW00094728","2021-10-01",,"0.00",,"0.0","0.0",,"67","51",,,
"USW00094728","2021-10-02",,"0.00",,"0.0","0.0",,"74","57",,,
"USW00094728","2021-10-03",,"0.00",,"0.0","0.0",,"77","61",,,
"USW00094728","2021-10-04",,"0.15",,"0.0","0.0",,"73","62",,,
"USW00094728","2021-10-05","2.46","0.00",,"0.0","0.0",,"65","60","8.1","11.0",
"USW00094728","2021-10-06","1.34","0.00",,"0.0","0.0",,"69","61","8.1","10.1",
"USW00094728","2021-10-07","1.12","0.00",,"0.0","0.0",,"73","62","6.9","8.9",
"USW00094728","2021-10-08","3.80","0.00",,"0.0","0.0",,"76","61","10.1","17.0",
"USW00094728","2021-10-09","8.50","0.00",,"0.0","0.0",,"67","60","15.0","23.9",
"USW00094728","2021-10-10","9.84","0.11",,"0.0","0.0",,"66","61","16.1","23.9",
"USW00094728","2021-10-11","6.71","0.00",,"0.0","0.0",,"71","61","17.0","27.1",
"USW00094728","2021-10-12","2.68","0.00",,"0.0","0.0",,"69","61","6.9",,
"USW00094728","2021-10-13","1.34","0.00",,"0.0","0.0",,"69","61","6.9","11.0",
"USW00094728","2021-10-14","2.68","0.00",,"0.0","0.0",,"76","62","10.1","14.1",
"USW00094728","2021-10-15","2.24","0.00",,"0.0","0.0",,"79","63","8.9","14.1",
"USW00094728","2021-10-16","4.70","0.25",,"0.0","0.0",,"76","56","19.9","32.0",
"USW00094728","2021-10-17","6.26","0.00",,"0.0","0.0",,"61","51","15.0","23.0",
"USW00094728","2021-10-18","6.71","0.00",,"0.0","0.0",,"58","49","17.0","29.1",
"USW00094728","2021-10-19","5.37","0.00",,"0.0","0.0",,"66","47","14.1","21.9",
"USW00094728","2021-10-20","3.13","0.00",,"0.0","0.0",,"75","56","12.1","19.9",
"USW00094728","2021-10-21","3.80","0.00",,"0.0","0.0",,"73","59","12.1","19.9",
"USW00094728","2021-10-22","4.70","0.00",,"0.0","0.0",,"69","57","13.0","23.0",
"USW00094728","2021-10-23","2.68","0.01",,"0.0","0.0",,"59","48","10.1","16.1",
"USW00094728","2021-10-24","3.13","0.03",,"0.0","0.0",,"59","47","8.1","13.0",
"USW00094728","2021-10-25","3.80","0.23",,"0.0","0.0",,"73","55","14.1","21.9",
"USW00094728","2021-10-26","6.04","3.30",,"0.0","0.0",,"63","54","19.9","29.1",
"USW00094728","2021-10-27","8.50","0.16",,"0.0","0.0",,"61","53","16.1","28.0",
"USW00094728","2021-10-28","4.92","0.00",,"0.0","0.0",,"57","49","12.1","17.0",
"USW00094728","2021-10-29","8.72","0.41",,"0.0","0.0",,"56","47","19.9","35.1",
"USW00094728","2021-10-30","4.47","0.57",,"0.0","0.0",,"64","53","19.9","30.0",
"USW00094728","2021-10-31","5.14","0.04",,"0.0","0.0",,"63","55","13.0","21.0",
"USW00094728","2021-11-01","5.14","0.00",,"0.0","0.0",,"58","50","12.1","21.0",
"USW00094728","2021-11-02","2.91","0.00",,"0.0","0.0",,"53","44","12.1","19.0",
"USW00094728","2021-11-03","4.03","0.00",,"0.0","0.0",,"51","41","13.0","19.9",
"USW00094728","2021-11-04","3.58","0.00",,"0.0","0.0",,"50","39","8.9","10.1",
"USW00094728","2021-11-05","3.80","0.00",,"0.0","0.0",,"51","39","12.1","18.1",
"USW00094728","2021-11-06","2.46","0.00",,"0.0","0.0",,"52","40","8.1","11.0",
"USW00094728","2021-11-07","2.68","0.00",,"0.0","0.0",,"53","40","8.1","13.0",
"USW00094728","2021-11-08","2.68","0.00",,"0.0","0.0",,"63","44","10.1","17.0",
"USW00094728","2021-11-09","2.68","0.00",,"0.0","0.0",,"68","50","8.1","12.1",
"USW00094728","2021-11-10","3.13","0.00",,"0.0","0.0",,"64","49","15.0","21.0",
"USW00094728","2021-11-11","4.70","0.01",,"0.0","0.0",,"61","45","14.1","23.0",
"USW00094728","2021-11-12","5.59","0.48",,"0.0","0.0",,"65","51","14.1","30.0",
"USW00094728","2021-11-13","4.92","0.33",,"0.0","0.0",,"62","40","21.9","40.0",
"USW00094728","2021-11-14","4.03","0.02",,"0.0","0.0",,"48","38","13.0","23.9",
"USW00094728","2021-11-15","6.26","0.00",,"0.0","0.0",,"47","39","18.1","31.1",
"USW00094728","2021-11-16","5.59","0.00",,"0.0","0.0",,"49","36","13.0","21.9",
"USW00094728","2021-11-17","2.68","0.00",,"0.0","0.0",,"57","38","10.1","19.9",
"USW00094728","2021-11-18","5.37","0.09",,"0.0","0.0",,"69","46","17.0","29.1",
"USW00094728","2021-11-19","8.50","0.01",,"0.0","0.0",,"48","39","17.0","27.1",
"USW00094728","2021-11-20","3.13","0.00",,"0.0","0.0",,"47","35","10.1","16.1",
"USW00094728","2021-11-21","3.36","0.01",,"0.0","0.0",,"56","44","13.0","18.1",
"USW00094728","2021-11-22","6.26","0.04",,"0.0","0.0",,"55","35","16.1","23.9",
"USW00094728","2021-11-23","8.95","0.00",,"0.0","0.0",,"42","32","18.1","31.1",
"USW00094728","2021-11-24","4.70","0.00",,"0.0","0.0",,"45","30","13.0","18.1",
"USW00094728","2021-11-25","2.46","0.01",,"0.0","0.0",,"56","39","8.9","15.0",
"USW00094728","2021-11-26","9.62","0.12",,"0.0","0.0",,"47","37","21.0","33.1",
"USW00094728","2021-11-27","8.05","0.00",,"0.0","0.0",,"39","34","21.0","32.0",
"USW00094728","2021-11-28","2.24","0.00",,"0.0","0.0",,"41","33","13.0","17.0",
"USW00094728","2021-11-29","6.49","0.00",,"0.0","0.0",,"45","33","15.0","21.9",
"USW00094728","2021-11-30","5.14","0.00",,"0.0","0.0",,"41","31","14.1","21.9",
"USW00094728","2021-12-01","3.58","0.00",,"0.0","0.0",,"49","40","12.1","19.9",
"USW00094728","2021-12-02","5.82","0.04",,"0.0","0.0",,"58","45","21.9","36.0",
"USW00094728","2021-12-03","8.50","0.00",,"0.0","0.0",,"48","37","21.0","35.1",
"USW00094728","2021-12-04","3.36","0.00",,"0.0","0.0",,"48","36","12.1","18.1",
"USW00094728","2021-12-05","2.68","0.00",,"0.0","0.0",,"49","39","13.0","19.0",
"USW00094728","2021-12-06","5.82","0.42",,"0.0","0.0",,"61","43","23.9","40.0",
"USW00094728","2021-12-07","5.59","0.00",,"0.0","0.0",,"43","36","19.9","34.0",
"USW00094728","2021-12-08","4.92","0.04",,"0.0","0.0",,"42","34","10.1","19.9",
"USW00094728","2021-12-09","5.59","0.00",,"0.0","0.0",,"39","31","15.0","25.9",
"USW00094728","2021-12-10","2.91","0.00",,"0.0","0.0",,"50","38","13.0","19.0",
"USW00094728","2021-12-11","6.04","0.17",,"0.0","0.0",,"66","45","18.1","31.1",
"USW00094728","2021-12-12","8.05","0.00",,"0.0","0.0",,"56","42","19.9","34.0",
"USW00094728","2021-12-13","7.61","0.00",,"0.0","0.0",,"53","40","15.0","23.9",
"USW00094728","2021-12-14","5.37","0.00",,"0.0","0.0",,"53","44","12.1","16.1",
"USW00094728","2021-12-15","5.14","0.00",,"0.0","0.0",,"57","40","13.0","19.0",
"USW00094728","2021-12-16","8.05","0.00",,"0.0","0.0",,"62","54","17.0","30.0",
"USW00094728","2021-12-17","7.16","0.00",,"0.0","0.0",,"60","48","15.0","23.9",
"USW00094728","2021-12-18","3.58","0.06",,"0.0","0.0",,"48","39","10.1","15.0",
"USW00094728","2021-12-19","6.49","0.02",,"0.0","0.0",,"45","28","17.0","25.9",
"USW00094728","2021-12-20","5.37","0.00",,"0.0","0.0",,"37","25","13.0","23.9",
"USW00094728","2021-12-21","4.70","0.00",,"0.0","0.0",,"43","31","14.1","21.9",
"USW00094728","2021-12-22","6.93","0.12",,"0.0","0.0",,"47","33","18.1","29.1",
"USW00094728","2021-12-23","4.92","0.00",,"0.0","0.0",,"36","31","16.1","23.0",
"USW00094728","2021-12-24","4.03","0.03",,"0.2","0.0",,"40","30","12.1","14.1",
"USW00094728","2021-12-25","2.91","0.16",,"0.0","0.0",,"52","36","10.1","17.0",
"USW00094728","2021-12-26","10.51","0.00",,"0.0","0.0",,"51","39","21.9","31.1",
"USW00094728","2021-12-27","4.47","0.09",,"0.0","0.0",,"39","34","13.0","17.0",
"USW00094728","2021-12-28","4.70","0.05",,"0.0","0.0",,"47","36","10.1","15.0",
"USW00094728","2021-12-29","5.82","0.14",,"0.0","0.0",,"44","41","13.0","17.0",
"USW00094728","2021-12-30","2.46","0.05",,"0.0","0.0",,"49","43","8.1","12.1",
"USW00094728","2021-12-31","2.46","0.00",,"0.0","0.0",,"55","48","10.1","15.0",
"USW00094728","2022-01-01","3.13","0.79",,"0.0","0.0",,"56","50","10.1","15.0",
"USW00094728","2022-01-02","5.82","0.04",,"0.0","0.0",,"59","37","18.1","30.0",
"USW00094728","2022-01-03","9.84","0.00",,"0.0","0.0",,"37","22","18.1","29.1",
"USW00094728","2022-01-04","6.04","0.00",,"0.0","0.0",,"34","19","14.1","23.0",
"USW00094728","2022-01-05","5.59","0.23",,"0.0","0.0",,"47","31","15.0","23.0",
"USW00094728","2022-01-06","6.49","0.00",,"0.0","0.0",,"41","34","17.0","27.1",
"USW00094728","2022-01-07","8.72","0.38",,"5.8","5.9",,"34","25","18.1","29.1",
"USW00094728","2022-01-08","6.04","0.00",,"0.0","3.1",,"30","20","16.1","30.0",
"USW00094728","2022-01-09","8.50","0.10",,"0.0","3.1",,"40","29","16.1","23.9",
"USW00094728","2022-01-10","8.50","0.00",,"0.0","0.0",,"40","24","23.0","36.0",
"USW00094728","2022-01-11","7.38","0.00",,"0.0","0.0",,"24","15","18.1","29.1",
"USW00094728","2022-01-12","6.04","0.00",,"0.0","0.0",,"40","20","17.0","29.1",
"USW00094728","2022-01-13","3.13","0.00",,"0.0","0.0",,"48","34","8.1","12.1",
"USW00094728","2022-01-14","8.28","0.00",,"0.0","0.0",,"43","21","21.9","32.0",
"USW00094728","2022-01-15","7.16","0.00",,"0.0","0.0",,"21","10","14.1","21.0",
"USW00094728","2022-01-16","8.50","0.37",,"0.8","0.0",,"37","10","17.0","27.1",
"USW00094728","2022-01-17","10.07","1.16",,"0.0","0.0",,"44","34","23.9","36.0",
"USW00094728","2022-01-18","9.17","0.00",,"0.0","0.0",,"36","29","19.9","33.1",
"USW00094728","2022-01-19","6.71","0.00",,"0.0","0.0",,"49","28","15.0","27.1",
"USW00094728","2022-01-20","6.71","0.30",,"0.0","0.0",,"46","22","18.1","27.1",
"USW00094728","2022-01-21","7.83","0.00",,"0.0","0.0",,"22","14","16.1","25.1",
"USW00094728","2022-01-22","5.59","0.00",,"0.0","0.0",,"29","13","13.0","19.9",
"USW00094728","2022-01-23","5.37","0.02",,"0.2","0.0",,"37","24","14.1","21.9",
"USW00094728","2022-01-24","4.25","0.00",,"0.0","0.0",,"36","26","15.0","19.9",
"USW00094728","2022-01-25","5.82","0.00",,"0.0","0.0",,"42","28","13.0","19.0",
"USW00094728","2022-01-26","6.26","0.00",,"0.0","0.0",,"28","20","16.1","23.0",
"USW00094728","2022-01-27","5.37","0.00",,"0.0","0.0",,"32","17","15.0","19.9",
"USW00094728","2022-01-28","4.70","0.13",,"1.2","0.0",,"32","29","19.9","27.1",
"USW00094728","2022-01-29","12.53","0.77",,"7.3","5.9",,"29","12","23.0","32.0",
"USW00094728","2022-01-30","6.93","0.00",,"0.0","7.1",,"26","12","17.0","30.0",
"USW00094728","2022-01-31","3.80","0.00",,"0.0","5.9",,"31","21","10.1","13.0",
"USW00094728","2022-02-01","5.14","0.00",,"0.0","5.9",,"36","23","13.0","17.0",
"USW00094728","2022-02-02","2.91","0.00",,"0.0","3.9",,"47","32","8.1","12.1",
"USW00094728","2022-02-03","3.80","0.42",,"0.0","2.0",,"52","42","13.0","18.1",
"USW00094728","2022-02-04","6.71","0.72",,"0.0","0.0",,"57","26","14.1","25.1",
"USW00094728","2022-02-05","8.72","0.00",,"0.0","0.0",,"27","19","19.9","28.0",
"USW00094728","2022-02-06","4.70","0.00",,"0.0","0.0",,"30","17","10.1","15.0",
"USW00094728","2022-02-07","3.58","0.15",,"0.0","0.0",,"37","30","13.0","18.1",
"USW00094728","2022-02-08","6.71","0.07",,"0.0","0.0",,"45","32","16.1","25.1",
"USW00094728","2022-02-09","4.03","0.00",,"0.0","0.0",,"46","29","12.1","18.1",
"USW00094728","2022-02-10","5.14","0.00",,"0.0","0.0",,"54","37","17.0","33.1",
"USW00094728","2022-02-11","5.14","0.00",,"0.0","0.0",,"57","38","14.1","25.9",
"USW00094728","2022-02-12","7.61","0.00",,"0.0","0.0",,"59","42","16.1","27.1",
"USW00094728","2022-02-13","6.71","0.23",,"1.6","1.2",,"42","25","13.0","19.9",
"USW00094728","2022-02-14","8.72","0.00",,"0.0","1.2",,"25","16","17.0","28.0",
"USW00094728","2022-02-15","4.92","0.00",,"0.0","0.0",,"30","16","10.1","17.0",
"USW00094728","2022-02-16","5.82","0.00",,"0.0","0.0",,"49","28","14.1","25.1",
"USW00094728","2022-02-17","7.38","0.31",,"0.0","0.0",,"68","49","16.1","25.1",
"USW00094728","2022-02-18","9.62","0.33",,"0.0","0.0",,"63","27","21.9","40.0",
"USW00094728","2022-02-19","8.28","0.00",,"0.0","0.0",,"40","23","21.0","38.0",
"USW00094728","2022-02-20","7.61","0.00",,"0.0","0.0",,"36","21","18.1","29.1",
"USW00094728","2022-02-21","4.47","0.00",,"0.0","0.0",,"55","32","13.0","21.9",
"USW00094728","2022-02-22","6.04","0.26",,"0.0","0.0",,"61","37","16.1","25.9",
"USW00094728","2022-02-23","8.28","0.00",,"0.0","0.0",,"68","35","21.9","31.1",
"USW00094728","2022-02-24","7.61","0.00",,"0.0","0.0",,"35","29","16.1","23.0",
"USW00094728","2022-02-25","8.28","0.74",,"0.4","0.0",,"41","26","19.9","25.9",
"USW00094728","2022-02-26","7.16","0.00",,"0.0","0.0",,"37","24","17.0","25.1",
"USW00094728","2022-02-27","9.62","0.00",,"0.0","0.0",,"48","28","19.9","29.1",
"USW00094728","2022-02-28","5.82","0.00",,"0.0","0.0",,"36","26","15.0","25.1",
"USW00094728","2022-03-01","5.82","0.00",,"0.0","0.0",,"48","31","14.1","23.9",
"USW00094728","2022-03-02","5.37","0.00",,"0.0","0.0",,"52","40","13.0","21.0",
"USW00094728","2022-03-03","9.62","0.03",,"0.0","0.0",,"48","24","18.1","30.0",
"USW00094728","2022-03-04","5.37","0.00",,"0.0","0.0",,"37","21","13.0","21.0",
"USW00094728","2022-03-05","3.58","0.00",,"0.0","0.0",,"46","32","13.0","21.0",
"USW00094728","2022-03-06","5.37","0.06",,"0.0","0.0",,"68","43","15.0","23.0",
"USW00094728","2022-03-07","7.38","0.03",,"0.0","0.0",,"74","50","29.1","49.0",
"USW00094728","2022-03-08","9.17","0.00",,"0.0","0.0",,"50","39","23.0","36.0",
"USW00094728","2022-03-09","5.82","0.56",,"0.4","0.0",,"41","33","14.1","18.1",
"USW00094728","2022-03-10","1.79","0.00",,"0.0","0.0",,"51","33","8.1","11.0",
"USW00094728","2022-03-11","4.47","0.00",,"0.0","0.0",,"55","40","13.0","23.0",
"USW00094728","2022-03-12","9.84","0.50",,"0.0","0.0",,"48","24","25.9","44.1",
"USW00094728","2022-03-13","8.95","0.00",,"0.0","0.0",,"35","22","21.9","34.0",
"USW00094728","2022-03-14","5.59","0.00",,"0.0","0.0",,"56","33","15.0","25.9",
"USW00094728","2022-03-15","4.92","0.00",,"0.0","0.0",,"68","46","13.0","19.9",
"USW00094728","2022-03-16","4.47","0.00",,"0.0","0.0",,"67","48","13.0","19.9",
"USW00094728","2022-03-17","5.59","0.08",,"0.0","0.0",,"53","45","14.1","19.0",
"USW00094728","2022-03-18","4.92","0.00",,"0.0","0.0",,"74","50","12.1","19.0",
"USW00094728","2022-03-19","2.68","0.05",,"0.0","0.0",,"70","49","14.1","19.9",
"USW00094728","2022-03-20","8.05","0.00",,"0.0","0.0",,"61","46","18.1","31.1",
"USW00094728","2022-03-21","8.05","0.00",,"0.0","0.0",,"62","44","17.0","27.1",
"USW00094728","2022-03-22","7.38","0.00",,"0.0","0.0",,"58","43","16.1","25.1",
"USW00094728","2022-03-23","7.61","0.06",,"0.0","0.0",,"49","38","16.1","21.9",
"USW00094728","2022-03-24","11.41","0.93",,"0.0","0.0",,"47","38","21.9","31.1",
"USW00094728","2022-03-25","4.25","0.02",,"0.0","0.0",,"60","44","18.1","30.0",
"USW00094728","2022-03-26","6.04","0.00",,"0.0","0.0",,"53","42","14.1","23.0",
"USW00094728","2022-03-27","10.51","0.00",,"0.0","0.0",,"46","28","21.0","35.1",
"USW00094728","2022-03-28","12.30","0.00",,"0.0","0.0",,"33","23","23.0","35.1",
"USW00094728","2022-03-29","10.51","0.00",,"0.0","0.0",,"38","24","19.9","29.1",
"USW00094728","2022-03-30","4.70","0.00",,"0.0","0.0",,"47","29","12.1","17.0",
"USW00094728","2022-03-31","4.92","0.07",,"0.0","0.0",,"66","45","14.1","27.1",
"USW00094728","2022-04-01","8.72","0.28",,"0.0","0.0",,"61","43","21.9","34.0",
"USW00094728","2022-04-02","6.26","0.00",,"0.0","0.0",,"54","38","19.9","30.0",
"USW00094728","2022-04-03","4.03","0.12",,"0.0","0.0",,"48","40","14.1","23.0",
"USW00094728","2022-04-04","6.71","0.00",,"0.0","0.0",,"54","39","16.1","21.9",
"USW00094728","2022-04-05","3.36","0.04",,"0.0","0.0",,"57","45","13.0","18.1",
"USW00094728","2022-04-06","10.74","0.45",,"0.0","0.0",,"53","44","21.9","36.9",
"USW00094728","2022-04-07","7.38","1.12",,"0.0","0.0",,"54","45","18.1","31.1",
"USW00094728","2022-04-08","6.71","0.03",,"0.0","0.0",,"65","49","15.0","23.9",
"USW00094728","2022-04-09","4.92","0.05",,"0.0","0.0",,"55","47","17.0","28.0",
"USW00094728","2022-04-10","9.62","0.00",,"0.0","0.0",,"50","42","21.0","32.0",
"USW00094728","2022-04-11","4.92","0.00",,"0.0","0.0",,"61","40","12.1","17.0",
"USW00094728","2022-04-12","3.80","0.07",,"0.0","0.0",,"72","50","12.1","18.1",
"USW00094728","2022-04-13","3.80","0.00",,"0.0","0.0",,"71","55","14.1","19.0",
"USW00094728","2022-04-14","4.70","0.06",,"0.0","0.0",,"79","57","16.1","25.9",
"USW00094728","2022-04-15","5.82","0.00",,"0.0","0.0",,"70","52","15.0","25.1",
"USW00094728","2022-04-16","6.26","0.20",,"0.0","0.0",,"73","44","14.1","25.9",
"USW00094728","2022-04-17","6.93","0.00",,"0.0","0.0",,"51","41","18.1","29.1",
"USW00094728","2022-04-18","7.61","0.85",,"0.0","0.0",,"54","39","21.0","32.0",
"USW00094728","2022-04-19","10.51","1.24",,"0.0","0.0",,"50","39","25.1","36.9",
"USW00094728","2022-04-20","6.26","0.00",,"0.0","0.0",,"60","42","19.9","29.1",
"USW00094728","2022-04-21","6.04","0.00",,"0.0","0.0",,"59","44","16.1","25.1",
"USW00094728","2022-04-22","6.26","0.00",,"0.0","0.0",,"70","53","15.0","23.9",
"USW00094728","2022-04-23","5.14","0.00",,"0.0","0.0",,"65","51","10.1","17.0",
"USW00094728","2022-04-24","5.37","0.00",,"0.0","0.0",,"63","48","14.1","21.0",
"USW00094728","2022-04-25","4.92","0.00",,"0.0","0.0",,"58","46","12.1","18.1",
"USW00094728","2022-04-26","3.36","0.02",,"0.0","0.0",,"60","52","10.1","18.1",
"USW00094728","2022-04-27","10.51","0.00",,"0.0","0.0",,"58","41","19.9","32.0",
"USW00094728","2022-04-28","10.29","0.00",,"0.0","0.0",,"58","40","21.0","34.0",
"USW00094728","2022-04-29","7.83","0.00",,"0.0","0.0",,"63","41","18.1","25.9",
"USW00094728","2022-04-30","2.91","0.00",,"0.0","0.0",,"68","44","13.0","19.9",
"USW00094728","2022-05-01","3.13","0.00",,"0.0","0.0",,"69","47","13.0","19.9",
"USW00094728","2022-05-02","4.70","0.23",,"0.0","0.0",,"56","51","12.1","17.0",
"USW00094728","2022-05-03","5.82","0.00",,"0.0","0.0",,"62","51","13.0","19.0",
"USW00094728","2022-05-04","2.46","0.08",,"0.0","0.0",,"65","50","8.9","16.1",
"USW00094728","2022-05-05","4.25","0.00",,"0.0","0.0",,"74","56","14.1","19.0",
"USW00094728","2022-05-06","3.58","0.69",,"0.0","0.0",,"61","49","13.0","19.9",
"USW00094728","2022-05-07","10.96","0.92",,"0.0","0.0",,"50","45","21.9","34.0",
"USW00094728","2022-05-08","11.18","0.00",,"0.0","0.0",,"58","45","23.9","31.1",
"USW00094728","2022-05-09","11.41","0.00",,"0.0","0.0",,"70","47","21.0","30.0",
"USW00094728","2022-05-10","10.07","0.00",,"0.0","0.0",,"73","51","23.0","30.0",
"USW00094728","2022-05-11","5.59","0.00",,"0.0","0.0",,"75","53","18.1","25.1",
"USW00094728","2022-05-12","4.92","0.00",,"0.0","0.0",,"75","58","14.1","19.9",
"USW00094728","2022-05-13","4.25","0.03",,"0.0","0.0",,"72","57","14.1","19.0",
"USW00094728","2022-05-14","2.91","0.22",,"0.0","0.0",,"72","60","8.1","14.1",
"USW00094728","2022-05-15","2.24","0.10",,"0.0","0.0",,"76","60","8.9","16.1",
"USW00094728","2022-05-16","4.92","0.12",,"0.0","0.0",,"75","61","15.0","23.0",
"USW00094728","2022-05-17","6.93","0.00",,"0.0","0.0",,"77","57","19.9","33.1",
"USW00094728","2022-05-18","4.03","0.01",,"0.0","0.0",,"72","55","14.1","19.9",
"USW00094728","2022-05-19","2.46","0.73",,"0.0","0.0",,"66","54","8.9","15.0",
"USW00094728","2022-05-20","3.58","0.40",,"0.0","0.0",,"69","55","10.1","17.0",
"USW00094728","2022-05-21","1.57","0.00",,"0.0","0.0",,"90","62","8.9","14.1",
"USW00094728","2022-05-22","4.03","0.00",,"0.0","0.0",,"89","72","14.1","21.0",
"USW00094728","2022-05-23","6.71","0.00",,"0.0","0.0",,"73","61","16.1","23.9",
"USW00094728","2022-05-24","4.70","0.00",,"0.0","0.0",,"67","57","16.1","21.0",
"USW00094728","2022-05-25","2.91","0.00",,"0.0","0.0",,"70","53","8.9","16.1",
"USW00094728","2022-05-26","3.58","0.00",,"0.0","0.0",,"70","54","12.1","19.0",
"USW00094728","2022-05-27","2.91","0.27",,"0.0","0.0",,"80","65","12.1","19.9",
"USW00094728","2022-05-28","3.36","0.72",,"0.0","0.0",,"74","63","21.0","42.9",
"USW00094728","2022-05-29","1.79","0.00",,"0.0","0.0",,"77","59","8.1","14.1",
"USW00094728","2022-05-30","2.91","0.00",,"0.0","0.0",,"84","63","8.9","17.0",
"USW00094728","2022-05-31","4.92","0.00",,"0.0","0.0",,"93","65","15.0","19.9",
"USW00094728","2022-06-01","6.49","0.71",,"0.0","0.0",,"72","60","16.1","21.0",
"USW00094728","2022-06-02","3.13","0.45",,"0.0","0.0",,"79","62","13.0","21.9",
"USW00094728","2022-06-03","3.58","0.00",,"0.0","0.0",,"76","62","8.1","12.1",
"USW00094728","2022-06-04","2.24","0.00",,"0.0","0.0",,"80","61","8.9","14.1",
"USW00094728","2022-06-05","3.58","0.00",,"0.0","0.0",,"77","57","12.1","18.1",
"USW00094728","2022-06-06","4.25","0.00",,"0.0","0.0",,"80","63","12.1","19.9",
"USW00094728","2022-06-07","5.59","0.08",,"0.0","0.0",,"78","63","13.0","23.9",
"USW00094728","2022-06-08","4.47","0.03",,"0.0","0.0",,"82","66","12.1","18.1",
"USW00094728","2022-06-09","6.71","0.83",,"0.0","0.0",,"81","65","18.1","29.1",
"USW00094728","2022-06-10","5.59","0.00",,"0.0","0.0",,"77","63","14.1","21.0",
"USW00094728","2022-06-11","3.13","0.00",,"0.0","0.0",,"74","66","8.9","14.1",
"USW00094728","2022-06-12","2.68","0.05",,"0.0","0.0",,"72","63","8.9","17.0",
"USW00094728","2022-06-13","2.46","0.00",,"0.0","0.0",,"85","68","10.1","19.0",
"USW00094728","2022-06-14","4.25","0.00",,"0.0","0.0",,"81","68","10.1","15.0",
"USW00094728","2022-06-15","3.58","0.00",,"0.0","0.0",,"83","66","14.1","21.0",
"USW00094728","2022-06-16","3.36","0.32",,"0.0","0.0",,"71","61","10.1","19.9",
"USW00094728","2022-06-17","6.26","0.00",,"0.0","0.0",,"88","69","17.0","29.1",
"USW00094728","2022-06-18","8.72","0.00",,"0.0","0.0",,"75","58","18.1","32.0",
"USW00094728","2022-06-19","6.93","0.00",,"0.0","0.0",,"73","54","16.1","27.1",
"USW00094728","2022-06-20","3.58","0.00",,"0.0","0.0",,"78","57","12.1","17.0",
"USW00094728","2022-06-21","2.46","0.06",,"0.0","0.0",,"80","63","8.9","13.0",
"USW00094728","2022-06-22","4.92","0.02",,"0.0","0.0",,"67","62","12.1","21.0",
"USW00094728","2022-06-23","3.13","0.08",,"0.0","0.0",,"74","61","12.1","19.0",
"USW00094728","2022-06-24","2.91","0.00",,"0.0","0.0",,"81","63","8.1","16.1",
"USW00094728","2022-06-25","2.24","0.00",,"0.0","0.0",,"90","69","8.9","13.0",
"USW00094728","2022-06-26","3.58","0.00",,"0.0","0.0",,"89","74","12.1","19.9",
"USW00094728","2022-06-27","2.91","0.29",,"0.0","0.0",,"77","69","12.1","17.0",
"USW00094728","2022-06-28","2.46","0.00",,"0.0","0.0",,"79","66","12.1","15.0",
"USW00094728","2022-06-29","2.01","0.00",,"0.0","0.0",,"84","66","10.1","18.1",
"USW00094728","2022-06-30","2.91","0.00",,"0.0","0.0",,"86","69","10.1","17.0",
"USW00094728","2022-07-01","3.80","0.00",,"0.0","0.0",,"91","73","12.1","18.1",
"USW00094728","2022-07-02","3.13","0.00",,"0.0","0.0",,"87","73","10.1","19.0",
"USW00094728","2022-07-03","3.80","0.00",,"0.0","0.0",,"88","73","10.1","17.0",
"USW00094728","2022-07-04","2.68","0.00",,"0.0","0.0",,"85","65","8.9","16.1",
"USW00094728","2022-07-05","4.47","0.09",,"0.0","0.0",,"87","70","12.1","19.9",
"USW00094728","2022-07-06","5.14","0.00",,"0.0","0.0",,"85","71","13.0","19.9",
"USW00094728","2022-07-07","4.92","0.00",,"0.0","0.0",,"84","69","12.1","17.0",
"USW00094728","2022-07-08","1.34","0.24",,"0.0","0.0",,"83","68","8.1","13.0",
"USW00094728","2022-07-09","2.91","0.00",,"0.0","0.0",,"85","71","10.1","16.1",
"USW00094728","2022-07-10","5.82","0.00",,"0.0","0.0",,"83","67","14.1","18.1",
"USW00094728","2022-07-11","5.14","0.00",,"0.0","0.0",,"85","67","13.0","21.9",
"USW00094728","2022-07-12","5.82","0.00",,"0.0","0.0",,"90","70","15.0","21.9",
"USW00094728","2022-07-13","2.68","0.00",,"0.0","0.0",,"91","74","8.9","16.1",
"USW00094728","2022-07-14","3.80","0.00",,"0.0","0.0",,"90","72","12.1","18.1",
"USW00094728","2022-07-15","4.47","0.00",,"0.0","0.0",,"86","73","12.1","18.1",
"USW00094728","2022-07-16","2.68","1.11",,"0.0","0.0",,"85","66","19.9","30.0",
"USW00094728","2022-07-17","2.46","0.00",,"0.0","0.0",,"83","71","12.1","17.0",
"USW00094728","2022-07-18","2.91","1.85",,"0.0","0.0",,"81","69","16.1","23.9",
"USW00094728","2022-07-19","5.14","0.00",,"0.0","0.0",,"90","73","13.0","19.0",
"USW00094728","2022-07-20","4.03","0.00",,"0.0","0.0",,"95","78","10.1","16.1",
"USW00094728","2022-07-21","4.03","0.16",,"0.0","0.0",,"92","74","14.1","29.1",
"USW00094728","2022-07-22","2.68","0.00",,"0.0","0.0",,"94","78","10.1","17.0",
"USW00094728","2022-07-23","2.01","0.00",,"0.0","0.0",,"95","78","10.1","17.0",
"USW00094728","2022-07-24","4.92","0.00",,"0.0","0.0",,"95","79","13.0","21.0",
"USW00094728","2022-07-25","4.70","0.98",,"0.0","0.0",,"86","73","17.0","27.1",
"USW00094728","2022-07-26","3.80","0.00",,"0.0","0.0",,"81","71","13.0","19.9",
"USW00094728","2022-07-27","2.24","0.00",,"0.0","0.0",,"85","70","8.1","15.0",
"USW00094728","2022-07-28","3.80","0.02",,"0.0","0.0",,"87","73","12.1","17.0",
"USW00094728","2022-07-29","3.36","0.10",,"0.0","0.0",,"85","72","13.0","19.9",
"USW00094728","2022-07-30","4.70","0.00",,"0.0","0.0",,"87","73","14.1","21.0",
"USW00094728","2022-07-31","2.01","0.00",,"0.0","0.0",,"86","71","8.1","14.1",
"USW00094728","2022-08-01","2.68","0.48",,"0.0","0.0",,"77","68","8.9","14.1",
"USW00094728","2022-08-02","3.58","0.00",,"0.0","0.0",,"90","72","12.1","16.1",
"USW00094728","2022-08-03","3.13","0.00",,"0.0","0.0",,"89","71","8.9","14.1",
"USW00094728","2022-08-04","3.58","0.00",,"0.0","0.0",,"93","76","12.1","19.9",
"USW00094728","2022-08-05","3.36","0.00",,"0.0","0.0",,"89","78","10.1","14.1",
"USW00094728","2022-08-06","4.03","0.00",,"0.0","0.0",,"92","77","13.0","23.0",
"USW00094728","2022-08-07","5.59","0.16",,"0.0","0.0",,"92","76","14.1","25.9",
"USW00094728","2022-08-08","5.37","0.00",,"0.0","0.0",,"93","79","8.9","18.1",
"USW00094728","2022-08-09","4.92","0.03",,"0.0","0.0",,"97","78","14.1","23.0",
"USW00094728","2022-08-10","3.58","0.00",,"0.0","0.0",,"87","75","8.9","15.0",
"USW00094728","2022-08-11","2.24","0.11",,"0.0","0.0",,"89","72","10.1","15.0",
"USW00094728","2022-08-12","5.59","0.00",,"0.0","0.0",,"85","71","14.1","21.0",
"USW00094728","2022-08-13","4.47","0.00",,"0.0","0.0",,"79","65","14.1","21.0",
"USW00094728","2022-08-14","2.68","0.00",,"0.0","0.0",,"82","66","8.9","16.1",
"USW00094728","2022-08-15","1.79","0.00",,"0.0","0.0",,"83","68","8.9","16.1",
"USW00094728","2022-08-16","5.59","0.00",,"0.0","0.0",,"83","66","17.0","21.9",
"USW00094728","2022-08-17","3.36","0.34",,"0.0","0.0",,"81","63","16.1","25.1",
"USW00094728","2022-08-18","2.91","0.00",,"0.0","0.0",,"87","62","10.1","16.1",
"USW00094728","2022-08-19","3.58","0.00",,"0.0","0.0",,"90","69","10.1","19.0",
"USW00094728","2022-08-20","2.91","0.00",,"0.0","0.0",,"90","74","12.1","19.0",
"USW00094728","2022-08-21","2.68","0.00",,"0.0","0.0",,"82","72","8.9","15.0",
"USW00094728","2022-08-22","2.68","0.23",,"0.0","0.0",,"79","73","8.9","13.0",
"USW00094728","2022-08-23","2.91","0.00",,"0.0","0.0",,"86","72","13.0","18.1",
"USW00094728","2022-08-24","3.80","0.00",,"0.0","0.0",,"90","71","10.1","16.1",
"USW00094728","2022-08-25","2.46","0.00",,"0.0","0.0",,"91","72","8.1","14.1",
"USW00094728","2022-08-26","2.91","0.24",,"0.0","0.0",,"87","74","8.9","16.1",
"USW00094728","2022-08-27","3.80","0.00",,"0.0","0.0",,"90","74","10.1","14.1",
"USW00094728","2022-08-28","5.14","0.00",,"0.0","0.0",,"82","73","10.1","17.0",
"USW00094728","2022-08-29","2.91","0.00",,"0.0","0.0",,"85","75","10.1","19.0",
"USW00094728","2022-08-30","4.25","0.12",,"0.0","0.0",,"89","73","13.0","23.9",
"USW00094728","2022-08-31","5.14","0.00",,"0.0","0.0",,"85","69","13.0","19.9",
"USW00094728","2022-09-01","4.03","0.00",,"0.0","0.0",,"86","69","14.1","21.0",
"USW00094728","2022-09-02","3.80","0.00",,"0.0","0.0",,"79","62","12.1","16.1",
"USW00094728","2022-09-03","2.24","0.00",,"0.0","0.0",,"82","65","6.9","14.1",
"USW00094728","2022-09-04","2.68","0.00",,"0.0","0.0",,"90","71","10.1","14.1",
"USW00094728","2022-09-05","2.01","0.06",,"0.0","0.0",,"88","73","8.9","17.0",
"USW00094728","2022-09-06","3.80","0.78",,"0.0","0.0",,"74","67","15.0","21.9",
"USW00094728","2022-09-07","6.49","0.00",,"0.0","0.0",,"72","65","14.1","18.1",
"USW00094728","2022-09-08","4.03","0.00",,"0.0","0.0",,"78","65","12.1","16.1",
"USW00094728","2022-09-09","3.58","0.00",,"0.0","0.0",,"80","62","10.1","14.1",
"USW00094728","2022-09-10","2.46","0.00",,"0.0","0.0",,"86","64","8.1","13.0",
"USW00094728","2022-09-11","2.68","0.32",,"0.0","0.0",,"76","67","8.9","13.0",
"USW00094728","2022-09-12","1.34","0.81",,"0.0","0.0",,"81","68","8.9","17.0",
"USW00094728","2022-09-13","3.80","0.41",,"0.0","0.0",,"82","68","12.1","21.0",
"USW00094728","2022-09-14","5.59","0.00",,"0.0","0.0",,"80","62","13.0","19.9",
"USW00094728","2022-09-15","5.82","0.00",,"0.0","0.0",,"74","62","12.1","19.0",
"USW00094728","2022-09-16","2.01","0.00",,"0.0","0.0",,"75","57","10.1","13.0",
"USW00094728","2022-09-17","4.70","0.00",,"0.0","0.0",,"76","64","10.1","17.0",
"USW00094728","2022-09-18","5.59","0.00",,"0.0","0.0",,"83","67","13.0","21.0",
"USW00094728","2022-09-19","3.58","0.14",,"0.0","0.0",,"85","68","21.9","44.1",
"USW00094728","2022-09-20","4.03","0.00",,"0.0","0.0",,"79","67","12.1","19.9",
"USW00094728","2022-09-21","3.13","0.00",,"0.0","0.0",,"80","62","8.9","16.1",
"USW00094728","2022-09-22","7.38","0.47",,"0.0","0.0",,"75","57","18.1","29.1",
"USW00094728","2022-09-23","9.62","0.00",,"0.0","0.0",,"63","51","17.0","32.0",
"USW00094728","2022-09-24","4.03","0.00",,"0.0","0.0",,"69","49","10.1","17.0",
"USW00094728","2022-09-25","3.36","1.11",,"0.0","0.0",,"72","59","10.1","18.1",
"USW00094728","2022-09-26","5.82","0.00",,"0.0","0.0",,"74","58","14.1","21.0",
"USW00094728","2022-09-27","4.25","0.00",,"0.0","0.0",,"70","59","12.1","19.0",
"USW00094728","2022-09-28","4.03","0.00",,"0.0","0.0",,"69","53","12.1","16.1",
"USW00094728","2022-09-29","5.82","0.00",,"0.0","0.0",,"66","53","15.0","21.9",
"USW00094728","2022-09-30","6.93","0.00",,"0.0","0.0",,"62","52","14.1","19.0",
"USW00094728","2022-10-01","10.07","0.59",,"0.0","0.0",,"61","51","18.1","27.1",
"USW00094728","2022-10-02","12.30","0.00",,"0.0","0.0",,"60","50","23.0","36.0",
"USW00094728","2022-10-03","10.51","0.47",,"0.0","0.0",,"53","47","21.9","32.0",
"USW00094728","2022-10-04","9.84","1.85",,"0.0","0.0",,"55","46","18.1","27.1",
"USW00094728","2022-10-05","5.37","0.37",,"0.0","0.0",,"59","54","12.1","19.9",
"USW00094728","2022-10-06","2.91","0.00",,"0.0","0.0",,"74","53","8.1","11.0",
"USW00094728","2022-10-07","4.70","0.00",,"0.0","0.0",,"76","58","12.1","17.0",
"USW00094728","2022-10-08","4.70","0.03",,"0.0","0.0",,"58","47","13.0","19.9",
"USW00094728","2022-10-09","3.58","0.00",,"0.0","0.0",,"61","44","13.0","21.0",
"USW00094728","2022-10-10","3.36","0.00",,"0.0","0.0",,"67","52","10.1","19.0",
"USW00094728","2022-10-11","2.68","0.00",,"0.0","0.0",,"70","51","8.9","15.0",
"USW00094728","2022-10-12","3.58","0.00",,"0.0","0.0",,"70","57","14.1","23.0",
"USW00094728","2022-10-13","4.03","0.80",,"0.0","0.0",,"69","54","15.0","21.9",
"USW00094728","2022-10-14","3.80","0.19",,"0.0","0.0",,"67","52","10.1","17.0",
"USW00094728","2022-10-15","2.91","0.00",,"0.0","0.0",,"68","50","10.1","19.0",
"USW00094728","2022-10-16","2.68","0.00",,"0.0","0.0",,"64","52","8.9","14.1",
"USW00094728","2022-10-17","3.80","0.14",,"0.0","0.0",,"66","53","12.1","21.0",
"USW00094728","2022-10-18","5.59","0.00",,"0.0","0.0",,"56","46","12.1","19.0",
"USW00094728","2022-10-19","5.59","0.00",,"0.0","0.0",,"54","42","14.1","23.0",
"USW00094728","2022-10-20","5.59","0.00",,"0.0","0.0",,"58","44","13.0","21.9",
"USW00094728","2022-10-21","2.24","0.00",,"0.0","0.0",,"62","46","8.9","14.1",
"USW00094728","2022-10-22","2.68","0.00",,"0.0","0.0",,"66","49","8.9","14.1",
"USW00094728","2022-10-23","7.16","0.02",,"0.0","0.0",,"61","54","15.0","23.0",
"USW00094728","2022-10-24","7.61","0.52",,"0.0","0.0",,"61","55","14.1","21.9",
"USW00094728","2022-10-25","2.46","0.00",,"0.0","0.0",,"70","61","8.9","13.0",
"USW00094728","2022-10-26","2.91","0.00",,"0.0","0.0",,"72","60","10.1","16.1",
"USW00094728","2022-10-27","6.71","0.00",,"0.0","0.0",,"65","52","14.1","23.0",
"USW00094728","2022-10-28","5.59","0.00",,"0.0","0.0",,"56","45","15.0","19.9",
"USW00094728","2022-10-29","3.36","0.00",,"0.0","0.0",,"58","43","8.9","13.0",
"USW00094728","2022-10-30","0.89","0.00",,"0.0","0.0",,"63","43","6.0","8.9",
"USW00094728","2022-10-31","1.57","0.10",,"0.0","0.0",,"65","51","10.1","15.0",
"USW00094728","2022-11-01","3.80","0.08",,"0.0","0.0",,"67","59","8.9","14.1",
"USW00094728","2022-11-02","2.24","0.00",,"0.0","0.0",,"70","54","14.1","19.9",
"USW00094728","2022-11-03","2.01","0.00",,"0.0","0.0",,"67","52","6.9","11.0",
"USW00094728","2022-11-04","2.01","0.00",,"0.0","0.0",,"70","53","8.9","16.1",
"USW00094728","2022-11-05","4.03","0.00",,"0.0","0.0",,"76","64","10.1","19.0",
"USW00094728","2022-11-06","4.25","0.00",,"0.0","0.0",,"75","66","8.1","15.0",
"USW00094728","2022-11-07","6.04","0.00",,"0.0","0.0",,"77","54","14.1","21.0",
"USW00094728","2022-11-08","7.16","0.00",,"0.0","0.0",,"58","47","16.1","23.9",
"USW00094728","2022-11-09","4.47","0.00",,"0.0","0.0",,"53","40","16.1","23.9",
"USW00094728","2022-11-10","2.91","0.00",,"0.0","0.0",,"66","47","10.1","16.1",
"USW00094728","2022-11-11","3.58","0.89",,"0.0","0.0",,"68","59","13.0","23.0",
"USW00094728","2022-11-12","5.14","0.08",,"0.0","0.0",,"69","60","15.0","23.0",
"USW00094728","2022-11-13","5.82","0.04",,"0.0","0.0",,"61","41","15.0","23.9",
"USW00094728","2022-11-14","6.26","0.00",,"0.0","0.0",,"45","37","14.1","21.0",
"USW00094728","2022-11-15","6.71","0.56",,"0.0","0.0",,"46","35","15.0","21.9",
"USW00094728","2022-11-16","8.05","0.28",,"0.0","0.0",,"50","39","16.1","25.1",
"USW00094728","2022-11-17","7.61","0.00",,"0.0","0.0",,"46","37","18.1","28.0",
"USW00094728","2022-11-18","5.82","0.00",,"0.0","0.0",,"44","34","16.1","28.0",
"USW00094728","2022-11-19","5.82","0.00",,"0.0","0.0",,"40","31","15.0","21.9",
"USW00094728","2022-11-20","9.62","0.00",,"0.0","0.0",,"40","30","19.9","33.1",
"USW00094728","2022-11-21","6.26","0.00",,"0.0","0.0",,"41","27","16.1","28.0",
"USW00094728","2022-11-22","5.37","0.00",,"0.0","0.0",,"51","37","15.0","21.9",
"USW00094728","2022-11-23","4.47","0.00",,"0.0","0.0",,"55","42","12.1","17.0",
"USW00094728","2022-11-24","3.80","0.00",,"0.0","0.0",,"54","40","8.9","14.1",
"USW00094728","2022-11-25","7.83","0.02",,"0.0","0.0",,"55","46","19.9","32.0",
"USW00094728","2022-11-26","6.93","0.00",,"0.0","0.0",,"57","42","21.9","33.1",
"USW00094728","2022-11-27","5.59","0.70",,"0.0","0.0",,"60","48","16.1","30.0",
"USW00094728","2022-11-28","7.38","0.00",,"0.0","0.0",,"54","41","18.1","30.0",
"USW00094728","2022-11-29","2.91","0.00",,"0.0","0.0",,"44","36","8.9","12.1",
"USW00094728","2022-11-30","6.93","0.50",,"0.0","0.0",,"58","40","17.0","29.1",
"USW00094728","2022-12-01","8.28","0.00",,"0.0","0.0",,"43","35","17.0","32.0",
"USW00094728","2022-12-02","3.80","0.00",,"0.0","0.0",,"47","32","12.1","18.1",
"USW00094728","2022-12-03","6.93","0.49",,"0.0","0.0",,"58","45","17.0","27.1",
"USW00094728","2022-12-04","4.92","0.00",,"0.0","0.0",,"45","38","14.1","23.0",
"USW00094728","2022-12-05","2.91","0.00",,"0.0","0.0",,"48","36","8.9","15.0",
"USW00094728","2022-12-06","5.14","1.05",,"0.0","0.0",,"58","42","15.0","23.0",
"USW00094728","2022-12-07","3.36","0.26",,"0.0","0.0",,"59","54","14.1","27.1",
"USW00094728","2022-12-08","4.70","0.00",,"0.0","0.0",,"55","42","12.1","19.9",
"USW00094728","2022-12-09","6.71","0.00",,"0.0","0.0",,"45","36","14.1","21.9",
"USW00094728","2022-12-10","7.16","0.00",,"0.0","0.0",,"39","32","15.0","21.0",
"USW00094728","2022-12-11","8.05","0.32",,"0.0","0.0",,"40","33","15.0","21.9",
"USW00094728","2022-12-12","5.82","0.01",,"0.0","0.0",,"38","28","14.1","19.9",
"USW00094728","2022-12-13","4.03","0.00",,"0.0","0.0",,"40","25","8.9","16.1",
"USW00094728","2022-12-14","7.38","0.00",,"0.0","0.0",,"39","31","18.1","28.0",
"USW00094728","2022-12-15","8.50","0.51",,"0.0","0.0",,"42","33","18.1","29.1",
"USW00094728","2022-12-16","11.18","0.85",,"0.0","0.0",,"44","38","23.0","35.1",
"USW00094728","2022-12-17","8.05","0.00",,"0.0","0.0",,"44","36","15.0","23.0",
"USW00094728","2022-12-18","7.61","0.00",,"0.0","0.0",,"40","32","14.1","21.0",
"USW00094728","2022-12-19","7.61","0.00",,"0.0","0.0",,"39","31","18.1","25.9",
"USW00094728","2022-12-20","5.59","0.00",,"0.0","0.0",,"39","30","14.1","21.0",
"USW00094728","2022-12-21","1.57","0.00",,"0.0","0.0",,"40","27","8.1","10.1",
"USW00094728","2022-12-22","8.50","0.23",,"0.0","0.0",,"47","35","19.9","36.0",
"USW00094728","2022-12-23","10.07","1.83",,"0.0","0.0",,"58","8","29.1","45.0",
"USW00094728","2022-12-24","11.41","0.00",,"0.0","0.0",,"15","7","21.0","33.1",
"USW00094728","2022-12-25","8.50","0.00",,"0.0","0.0",,"28","14","21.0","31.1",
"USW00094728","2022-12-26","7.16","0.00",,"0.0","0.0",,"29","18","13.0","19.9",
"USW00094728","2022-12-27","5.59","0.00",,"0.0","0.0",,"35","29","12.1","17.0",
"USW00094728","2022-12-28","5.14","0.00",,"0.0","0.0",,"47","33","16.1","25.9",
"USW00094728","2022-12-29","6.04","0.00",,"0.0","0.0",,"51","40","14.1","21.0",
"USW00094728","2022-12-30","2.91","0.00",,"0.0","0.0",,"62","46","8.9","16.1",
"USW00094728","2022-12-31","1.79","0.28",,"0.0","0.0",,"55","50","10.1","16.1",
"USW00094728","2023-01-01","4.92","0.00",,"0.0","0.0",,"55","49","13.0","18.1",
"USW00094728","2023-01-02","3.58","0.02",,"0.0","0.0",,"56","49","10.1","16.1",
"USW00094728","2023-01-03","3.13","0.42",,"0.0","0.0",,"58","47","8.9","15.0",
"USW00094728","2023-01-04","4.47","0.02",,"0.0","0.0",,"66","49","13.0","21.9",
"USW00094728","2023-01-05","5.14","0.01",,"0.0","0.0",,"50","44","13.0","15.0",
"USW00094728","2023-01-06","5.37","0.27",,"0.0","0.0",,"49","39","13.0","21.0",
"USW00094728","2023-01-07","6.71","0.00",,"0.0","0.0",,"45","37","13.0","19.9",
"USW00094728","2023-01-08","4.70","0.00",,"0.0","0.0",,"41","33","12.1","17.0",
"USW00094728","2023-01-09","4.47","0.01",,"0.0","0.0",,"44","37","14.1","19.0",
"USW00094728","2023-01-10","4.25","0.00",,"0.0","0.0",,"41","38","12.1","14.1",
"USW00094728","2023-01-11","6.49","0.00",,"0.0","0.0",,"39","35","14.1","19.0",
"USW00094728","2023-01-12","4.92","0.30",,"0.0","0.0",,"55","37","13.0","21.9",
"USW00094728","2023-01-13","7.16","0.09",,"0.0","0.0",,"57","38","16.1","23.9",
"USW00094728","2023-01-14","8.95","0.00",,"0.0","0.0",,"38","31","17.0","28.0",
"USW00094728","2023-01-15","9.62","0.00",,"0.0","0.0",,"41","30","18.1","31.1",
"USW00094728","2023-01-16","7.61","0.00",,"0.0","0.0",,"48","28","16.1","25.1",
"USW00094728","2023-01-17","3.13","0.00",,"0.0","0.0",,"47","35","12.1","19.0",
"USW00094728","2023-01-18","7.61","0.05",,"0.0","0.0",,"53","42","18.1","27.1",
"USW00094728","2023-01-19","4.25","0.87",,"0.0","0.0",,"44","40","14.1","18.1",
"USW00094728","2023-01-20","6.71","0.00",,"0.0","0.0",,"49","40","16.1","27.1",
"USW00094728","2023-01-21","5.59","0.00",,"0.0","0.0",,"42","37","15.0","21.9",
"USW00094728","2023-01-22","4.70","0.51",,"0.0","0.0",,"42","36","13.0","16.1",
"USW00094728","2023-01-23","7.61","0.41",,"0.0","0.0",,"39","36","19.9","31.1",
"USW00094728","2023-01-24","6.93","0.00",,"0.0","0.0",,"46","35","19.9","28.0",
"USW00094728","2023-01-25","6.04","0.90",,"0.0","0.0",,"54","35","16.1","29.1",
"USW00094728","2023-01-26","8.95","0.44",,"0.0","0.0",,"57","41","19.9","32.0",
"USW00094728","2023-01-27","5.82","0.00",,"0.0","0.0",,"44","35","13.0","21.9",
"USW00094728","2023-01-28","7.16","0.00",,"0.0","0.0",,"52","36","18.1","32.0",
"USW00094728","2023-01-29","4.70","0.00",,"0.0","0.0",,"53","42","12.1","19.9",
"USW00094728","2023-01-30","2.91","0.00",,"0.0","0.0",,"55","43","10.1","16.1",
"USW00094728","2023-01-31","4.25","0.06",,"0.0","0.0",,"50","31","12.1","17.0",
"USW00094728","2023-02-01","5.59","0.02",,"0.4","0.0",,"38","26","12.1","16.1",
"USW00094728","2023-02-02","4.92","0.00",,"0.0","0.0",,"40","29","16.1","25.9",
"USW00094728","2023-02-03","11.86","0.00",,"0.0","0.0",,"35","11","29.1","42.9",
"USW00094728","2023-02-04","8.72","0.00",,"0.0","0.0",,"27","3","21.9","35.1",
"USW00094728","2023-02-05","3.58","0.00",,"0.0","0.0",,"49","27","14.1","23.0",
"USW00094728","2023-02-06","4.92","0.00",,"0.0","0.0",,"52","34","17.0","25.9",
"USW00094728","2023-02-07","4.92","0.02",,"0.0","0.0",,"43","30","12.1","19.0",
"USW00094728","2023-02-08","6.04","0.00",,"0.0","0.0",,"53","39","16.1","28.0",
"USW00094728","2023-02-09","3.58","0.00",,"0.0","0.0",,"55","42","13.0","21.9",
"USW00094728","2023-02-10","8.50","0.00",,"0.0","0.0",,"61","45","19.9","29.1",
"USW00094728","2023-02-11","5.82","0.00",,"0.0","0.0",,"46","36","19.9","30.0",
"USW00094728","2023-02-12","4.25","0.01",,"0.0","0.0",,"48","38","14.1","19.9",
"USW00094728","2023-02-13","7.38","0.00",,"0.0","0.0",,"57","41","14.1","21.9",
"USW00094728","2023-02-14","5.59","0.00",,"0.0","0.0",,"54","40","17.0","29.1",
"USW00094728","2023-02-15","4.47","0.00",,"0.0","0.0",,"67","47","15.0","25.9",
"USW00094728","2023-02-16","3.58","0.07",,"0.0","0.0",,"70","56","14.1","23.9",
"USW00094728","2023-02-17","7.16","0.18",,"0.0","0.0",,"61","32","21.9","68.0",
"USW00094728","2023-02-18","8.28","0.00",,"0.0","0.0",,"43","27","16.1","27.1",
"USW00094728","2023-02-19","3.36","0.00",,"0.0","0.0",,"50","37","14.1","23.9",
"USW00094728","2023-02-20","6.04","0.00",,"0.0","0.0",,"61","47","13.0","21.0",
"USW00094728","2023-02-21","4.92","0.27",,"0.0","0.0",,"50","37","14.1","19.9",
"USW00094728","2023-02-22","6.04","0.14",,"0.0","0.0",,"44","37","14.1","18.1",
"USW00094728","2023-02-23","7.38","0.02",,"0.0","0.0",,"44","38","16.1","21.9",
"USW00094728","2023-02-24","8.72","0.00",,"0.0","0.0",,"45","25","21.9","38.0",
"USW00094728","2023-02-25","3.58","0.00",,"0.0","0.0",,"33","23","14.1","21.0",
"USW00094728","2023-02-26","5.37","0.00",,"0.0","0.0",,"50","30","16.1","27.1",
"USW00094728","2023-02-27","5.14","0.21",,"0.9","0.0",,"46","33","15.0","25.9",
"USW00094728","2023-02-28","5.59","0.34",,"0.9","2.0",,"38","32","21.0","28.0",
"USW00094728","2023-03-01","5.82","0.00",,"0.0","1.2",,"44","33","13.0","21.9",
"USW00094728","2023-03-02","5.59","0.00",,"0.0","0.0",,"54","39","15.0","23.9",
"USW00094728","2023-03-03","5.82","0.15",,"0.0","0.0",,"47","37","19.9","31.1",
"USW00094728","2023-03-04","8.05","0.99",,"0.0","0.0",,"45","38","23.0","35.1",
"USW00094728","2023-03-05","8.05","0.00",,"0.0","0.0",,"53","38","17.0","29.1",
"USW00094728","2023-03-06","5.37","0.00",,"0.0","0.0",,"52","40","14.1","21.0",
"USW00094728","2023-03-07","10.74","0.06",,"0.1","0.0",,"47","33","23.9","36.0",
"USW00094728","2023-03-08","8.50","0.00",,"0.0","0.0",,"48","31","16.1","25.9",
"USW00094728","2023-03-09","7.83","0.00",,"0.0","0.0",,"51","33","16.1","25.9",
"USW00094728","2023-03-10","3.80","0.36",,"0.0","0.0",,"46","35","14.1","18.1",
"USW00094728","2023-03-11","8.28","0.40",,"0.0","0.0",,"45","35","17.0","27.1",
"USW00094728","2023-03-12","4.25","0.00",,"0.0","0.0",,"48","34","13.0","19.9",
"USW00094728","2023-03-13","7.16","0.67",,"0.0","0.0",,"45","38","19.9","27.1",
"USW00094728","2023-03-14","10.29","0.13",,"0.0","0.0",,"38","33","21.9","33.1",
"USW00094728","2023-03-15","12.97","0.00",,"0.0","0.0",,"45","34","23.9","40.9",
"USW00094728","2023-03-16","6.26","0.00",,"0.0","0.0",,"59","34","13.0","19.0",
"USW00094728","2023-03-17","3.36","0.00",,"0.0","0.0",,"60","47","14.1","21.0",
"USW00094728","2023-03-18","6.93","0.02",,"0.0","0.0",,"56","40","15.0","25.9",
"USW00094728","2023-03-19","8.72","0.00",,"0.0","0.0",,"40","29","18.1","33.1",
"USW00094728","2023-03-20","4.92","0.00",,"0.0","0.0",,"51","31","13.0","21.9",
"USW00094728","2023-03-21","5.82","0.00",,"0.0","0.0",,"63","40","15.0","23.0",
"USW00094728","2023-03-22","3.58","0.00",,"0.0","0.0",,"62","48","12.1","23.9",
"USW00094728","2023-03-23","4.70","0.09",,"0.0","0.0",,"60","48","13.0","21.9",
"USW00094728","2023-03-24","5.14","0.00",,"0.0","0.0",,"55","44","14.1","23.9",
"USW00094728","2023-03-25","8.05","0.15",,"0.0","0.0",,"47","42","18.1","29.1",
"USW00094728","2023-03-26","6.04","0.00",,"0.0","0.0",,"63","44","16.1","25.9",
"USW00094728","2023-03-27","5.82","0.29",,"0.0","0.0",,"62","43","15.0","19.9",
"USW00094728","2023-03-28","4.03","0.00",,"0.0","0.0",,"52","42","10.1","16.1",
"USW00094728","2023-03-29","5.82","0.00",,"0.0","0.0",,"55","39","10.1","19.9",
"USW00094728","2023-03-30","7.38","0.01",,"0.0","0.0",,"46","31","17.0","32.0",
"USW00094728","2023-03-31","2.46","0.00",,"0.0","0.0",,"57","38","13.0","23.0",
"USW00094728","2023-04-01","4.92","0.38",,"0.0","0.0",,"72","51","17.0","31.1",
"USW00094728","2023-04-02","9.17","0.00",,"0.0","0.0",,"51","40","23.0","36.9",
"USW00094728","2023-04-03","4.47","0.00",,"0.0","0.0",,"59","39","13.0","29.1",
"USW00094728","2023-04-04","1.79","0.00",,"0.0","0.0",,"73","48","10.1","16.1",
"USW00094728","2023-04-05","8.50","0.00",,"0.0","0.0",,"57","46","23.0","31.1",
"USW00094728","2023-04-06","3.13","0.00",,"0.0","0.0",,"80","47","12.1","21.9",
"USW00094728","2023-04-07","8.05","0.00",,"0.0","0.0",,"60","42","16.1","27.1",
"USW00094728","2023-04-08","3.36","0.00",,"0.0","0.0",,"54","37","12.1","17.0",
"USW00094728","2023-04-09","4.25","0.00",,"0.0","0.0",,"57","40","15.0","21.0",
"USW00094728","2023-04-10","5.14","0.00",,"0.0","0.0",,"68","42","12.1","19.9",
"USW00094728","2023-04-11","5.82","0.00",,"0.0","0.0",,"75","51","17.0","29.1",
"USW00094728","2023-04-12","5.59","0.00",,"0.0","0.0",,"84","64","14.1","21.0",
"USW00094728","2023-04-13","5.59","0.00",,"0.0","0.0",,"90","67","13.0","21.0",
"USW00094728","2023-04-14","3.36","0.00",,"0.0","0.0",,"91","70","13.0","19.9",
"USW00094728","2023-04-15","3.58","0.02",,"0.0","0.0",,"75","59","10.1","17.0",
"USW00094728","2023-04-16","2.91","0.00",,"0.0","0.0",,"71","57","10.1","14.1",
"USW00094728","2023-04-17","5.82","0.00",,"0.0","0.0",,"68","53","16.1","27.1",
"USW00094728","2023-04-18","7.16","0.00",,"0.0","0.0",,"57","45","21.9","32.0",
"USW00094728","2023-04-19","5.82","0.00",,"0.0","0.0",,"64","45","14.1","23.0",
"USW00094728","2023-04-20","2.68","0.00",,"0.0","0.0",,"66","45","10.1","17.0",
"USW00094728","2023-04-21","5.14","0.00",,"0.0","0.0",,"71","51","13.0","21.9",
"USW00094728","2023-04-22","7.16","0.68",,"0.0","0.0",,"67","51","14.1","19.0",
"USW00094728","2023-04-23","5.59","1.51",,"0.0","0.0",,"69","50","13.0","21.0",
"USW00094728","2023-04-24","4.03","0.00",,"0.0","0.0",,"62","44","10.1","16.1",
"USW00094728","2023-04-25","2.46","0.00",,"0.0","0.0",,"60","46","8.9","12.1",
"USW00094728","2023-04-26","2.46","0.00",,"0.0","0.0",,"60","46","8.9","18.1",
"USW00094728","2023-04-27","3.13","0.00",,"0.0","0.0",,"57","49","8.9","17.0",
"USW00094728","2023-04-28","6.71","0.33",,"0.0","0.0",,"56","47","13.0","21.9",
"USW00094728","2023-04-29","8.50","2.46",,"0.0","0.0",,"53","47","15.0","42.9",
"USW00094728","2023-04-30","6.93","2.32",,"0.0","0.0",,"60","50","18.1","25.9",
"USW00094728","2023-05-01","6.93","0.09",,"0.0","0.0",,"61","49","18.1","29.1",
"USW00094728","2023-05-02","4.47","0.25",,"0.0","0.0",,"56","44","16.1","28.0",
"USW00094728","2023-05-03","3.13","0.00",,"0.0","0.0",,"57","47","10.1","16.1",
"USW00094728","2023-05-04","3.80","0.05",,"0.0","0.0",,"55","48","10.1","17.0",
"USW00094728","2023-05-05","2.01","0.00",,"0.0","0.0",,"66","48","12.1","17.0",
"USW00094728","2023-05-06","2.91","0.00",,"0.0","0.0",,"73","48","8.9","13.0",
"USW00094728","2023-05-07","2.91","0.02",,"0.0","0.0",,"78","54","8.9","17.0",
"USW00094728","2023-05-08","4.70","0.00",,"0.0","0.0",,"77","58","13.0","21.0",
"USW00094728","2023-05-09","2.91","0.00",,"0.0","0.0",,"71","54","12.1","17.0",
"USW00094728","2023-05-10","2.01","0.00",,"0.0","0.0",,"73","50","12.1","16.1",
"USW00094728","2023-05-11","3.80","0.00",,"0.0","0.0",,"80","57","12.1","17.0",
"USW00094728","2023-05-12","2.91","0.00",,"0.0","0.0",,"87","65","10.1","17.0",
"USW00094728","2023-05-13","2.91","0.00",,"0.0","0.0",,"82","66","12.1","18.1",
"USW00094728","2023-05-14","6.26","0.00",,"0.0","0.0",,"74","59","12.1","19.9",
"USW00094728","2023-05-15","3.80","0.00",,"0.0","0.0",,"74","52","13.0","21.9",
"USW00094728","2023-05-16","5.14","0.00",,"0.0","0.0",,"79","58","17.0","25.9",
"USW00094728","2023-05-17","5.82","0.00",,"0.0","0.0",,"69","50","16.1","27.1",
"USW00094728","2023-05-18","4.25","0.00",,"0.0","0.0",,"61","43","12.1","19.9",
"USW00094728","2023-05-19","2.24","0.00",,"0.0","0.0",,"70","52","12.1","19.9",
"USW00094728","2023-05-20","2.91","0.77",,"0.0","0.0",,"65","57","10.1","14.1",
"USW00094728","2023-05-21","4.70","0.02",,"0.0","0.0",,"70","55","14.1","21.0",
"USW00094728","2023-05-22",,"0.00",,"0.0","0.0",,"75","57",,,
"USW00094728","2023-05-23","2.91","0.00",,"0.0","0.0",,"70","54","8.9","18.1",
"USW00094728","2023-05-24","2.68","0.08",,"0.0","0.0",,"77","53","14.1","21.9",
"USW00094728","2023-05-25","7.38","0.00",,"0.0","0.0",,"68","50","17.0","25.1",
"USW00094728","2023-05-26","3.36","0.00",,"0.0","0.0",,"72","53","14.1","21.0",
"USW00094728","2023-05-27","3.36","0.00",,"0.0","0.0",,"78","56","10.1","18.1",
"USW00094728","2023-05-28","2.24","0.00",,"0.0","0.0",,"79","59","6.9","13.0",
"USW00094728","2023-05-29","5.37","0.00",,"0.0","0.0",,"79","59","21.9","30.0",
"USW00094728","2023-05-30","4.92","0.00",,"0.0","0.0",,"72","55","14.1","19.9",
"USW00094728","2023-05-31","2.24","0.00",,"0.0","0.0",,"77","51","8.1","12.1",
"USW00094728","2023-06-01","1.79","0.00",,"0.0","0.0",,"87","59","8.9","13.0",
"USW00094728","2023-06-02","2.01","0.24",,"0.0","0.0",,"91","66","16.1","21.9",
"USW00094728","2023-06-03","7.61","0.00",,"0.0","0.0",,"69","54","15.0","21.9",
"USW00094728","2023-06-04","5.82","0.00",,"0.0","0.0",,"69","49","16.1","23.9",
"USW00094728","2023-06-05","2.91","0.00",,"0.0","0.0",,"76","56","14.1","19.0",
"USW00094728","2023-06-06","3.80","0.00",,"0.0","0.0",,"79","60","14.1","21.9",
"USW00094728","2023-06-07","4.92","0.00",,"0.0","0.0",,"69","57","12.1","21.0",
"USW00094728","2023-06-08","2.68","0.00",,"0.0","0.0",,"72","55","10.1","15.0",
"USW00094728","2023-06-09","3.80","0.00",,"0.0","0.0",,"72","58","8.9","16.1",
"USW00094728","2023-06-10","3.80","0.00",,"0.0","0.0",,"78","58","13.0","19.9",
"USW00094728","2023-06-11","0.89","0.01",,"0.0","0.0",,"82","64","12.1","18.1",
"USW00094728","2023-06-12","2.91","0.30",,"0.0","0.0",,"78","66","13.0","19.9",
"USW00094728","2023-06-13","4.92","0.00",,"0.0","0.0",,"78","64","12.1","19.0",
"USW00094728","2023-06-14","3.80","0.14",,"0.0","0.0",,"76","63","13.0","21.9",
"USW00094728","2023-06-15","5.14","0.00",,"0.0","0.0",,"77","61","13.0","19.9",
"USW00094728","2023-06-16","2.68","0.23",,"0.0","0.0",,"79","63","12.1","19.9",
"USW00094728","2023-06-17","4.47","0.00",,"0.0","0.0",,"77","62","15.0","28.0",
"USW00094728","2023-06-18","4.47","0.00",,"0.0","0.0",,"80","62","12.1","17.0",
"USW00094728","2023-06-19","3.80","0.00",,"0.0","0.0",,"81","65","8.9","17.0",
"USW00094728","2023-06-20","5.37","0.00",,"0.0","0.0",,"78","64","14.1","18.1",
"USW00094728","2023-06-21","10.51","0.00",,"0.0","0.0",,"73","62","17.0","25.1",
"USW00094728","2023-06-22","8.72","0.00",,"0.0","0.0",,"72","60","18.1","25.9",
"USW00094728","2023-06-23","3.13","0.04",,"0.0","0.0",,"71","65","8.1","13.0",
"USW00094728","2023-06-24","0.67","0.07",,"0.0","0.0",,"78","69","8.1","21.9",
"USW00094728","2023-06-25","1.57","0.00",,"0.0","0.0",,"85","71","10.1","16.1",
"USW00094728","2023-06-26","4.03","0.51",,"0.0","0.0",,"78","68","14.1","21.0",
"USW00094728","2023-06-27","1.57","0.08",,"0.0","0.0",,"79","66","8.1","18.1",
"USW00094728","2023-06-28","3.80","0.00",,"0.0","0.0",,"82","66","14.1","23.0",
"USW00094728","2023-06-29","2.46","0.00",,"0.0","0.0",,"82","65","8.1","14.1",
"USW00094728","2023-06-30","1.79","0.00",,"0.0","0.0",,"84","70","8.1","16.1",
"USW00094728","2023-07-01","2.46","0.00",,"0.0","0.0",,"82","69","8.9","40.9",
"USW00094728","2023-07-02","2.24","0.58",,"0.0","0.0",,"88","70","10.1","21.9",
"USW00094728","2023-07-03","2.68","0.45",,"0.0","0.0",,"89","72","8.9","16.1",
"USW00094728","2023-07-04","0.67","0.63",,"0.0","0.0",,"83","73","10.1","14.1",
"USW00094728","2023-07-05","1.79","0.00",,"0.0","0.0",,"93","72","8.1","12.1",
"USW00094728","2023-07-06","1.34","0.00",,"0.0","0.0",,"90","75","8.9","31.1",
"USW00094728","2023-07-07","0.67","0.00",,"0.0","0.0",,"87","74","6.9","32.0",
"USW00094728","2023-07-08","2.91","0.00",,"0.0","0.0",,"88","76","28.0","38.9",
"USW00094728","2023-07-09","1.79","0.98",,"0.0","0.0",,"82","72","10.1","19.0",
"USW00094728","2023-07-10","3.80","0.00",,"0.0","0.0",,"84","71","12.1","17.0",
"USW00094728","2023-07-11","2.91","0.00",,"0.0","0.0",,"89","68","8.9","14.1",
"USW00094728","2023-07-12","3.13","0.00",,"0.0","0.0",,"91","76","10.1","16.1",
"USW00094728","2023-07-13","2.46","0.00",,"0.0","0.0",,"88","77","8.1","19.0",
"USW00094728","2023-07-14","4.47","0.48",,"0.0","0.0",,"84","71","16.1","30.0",
"USW00094728","2023-07-15","1.57","0.04",,"0.0","0.0",,"88","71","8.9","28.0",
"USW00094728","2023-07-16","1.57","1.32",,"0.0","0.0",,"78","74","8.1","21.9",
"USW00094728","2023-07-17","2.68","0.00",,"0.0","0.0",,"88","74","8.1","14.1",
"USW00094728","2023-07-18","1.34","0.22",,"0.0","0.0",,"84","73","8.9","16.1",
"USW00094728","2023-07-19","1.34","0.00",,"0.0","0.0",,"80","72","8.1","11.0",
"USW00094728","2023-07-20","2.68","0.00",,"0.0","0.0",,"88","72","8.1","14.1",
"USW00094728","2023-07-21","3.13","0.15",,"0.0","0.0",,"84","71","10.1","17.0",
"USW00094728","2023-07-22","3.13","0.00",,"0.0","0.0",,"85","70","10.1","15.0",
"USW00094728","2023-07-23","1.57","0.00",,"0.0","0.0",,"88","69","8.9","15.0",
"USW00094728","2023-07-24","3.13","0.00",,"0.0","0.0",,"85","74","12.1","18.1",
"USW00094728","2023-07-25","2.91","0.28",,"0.0","0.0",,"86","68","13.0","23.9",
"USW00094728","2023-07-26","2.01","0.00",,"0.0","0.0",,"87","68","8.9","15.0",
"USW00094728","2023-07-27","4.92","0.15",,"0.0","0.0",,"92","75","14.1","25.9",
"USW00094728","2023-07-28","2.46","0.00",,"0.0","0.0",,"92","75","12.1","23.9",
"USW00094728","2023-07-29","5.14","0.06",,"0.0","0.0",,"89","70","15.0","27.1",
"USW00094728","2023-07-30","4.70","0.00",,"0.0","0.0",,"80","66","13.0","19.0",
"USW00094728","2023-07-31","2.91","0.00",,"0.0","0.0",,"85","66","10.1","17.0",
"USW00094728","2023-08-01","4.70","0.00",,"0.0","0.0",,"82","65","13.0","18.1",
"USW00094728","2023-08-02","2.91","0.00",,"0.0","0.0",,"81","64","8.9","13.0",
"USW00094728","2023-08-03","3.13","0.00",,"0.0","0.0",,"80","66","10.1","19.9",
"USW00094728","2023-08-04","2.68","0.00",,"0.0","0.0",,"77","71","8.1","15.0",
"USW00094728","2023-08-05","3.36","0.00",,"0.0","0.0",,"87","71","10.1","14.1",
"USW00094728","2023-08-06","2.24","0.00",,"0.0","0.0",,"87","69","8.9","16.1",
"USW00094728","2023-08-07","2.01","1.12",,"0.0","0.0",,"81","68","8.9","21.0",
"USW00094728","2023-08-08","5.37","0.01",,"0.0","0.0",,"80","70","16.1","28.0",
"USW00094728","2023-08-09","6.93","0.00",,"0.0","0.0",,"86","69","15.0","23.0",
"USW00094728","2023-08-10","2.01","0.48",,"0.0","0.0",,"81","70","8.1","17.0",
"USW00094728","2023-08-11","3.80","0.00",,"0.0","0.0",,"85","67","13.0","21.0",
"USW00094728","2023-08-12","2.91","0.00",,"0.0","0.0",,"85","69","8.1","19.9",
"USW00094728","2023-08-13","4.70","0.69",,"0.0","0.0",,"88","69","10.1","30.0",
"USW00094728","2023-08-14","1.12","0.02",,"0.0","0.0",,"87","72","6.9","13.0",
"USW00094728","2023-08-15","4.70","0.77",,"0.0","0.0",,"80","70","14.1","19.9",
"USW00094728","2023-08-16","2.91","1.33",,"0.0","0.0",,"82","69","8.9","14.1",
"USW00094728","2023-08-17","3.80","0.00",,"0.0","0.0",,"79","72","12.1","19.9",
"USW00094728","2023-08-18","4.92","0.77",,"0.0","0.0",,"80","65","18.1","29.1",
"USW00094728","2023-08-19","4.92","0.00",,"0.0","0.0",,"78","63","12.1","19.0",
"USW00094728","2023-08-20","3.58","0.00",,"0.0","0.0",,"85","66","10.1","16.1",
"USW00094728","2023-08-21","4.47","0.00",,"0.0","0.0",,"88","73","10.1","16.1",
"USW00094728","2023-08-22","4.92","0.00",,"0.0","0.0",,"79","67","14.1","21.9",
"USW00094728","2023-08-23","3.13","0.00",,"0.0","0.0",,"80","64","12.1","18.1",
"USW00094728","2023-08-24","1.12","0.14",,"0.0","0.0",,"73","67","8.1","15.0",
"USW00094728","2023-08-25","1.34","0.44",,"0.0","0.0",,"78","69","8.9","28.0",
"USW00094728","2023-08-26","2.68","0.52",,"0.0","0.0",,"84","73","8.9","14.1",
"USW00094728","2023-08-27","4.70","0.00",,"0.0","0.0",,"84","70","10.1","15.0",
"USW00094728","2023-08-28","3.80","0.00",,"0.0","0.0",,"76","69","8.9","19.0",
"USW00094728","2023-08-29","4.25","0.00",,"0.0","0.0",,"80","68","10.1","14.1",
"USW00094728","2023-08-30","4.92","0.27",,"0.0","0.0",,"83","68","14.1","23.9",
"USW00094728","2023-08-31","7.38","0.00",,"0.0","0.0",,"77","64","16.1","23.9",
"USW00094728","2023-09-01","4.47","0.00",,"0.0","0.0",,"76","61","13.0","18.1",
"USW00094728","2023-09-02","2.24","0.00",,"0.0","0.0",,"79","62","8.9","14.1",
"USW00094728","2023-09-03","4.03","0.00",,"0.0","0.0",,"88","68","10.1","16.1",
"USW00094728","2023-09-04","1.79","0.00",,"0.0","0.0",,"89","73","14.1","18.1",
"USW00094728","2023-09-05","2.91","0.00",,"0.0","0.0",,"92","75","8.9","13.0",
"USW00094728","2023-09-06","2.46","0.00",,"0.0","0.0",,"93","77","8.1","11.0",
"USW00094728","2023-09-07","2.01","0.00",,"0.0","0.0",,"93","76","10.1","19.0",
"USW00094728","2023-09-08","1.79","0.10",,"0.0","0.0",,"90","71","12.1","17.0",
"USW00094728","2023-09-09","1.12","0.02",,"0.0","0.0",,"84","70","15.0","25.1",
"USW00094728","2023-09-10","2.46","1.80",,"0.0","0.0",,"77","69","12.1","19.9",
"USW00094728","2023-09-11","2.91","1.66",,"0.0","0.0",,"82","69","10.1","15.0",
"USW00094728","2023-09-12","0.89","0.00",,"0.0","0.0",,"82","68","6.9","11.0",
"USW00094728","2023-09-13","2.68","0.22",,"0.0","0.0",,"79","70","10.1","16.1",
"USW00094728","2023-09-14","5.37","0.00",,"0.0","0.0",,"77","63","12.1","19.0",
"USW00094728","2023-09-15","6.26","0.00",,"0.0","0.0",,"69","58","14.1","21.9",
"USW00094728","2023-09-16","6.26","0.00",,"0.0","0.0",,"75","60","15.0","21.9",
"USW00094728","2023-09-17","2.24","0.21",,"0.0","0.0",,"77","59","8.1","13.0",
"USW00094728","2023-09-18","3.36","1.34",,"0.0","0.0",,"68","60","12.1","17.0",
"USW00094728","2023-09-19","4.47","0.00",,"0.0","0.0",,"72","58","13.0","19.9",
"USW00094728","2023-09-20","2.68","0.00",,"0.0","0.0",,"74","58","10.1","15.0",
"USW00094728","2023-09-21","3.36","0.00",,"0.0","0.0",,"71","57","8.9","14.1",
"USW00094728","2023-09-22","6.93","0.00",,"0.0","0.0",,"71","59","17.0","25.9",
"USW00094728","2023-09-23","11.63","0.96",,"0.0","0.0",,"63","57","19.9","33.1",
"USW00094728","2023-09-24","11.86","1.25",,"0.0","0.0",,"66","62","19.9","31.1",
"USW00094728","2023-09-25","9.62","0.59",,"0.0","0.0",,"66","57","23.0","36.9",
"USW00094728","2023-09-26","6.71","0.20",,"0.0","0.0",,"60","54","14.1","21.0",
"USW00094728","2023-09-27","6.93","0.00",,"0.0","0.0",,"64","50","18.1","25.9",
"USW00094728","2023-09-28","6.49","0.38",,"0.0","0.0",,"65","56","14.1","21.0",
"USW00094728","2023-09-29","8.05","5.48",,"0.0","0.0",,"63","59","17.0","29.1",
"USW00094728","2023-09-30","5.14","0.04",,"0.0","0.0",,"66","57","13.0","18.1",
"USW00094728","2023-10-01","4.25","0.00",,"0.0","0.0",,"76","59","14.1","19.0",
"USW00094728","2023-10-02","2.24","0.00",,"0.0","0.0",,"77","63","12.1","19.0",
"USW00094728","2023-10-03","0.89","0.00",,"0.0","0.0",,"80","61","6.9","8.9",
"USW00094728","2023-10-04","1.57","0.00",,"0.0","0.0",,"83","66","6.9","13.0",
"USW00094728","2023-10-05","2.24","0.00",,"0.0","0.0",,"77","62","8.9","14.1",
"USW00094728","2023-10-06","2.24","0.14",,"0.0","0.0",,"71","67","10.1","12.1",
"USW00094728","2023-10-07","5.82","0.35",,"0.0","0.0",,"69","53","14.1","21.0",
"USW00094728","2023-10-08","6.71","0.00",,"0.0","0.0",,"59","50","15.0","25.1",
"USW00094728","2023-10-09","4.03","0.00",,"0.0","0.0",,"60","49","12.1","18.1",
"USW00094728","2023-10-10","3.36","0.02",,"0.0","0.0",,"63","52","12.1","18.1",
"USW00094728","2023-10-11","2.01","0.00",,"0.0","0.0",,"69","55","12.1","18.1",
"USW00094728","2023-10-12","1.79","0.00",,"0.0","0.0",,"69","53","8.1","11.0",
"USW00094728","2023-10-13","3.80","0.00",,"0.0","0.0",,"63","51","10.1","15.0",
"USW00094728","2023-10-14","4.47","0.81",,"0.0","0.0",,"56","49","13.0","17.0",
"USW00094728","2023-10-15","5.82","0.01",,"0.0","0.0",,"60","50","14.1","23.0",
"USW00094728","2023-10-16","4.03","0.00",,"0.0","0.0",,"63","48","12.1","16.1",
"USW00094728","2023-10-17","2.91","0.00",,"0.0","0.0",,"61","51","10.1","14.1",
"USW00094728","2023-10-18","2.01","0.00",,"0.0","0.0",,"63","52","6.9","12.1",
"USW00094728","2023-10-19","2.01","0.00",,"0.0","0.0",,"64","52","8.9","15.0",
"USW00094728","2023-10-20","2.68","0.84",,"0.0","0.0",,"63","59","8.9","17.0",
"USW00094728","2023-10-21","5.59","0.67",,"0.0","0.0",,"63","56","18.1","28.0",
"USW00094728","2023-10-22","8.28","0.00",,"0.0","0.0",,"57","48","18.1","31.1",
"USW00094728","2023-10-23","5.37","0.00",,"0.0","0.0",,"60","47","15.0","25.1",
"USW00094728","2023-10-24","2.91","0.00",,"0.0","0.0",,"65","47","8.9","17.0",
"USW00094728","2023-10-25","5.14","0.00",,"0.0","0.0",,"72","53","13.0","21.0",
"USW00094728","2023-10-26","2.46","0.00",,"0.0","0.0",,"77","58","10.1","17.0",
"USW00094728","2023-10-27","3.80","0.00",,"0.0","0.0",,"74","63","8.9","16.1",
"USW00094728","2023-10-28","4.92","0.00",,"0.0","0.0",,"80","63","10.1","17.0",
"USW00094728","2023-10-29","6.93","0.47",,"0.0","0.0",,"63","51","14.1","21.9",
"USW00094728","2023-10-30","4.47","0.59",,"0.0","0.0",,"60","50","15.0","23.0",
"USW00094728","2023-10-31","3.80","0.00",,"0.0","0.0",,"51","45","14.1","19.9",
"USW00094728","2023-11-01","6.71","0.01",,"0.0","0.0",,"49","39","15.0","25.9",
"USW00094728","2023-11-02","4.47","0.00",,"0.0","0.0",,"48","35","8.9","14.1",
"USW00094728","2023-11-03","4.92","0.00",,"0.0","0.0",,"55","42","12.1","19.9",
"USW00094728","2023-11-04","2.91","0.00",,"0.0","0.0",,"61","47","12.1","17.0",
"USW00094728","2023-11-05","2.24","0.00",,"0.0","0.0",,"65","49","8.9","16.1",
"USW00094728","2023-11-06","3.80","0.00",,"0.0","0.0",,"56","44","12.1","17.0",
"USW00094728","2023-11-07","5.14","0.06",,"0.0","0.0",,"64","53","13.0","19.9",
"USW00094728","2023-11-08","5.37","0.00",,"0.0","0.0",,"54","43","16.1","25.1",
"USW00094728","2023-11-09","3.13","0.00",,"0.0","0.0",,"57","42","8.9","17.0",
"USW00094728","2023-11-10","4.47","0.00",,"0.0","0.0",,"53","45","13.0","21.0",
"USW00094728","2023-11-11","4.03","0.00",,"0.0","0.0",,"55","42","12.1","19.9",
"USW00094728","2023-11-12","5.14","0.00",,"0.0","0.0",,"44","36","14.1","19.0",
"USW00094728","2023-11-13","3.58","0.00",,"0.0","0.0",,"49","35","12.1","19.9",
"USW00094728","2023-11-14","4.92","0.00",,"0.0","0.0",,"53","42","14.1","23.0",
"USW00094728","2023-11-15","2.91","0.00",,"0.0","0.0",,"53","39","13.0","23.0",
"USW00094728","2023-11-16","3.36","0.00",,"0.0","0.0",,"65","46","10.1","17.0",
"USW00094728","2023-11-17","4.47","0.00",,"0.0","0.0",,"67","52","13.0","19.0",
"USW00094728","2023-11-18","6.04","0.00",,"0.0","0.0",,"63","41","15.0","23.0",
"USW00094728","2023-11-19","4.70","0.00",,"0.0","0.0",,"55","40","14.1","23.0",
"USW00094728","2023-11-20","4.92","0.00",,"0.0","0.0",,"46","37","13.0","21.0",
"USW00094728","2023-11-21","7.38","0.59",,"0.0","0.0",,"48","33","16.1","28.0",
"USW00094728","2023-11-22","4.70","1.93",,"0.0","0.0",,"54","48","14.1","25.9",
"USW00094728","2023-11-23","6.93","0.00",,"0.0","0.0",,"52","44","17.0","25.1",
"USW00094728","2023-11-24","6.26","0.00",,"0.0","0.0",,"51","33","16.1","23.0",
"USW00094728","2023-11-25","2.24","0.00",,"0.0","0.0",,"40","30","10.1","14.1",
"USW00094728","2023-11-26","4.47","0.28",,"0.0","0.0",,"56","35","17.0","29.1",
"USW00094728","2023-11-27","6.71","0.08",,"0.0","0.0",,"56","36","16.1","25.9",
"USW00094728","2023-11-28","9.62","0.00",,"0.0","0.0",,"41","32","16.1","28.0",
"USW00094728","2023-11-29","4.70","0.00",,"0.0","0.0",,"38","27","14.1","21.9",
"USW00094728","2023-11-30","5.82","0.00",,"0.0","0.0",,"51","34","12.1","21.0",
"USW00094728","2023-12-01","3.58","0.41",,"0.0","0.0",,"51","43","10.1","19.0",
"USW00094728","2023-12-02","2.24","0.00",,"0.0","0.0",,"60","47","10.1","15.0",
"USW00094728","2023-12-03","7.16","0.55",,"0.0","0.0",,"53","48","16.1","23.9",
"USW00094728","2023-12-04","6.04","0.00",,"0.0","0.0",,"54","42","15.0","23.9",
"USW00094728","2023-12-05","4.03","0.00",,"0.0","0.0",,"43","38","12.1","17.0",
"USW00094728","2023-12-06","6.04","0.00",,"0.0","0.0",,"43","33","14.1","21.0",
"USW00094728","2023-12-07","6.04","0.00",,"0.0","0.0",,"39","32","13.0","18.1",
"USW00094728","2023-12-08","2.91","0.00",,"0.0","0.0",,"51","38","10.1","15.0",
"USW00094728","2023-12-09","2.01","0.00",,"0.0","0.0",,"59","44","8.1","12.1",
"USW00094728","2023-12-10","4.03","1.12",,"0.0","0.0",,"61","50","16.1","23.0",
"USW00094728","2023-12-11","8.05","0.55",,"0.0","0.0",,"50","38","18.1","35.1",
"USW00094728","2023-12-12","5.59","0.00",,"0.0","0.0",,"44","36","16.1","23.0",
"USW00094728","2023-12-13","6.71","0.00",,"0.0","0.0",,"47","36","14.1","23.0",
"USW00094728","2023-12-14","6.26","0.00",,"0.0","0.0",,"41","33","15.0","19.9",
"USW00094728","2023-12-15","5.37","0.00",,"0.0","0.0",,"58","37","15.0","21.0",
"USW00094728","2023-12-16","5.82","0.00",,"0.0","0.0",,"54","46","13.0","18.1",
"USW00094728","2023-12-17","6.71","0.26",,"0.0","0.0",,"59","47","16.1","30.0",
"USW00094728","2023-12-18","8.95","2.21",,"0.0","0.0",,"62","42","21.9","36.0",
"USW00094728","2023-12-19","7.61","0.00",,"0.0","0.0",,"44","32","16.1","23.9",
"USW00094728","2023-12-20","6.04","0.00",,"0.0","0.0",,"46","30","14.1","21.0",
"USW00094728","2023-12-21","6.49","0.00",,"0.0","0.0",,"42","30","14.1","23.9",
"USW00094728","2023-12-22","3.58","0.00",,"0.0","0.0",,"37","25","8.9","15.0",
"USW00094728","2023-12-23","3.58","0.00",,"0.0","0.0",,"44","34","8.9","13.0",
"USW00094728","2023-12-24","1.57","0.02",,"0.0","0.0",,"49","40","8.1","11.0",
"USW00094728","2023-12-25","3.13","0.00",,"0.0","0.0",,"49","43","8.1","12.1",
"USW00094728","2023-12-26","1.57","0.00",,"0.0","0.0",,"51","44","6.9","8.9",
"USW00094728","2023-12-27","5.14","0.32",,"0.0","0.0",,"50","45","18.1","28.0",
"USW00094728","2023-12-28","6.93","1.22",,"0.0","0.0",,"55","49","21.9","32.0",
"USW00094728","2023-12-29","3.36","0.05",,"0.0","0.0",,"55","46","14.1","21.9",
"USW00094728","2023-12-30","6.49","0.00",,"0.0","0.0",,"46","39","14.1","21.0",
"USW00094728","2023-12-31","5.37","0.00",,"0.0","0.0",,"43","39","13.0","21.0",
"USW00094728","2024-01-01","3.36","0.03",,"0.0","0.0",,"47","35","8.9","16.1",
"USW00094728","2024-01-02","4.03","0.00",,"0.0","0.0",,"42","29","10.1","16.1",
"USW00094728","2024-01-03","4.92","0.00",,"0.0","0.0",,"43","34","10.1","15.0",
"USW00094728","2024-01-04","7.61","0.00",,"0.0","0.0",,"45","28","19.9","30.0",
"USW00094728","2024-01-05","7.16","0.00",,"0.0","0.0",,"37","26","16.1","23.9",
"USW00094728","2024-01-06","6.93","0.41",,"0.2","0.0",,"38","31","23.0","35.1",
"USW00094728","2024-01-07","7.61","0.24",,"0.0","0.0",,"38","34","15.0","23.9",
"USW00094728","2024-01-08","5.14","0.00",,"0.0","0.0",,"45","36","18.1","30.0",
"USW00094728","2024-01-09","6.49","1.73",,"0.0","0.0",,"57","36","23.0","42.9",
"USW00094728","2024-01-10","8.50","0.22",,"0.0","0.0",,"57","44","21.9","36.0",
"USW00094728","2024-01-11","6.93","0.00",,"0.0","0.0",,"47","41","15.0","23.0",
"USW00094728","2024-01-12","6.93","0.08",,"0.0","0.0",,"50","40","16.1","32.0",
"USW00094728","2024-01-13","9.62","0.81",,"0.0","0.0",,"60","35","21.0","38.9",
"USW00094728","2024-01-14","8.28","0.00",,"0.0","0.0",,"44","26","25.1","36.9",
"USW00094728","2024-01-15","5.14","0.04",,"0.4","0.0",,"29","23","13.0","23.9",
"USW00094728","2024-01-16","9.17","0.28",,"1.3","1.2",,"32","22","21.0","36.0",
"USW00094728","2024-01-17","8.28","0.00",,"0.0","1.2",,"24","17","18.1","28.0",
"USW00094728","2024-01-18","6.04","0.00",,"0.0","1.2",,"34","22","16.1","25.9",
"USW00094728","2024-01-19","7.38","0.04",,"0.4","1.2",,"32","26","21.9","36.9",
"USW00094728","2024-01-20","10.74","0.00",,"0.0","1.2",,"26","18","21.0","36.0",
"USW00094728","2024-01-21","9.17","0.00",,"0.0","1.2",,"31","20","21.0","35.1",
"USW00094728","2024-01-22","7.16","0.00",,"0.0","1.2",,"38","25","15.0","21.9",
"USW00094728","2024-01-23","4.92","0.05",,"0.0","1.2",,"40","34","16.1","28.0",
"USW00094728","2024-01-24",,"0.05",,"0.0","0.0",,"48","38","12.1","36.9",
"USW00094728","2024-01-25","4.25","0.24",,"0.0","0.0",,"59","46","13.0","23.0",
"USW00094728","2024-01-26","5.59","0.19",,"0.0","0.0",,"46","42","13.0","30.0",
"USW00094728","2024-01-27",,"0.00",,"0.0","0.0",,"49","43","11.0","36.9",
"USW00094728","2024-01-28","9.40","0.82",,"0.0","0.0",,"44","37","25.9","44.1",
"USW00094728","2024-01-29","7.61","0.05",,"0.0","0.0",,"40","36","17.0","35.1",
"USW00094728","2024-01-30","4.70","0.00",,"0.0","0.0",,"38","35","14.1","25.9",
"USW00094728","2024-01-31","3.58","0.00",,"0.0","0.0",,"40","34","10.1","19.9",
"USW00094728","2024-02-01","3.80","0.00",,"0.0","0.0",,"46","37","12.1","19.0",
"USW00094728","2024-02-02","5.82","0.32",,"0.0","0.0",,"46","38","13.0","25.1",
"USW00094728","2024-02-03","8.28","0.00",,"0.0","0.0",,"43","32","15.0","23.9",
"USW00094728","2024-02-04","5.14","0.00",,"0.0","0.0",,"46","31","14.1","21.0",
"USW00094728","2024-02-05","7.38","0.00",,"0.0","0.0",,"45","32","17.0","35.1",
"USW00094728","2024-02-06","6.71","0.00",,"0.0","0.0",,"42","29","15.0","23.0",
"USW00094728","2024-02-07","4.25","0.00",,"0.0","0.0",,"48","33","8.9","14.1",
"USW00094728","2024-02-08","3.13","0.00",,"0.0","0.0",,"53","37","8.9","15.0",
"USW00094728","2024-02-09","4.25","0.00",,"0.0","0.0",,"55","43","10.1","21.9",
"USW00094728","2024-02-10","3.13","0.00",,"0.0","0.0",,"60","47","10.1","17.0",
"USW00094728","2024-02-11","5.82","0.00",,"0.0","0.0",,"56","43","13.0","21.9",
"USW00094728","2024-02-12","4.25","0.00",,"0.0","0.0",,"48","37","14.1","21.0",
"USW00094728","2024-02-13","8.50","0.77",,"3.2","1.2",,"41","33","17.0","27.1",
"USW00094728","2024-02-14","11.41","0.00",,"0.0","2.0",,"38","29","21.9","36.9",
"USW00094728","2024-02-15","6.04","0.00",,"0.0","0.0",,"39","27","13.0","25.1",
"USW00094728","2024-02-16","8.28","0.00",,"0.0","0.0",,"43","36","19.9","34.0",
"USW00094728","2024-02-17","7.61","0.18",,"2.0","2.0",,"36","27","15.0","29.1",
"USW00094728","2024-02-18","7.16","0.00",,"0.0","0.0",,"40","26","18.1","33.1",
"USW00094728","2024-02-19","4.92","0.00",,"0.0","0.0",,"41","31","15.0","23.9",
"USW00094728","2024-02-20","5.37","0.00",,"0.0","0.0",,"40","26","15.0","23.0",
"USW00094728","2024-02-21","4.70","0.00",,"0.0","0.0",,"43","30","12.1","18.1",
"USW00094728","2024-02-22","3.80","0.04",,"0.0","0.0",,"45","35","13.0","19.9",
"USW00094728","2024-02-23","2.91","0.04",,"0.0","0.0",,"47","42","8.9","15.0",
"USW00094728","2024-02-24","6.49","0.00",,"0.0","0.0",,"44","28","16.1","23.0",
"USW00094728","2024-02-25","4.25","0.00",,"0.0","0.0",,"41","23","13.0","21.0",
"USW00094728","2024-02-26","4.47","0.01",,"0.0","0.0",,"55","35","13.0","23.0",
"USW00094728","2024-02-27","4.92","0.52",,"0.0","0.0",,"55","40","12.1","19.9",
"USW00094728","2024-02-28","7.61","0.17",,"0.0","0.0",,"62","44","28.0","49.0",
"USW00094728","2024-02-29","10.07","0.00",,"0.0","0.0",,"43","31","23.9","42.9",
"USW00094728","2024-03-01","4.25","0.00",,"0.0","0.0",,"48","30","14.1","23.0",
"USW00094728","2024-03-02","4.47","1.27",,"0.0","0.0",,"55","42","12.1","25.1",
"USW00094728","2024-03-03","4.25","0.00",,"0.0","0.0",,"68","48","12.1","18.1",
"USW00094728","2024-03-04","5.82","0.00",,"0.0","0.0",,"59","46","13.0","21.9",
"USW00094728","2024-03-05","9.17","0.43",,"0.0","0.0",,"49","42","23.0","36.9",
"USW00094728","2024-03-06","4.70","1.20",,"0.0","0.0",,"53","47","21.0","30.0",
"USW00094728","2024-03-07","7.83","0.11",,"0.0","0.0",,"54","44","19.9","31.1",
"USW00094728","2024-03-08","5.14","0.00",,"0.0","0.0",,"57","40","15.0","23.9",
"USW00094728","2024-03-09","7.38","1.53",,"0.0","0.0",,"49","41","19.9","32.0",
"USW00094728","2024-03-10","9.62","0.03",,"0.0","0.0",,"51","37","21.9","38.0",
"USW00094728","2024-03-11","12.75","0.00",,"0.0","0.0",,"52","35","25.9","53.0",
"USW00094728","2024-03-12","6.04","0.00",,"0.0","0.0",,"66","43","15.0","27.1",
"USW00094728","2024-03-13","3.58","0.00",,"0.0","0.0",,"62","48","12.1","19.9",
"USW00094728","2024-03-14","2.46","0.00",,"0.0","0.0",,"74","46","12.1","19.9",
"USW00094728","2024-03-15","6.71","0.00",,"0.0","0.0",,"73","51","18.1","28.0",
"USW00094728","2024-03-16","4.47","0.00",,"0.0","0.0",,"61","47","13.0","23.0",
"USW00094728","2024-03-17","6.71","0.00",,"0.0","0.0",,"63","48","18.1","31.1",
"USW00094728","2024-03-18","7.38","0.00",,"0.0","0.0",,"51","38","17.0","29.1",
"USW00094728","2024-03-19","7.61","0.00",,"0.0","0.0",,"48","36","17.0","31.1",
"USW00094728","2024-03-20","6.71","0.01",,"0.0","0.0",,"57","34","21.9","38.9",
"USW00094728","2024-03-21","9.17","0.00",,"0.0","0.0",,"43","30","19.9","36.9",
"USW00094728","2024-03-22","4.92","0.00",,"0.0","0.0",,"46","29","13.0","23.0",
"USW00094728","2024-03-23","7.16","3.66",,"0.0","0.0",,"50","35","18.1","35.1",
"USW00094728","2024-03-24","7.83","0.00",,"0.0","0.0",,"48","31","16.1","25.9",
"USW00094728","2024-03-25","8.72","0.00",,"0.0","0.0",,"53","35","25.1","36.0",
"USW00094728","2024-03-26","6.04","0.00",,"0.0","0.0",,"53","39","16.1","23.9",
"USW00094728","2024-03-27","2.68","0.06",,"0.0","0.0",,"52","42","12.1","16.1",
"USW00094728","2024-03-28","4.70","0.70",,"0.0","0.0",,"51","44","13.0","19.9",
"USW00094728","2024-03-29","11.18","0.00",,"0.0","0.0",,"56","42","23.0","40.0",
"USW00094728","2024-03-30","8.50","0.04",,"0.0","0.0",,"62","41","18.1","32.0",
"USW00094728","2024-03-31","4.47","0.02",,"0.0","0.0",,"62","47","14.1","23.0",
"USW00094728","2024-04-01","2.91","0.01",,"0.0","0.0",,"54","49","10.1","16.1",
"USW00094728","2024-04-02","6.93","0.87",,"0.0","0.0",,"51","44","15.0","23.0",
"USW00094728","2024-04-03","14.09","1.55",,"0.0","0.0",,"45","41","33.1","59.1",
"USW00094728","2024-04-04","6.71","0.21",,"0.0","0.0",,"53","37","25.9","45.0",
"USW00094728","2024-04-05","8.05","0.00",,"0.0","0.0",,"50","38","16.1","30.0",
"USW00094728","2024-04-06","7.61","0.00",,"0.0","0.0",,"54","42","16.1","29.1",
"USW00094728","2024-04-07","6.49","0.00",,"0.0","0.0",,"60","43","17.0","27.1",
"USW00094728","2024-04-08","2.24","0.00",,"0.0","0.0",,"69","43","8.1","13.0",
"USW00094728","2024-04-09","2.91","0.00",,"0.0","0.0",,"80","55","12.1","19.0",
"USW00094728","2024-04-10","6.71","0.00",,"0.0","0.0",,"67","51","13.0","21.0",
"USW00094728","2024-04-11","6.26","0.24",,"0.0","0.0",,"61","50","15.0","30.0",
"USW00094728","2024-04-12","8.95","0.34",,"0.0","0.0",,"63","56","17.0","40.9",
"USW00094728","2024-04-13","11.63","0.01",,"0.0","0.0",,"56","47","23.9","44.1",
"USW00094728","2024-04-14","4.92","0.10",,"0.0","0.0",,"75","48","21.9","38.9",
"USW00094728","2024-04-15","5.37","0.00",,"0.0","0.0",,"82","58","17.0","30.0",
"USW00094728","2024-04-16","4.25","0.00",,"0.0","0.0",,"73","54","14.1","21.9",
"USW00094728","2024-04-17","6.93","0.02",,"0.0","0.0",,"62","50","15.0","21.9",
"USW00094728","2024-04-18","10.74","0.01",,"0.0","0.0",,"50","45","21.9","35.1",
"USW00094728","2024-04-19","5.14","0.00",,"0.0","0.0",,"60","46","13.0","19.0",
"USW00094728","2024-04-20","4.25","0.05",,"0.0","0.0",,"71","47","16.1","28.0",
"USW00094728","2024-04-21","5.37","0.00",,"0.0","0.0",,"54","42","14.1","21.9",
"USW00094728","2024-04-22","4.03","0.00",,"0.0","0.0",,"64","42","13.0","21.9",
"USW00094728","2024-04-23","4.92","0.00",,"0.0","0.0",,"65","46","17.0","32.0",
"USW00094728","2024-04-24","4.92","0.00",,"0.0","0.0",,"74","50","17.0","31.1",
"USW00094728","2024-04-25","5.59","0.00",,"0.0","0.0",,"60","43","18.1","28.0",
"USW00094728","2024-04-26","4.47","0.00",,"0.0","0.0",,"65","43","12.1","23.0",
"USW00094728","2024-04-27","3.13","0.00",,"0.0","0.0",,"64","46","12.1","21.9",
"USW00094728","2024-04-28","1.34","0.01",,"0.0","0.0",,"79","52","8.9","15.0",
"USW00094728","2024-04-29","3.36","0.02",,"0.0","0.0",,"87","63","12.1","25.9",
"USW00094728","2024-04-30","7.38","0.03",,"0.0","0.0",,"66","52","15.0","23.0",
"USW00094728","2024-05-01","2.91","0.02",,"0.0","0.0",,"80","53","10.1","19.9",
"USW00094728","2024-05-02","3.58","0.00",,"0.0","0.0",,"79","53","14.1","23.9",
"USW00094728","2024-05-03","5.37","0.00",,"0.0","0.0",,"65","52","15.0","21.9",
"USW00094728","2024-05-04","4.92","0.00",,"0.0","0.0",,"63","49","10.1","21.0",
"USW00094728","2024-05-05","4.70","0.31",,"0.0","0.0",,"54","49","12.1","21.9",
"USW00094728","2024-05-06","2.24","0.00",,"0.0","0.0",,"74","53","8.1","13.0",
"USW00094728","2024-05-07","3.36","0.00",,"0.0","0.0",,"80","59","12.1","19.0",
"USW00094728","2024-05-08","3.80","0.21",,"0.0","0.0",,"84","65","13.0","25.9",
"USW00094728","2024-05-09","5.82","0.00",,"0.0","0.0",,"70","56","13.0","21.0",
"USW00094728","2024-05-10","6.04","0.23",,"0.0","0.0",,"56","48","16.1","25.1",
"USW00094728","2024-05-11","3.13","0.00",,"0.0","0.0",,"64","47","13.0","25.1",
"USW00094728","2024-05-12","2.68","0.15",,"0.0","0.0",,"57","48","8.9","16.1",
"USW00094728","2024-05-13","3.80","0.00",,"0.0","0.0",,"65","49","10.1","17.0",
"USW00094728","2024-05-14","1.79","0.03",,"0.0","0.0",,"72","55","8.1","16.1",
"USW00094728","2024-05-15","7.61","0.28",,"0.0","0.0",,"64","59","17.0","33.1",
"USW00094728","2024-05-16","8.28","0.27",,"0.0","0.0",,"64","59","17.0","29.1",
"USW00094728","2024-05-17","4.47","0.00",,"0.0","0.0",,"72","58","18.1","28.0",
"USW00094728","2024-05-18","3.80","0.04",,"0.0","0.0",,"69","59","10.1","15.0",
"USW00094728","2024-05-19","4.25","0.00",,"0.0","0.0",,"75","56","13.0","19.9",
"USW00094728","2024-05-20","3.58","0.00",,"0.0","0.0",,"74","55","8.9","19.9",
"USW00094728","2024-05-21","2.91","0.00",,"0.0","0.0",,"83","58","8.9","16.1",
"USW00094728","2024-05-22","5.14","0.00",,"0.0","0.0",,"84","67","10.1","21.9",
"USW00094728","2024-05-23","2.91","0.78",,"0.0","0.0",,"79","67","12.1","23.9",
"USW00094728","2024-05-24","2.46","0.00",,"0.0","0.0",,"84","68","12.1","19.9",
"USW00094728","2024-05-25","2.46","0.00",,"0.0","0.0",,"81","66","10.1","17.0",
"USW00094728","2024-05-26","2.91","0.00",,"0.0","0.0",,"82","65","8.1","19.0",
"USW00094728","2024-05-27","2.91","0.96",,"0.0","0.0",,"73","66","12.1","25.1",
"USW00094728","2024-05-28","6.49","0.00",,"0.0","0.0",,"79","65","16.1","29.1",
"USW00094728","2024-05-29","3.58","0.65",,"0.0","0.0",,"76","60","17.0","30.0",
"USW00094728","2024-05-30","4.92","0.18",,"0.0","0.0",,"71","57","15.0","19.9",
"USW00094728","2024-05-31","4.47","0.00",,"0.0","0.0",,"75","59","12.1","21.9",
"USW00094728","2024-06-01","2.91","0.00",,"0.0","0.0",,"83","60","8.9","17.0",
"USW00094728","2024-06-02","2.46","0.00",,"0.0","0.0",,"81","67","10.1","19.0",
"USW00094728","2024-06-03","2.91","0.00",,"0.0","0.0",,"86","72","10.1","14.1",
"USW00094728","2024-06-04","2.91","0.00",,"0.0","0.0",,"79","65","8.9","16.1",
"USW00094728","2024-06-05","2.46","0.00",,"0.0","0.0",,"79","65","10.1","21.9",
"USW00094728","2024-06-06","2.01","0.77",,"0.0","0.0",,"81","68","16.1","25.1",
"USW00094728","2024-06-07","3.36","0.00",,"0.0","0.0",,"82","66","17.0","32.0",
"USW00094728","2024-06-08","5.59","0.00",,"0.0","0.0",,"76","63","15.0","28.0",
"USW00094728","2024-06-09","4.92","0.00",,"0.0","0.0",,"74","65","14.1","31.1",
"USW00094728","2024-06-10","6.04","0.00",,"0.0","0.0",,"75","62","13.0","21.9",
"USW00094728","2024-06-11","3.13","0.00",,"0.0","0.0",,"73","59","8.9","14.1",
"USW00094728","2024-06-12","2.24","0.00",,"0.0","0.0",,"76","61","8.1","13.0",
"USW00094728","2024-06-13","3.13","0.00",,"0.0","0.0",,"84","65","12.1","19.9",
"USW00094728","2024-06-14","3.36","0.28",,"0.0","0.0",,"85","65","17.0","33.1",
"USW00094728","2024-06-15","3.58","0.00",,"0.0","0.0",,"80","65","14.1","21.0",
"USW00094728","2024-06-16","5.14","0.00",,"0.0","0.0",,"78","63","13.0","19.9",
"USW00094728","2024-06-17","2.91","0.00",,"0.0","0.0",,"83","65","8.9","19.0",
"USW00094728","2024-06-18","3.13","0.00",,"0.0","0.0",,"86","71","8.9","19.0",
"USW00094728","2024-06-19","2.46","0.00",,"0.0","0.0",,"89","72","8.9","19.0",
"USW00094728","2024-06-20","3.36","0.00",,"0.0","0.0",,"91","72","8.9","17.0",
"USW00094728","2024-06-21","3.58","0.00",,"0.0","0.0",,"94","76","16.1","25.9",
"USW00094728","2024-06-22","0.89","0.11",,"0.0","0.0",,"93","75","10.1","18.1",
"USW00094728","2024-06-23",,"0.00",,"0.0","0.0",,"92","73","12.1","29.1",
"USW00094728","2024-06-24",,"0.00",,"0.0","0.0",,"80","72","19.9","35.1",
"USW00094728","2024-06-25","4.25","0.00",,"0.0","0.0",,"90","69","13.0","21.9",
"USW00094728","2024-06-26","4.03","0.08",,"0.0","0.0",,"93","70","21.0","46.1",
"USW00094728","2024-06-27","5.82","0.23",,"0.0","0.0",,"84","67","13.0","21.9",
"USW00094728","2024-06-28","3.58","0.00",,"0.0","0.0",,"79","64","12.1","19.9",
"USW00094728","2024-06-29","4.25","0.06",,"0.0","0.0",,"79","66","13.0","25.9",
"USW00094728","2024-06-30","4.92","0.18",,"0.0","0.0",,"85","70","15.0","23.0",
"USW00094728","2024-07-01","6.04","0.00",,"0.0","0.0",,"81","64","15.0","28.0",
"USW00094728","2024-07-02","3.13","0.00",,"0.0","0.0",,"86","66","8.9","17.0",
"USW00094728","2024-07-03","3.80","0.00",,"0.0","0.0",,"83","69","10.1","23.9",
"USW00094728","2024-07-04","2.91","0.04",,"0.0","0.0",,"89","70","8.9","18.1",
"USW00094728","2024-07-05","1.57","0.10",,"0.0","0.0",,"90","74","10.1","19.9",
"USW00094728","2024-07-06","1.34","0.05",,"0.0","0.0",,"92","73","10.1","18.1",
"USW00094728","2024-07-07","4.03","0.00",,"0.0","0.0",,"93","79","8.9","16.1",
"USW00094728","2024-07-08","2.01","0.00",,"0.0","0.0",,"95","77","8.9","15.0",
"USW00094728","2024-07-09","2.24","0.00",,"0.0","0.0",,"89","75","8.9","19.0",
"USW00094728","2024-07-10","3.13","0.00",,"0.0","0.0",,"91","78","13.0","29.1",
"USW00094728","2024-07-11","4.70","0.11",,"0.0","0.0",,"89","75","14.1","23.9",
"USW00094728","2024-07-12","1.34","0.06",,"0.0","0.0",,"84","72","8.1","15.0",
"USW00094728","2024-07-13","1.57","2.06",,"0.0","0.0",,"87","72","8.1","14.1",
"USW00094728","2024-07-14","2.46","0.00",,"0.0","0.0",,"90","75","10.1","23.9",
"USW00094728","2024-07-15","2.46","0.12",,"0.0","0.0",,"91","73","10.1","21.9",
"USW00094728","2024-07-16","3.80","0.00",,"0.0","0.0",,"94","78","14.1","29.1",
"USW00094728","2024-07-17","2.91","1.46",,"0.0","0.0",,"90","72","14.1","23.9",
"USW00094728","2024-07-18","2.68","0.00",,"0.0","0.0",,"86","72","10.1","18.1",
"USW00094728","2024-07-19","2.91","0.00",,"0.0","0.0",,"83","67","8.9","16.1",
"USW00094728","2024-07-20","2.01","0.00",,"0.0","0.0",,"83","71","12.1","19.9",
"USW00094728","2024-07-21","2.68","0.00",,"0.0","0.0",,"88","73","8.1","15.0",
"USW00094728","2024-07-22","2.68","0.01",,"0.0","0.0",,"84","71","8.9","19.0",
"USW00094728","2024-07-23","4.03","0.11",,"0.0","0.0",,"81","71","10.1","15.0",
"USW00094728","2024-07-24","4.25","0.00",,"0.0","0.0",,"81","73","10.1","17.0",
"USW00094728","2024-07-25","2.91","0.00",,"0.0","0.0",,"83","72","10.1","19.9",
"USW00094728","2024-07-26","5.14","0.00",,"0.0","0.0",,"84","67","15.0","23.9",
"USW00094728","2024-07-27","3.58","0.00",,"0.0","0.0",,"87","69","8.9","16.1",
"USW00094728","2024-07-28","3.80","0.00",,"0.0","0.0",,"89","70","12.1","15.0",
"USW00094728","2024-07-29","2.91","0.05",,"0.0","0.0",,"84","68","12.1","16.1",
"USW00094728","2024-07-30","2.91","0.00",,"0.0","0.0",,"88","75","12.1","25.1",
"USW00094728","2024-07-31","3.36","0.03",,"0.0","0.0",,"89","73","15.0","28.0",
"USW00094728","2024-08-01","2.01","0.00",,"0.0","0.0",,"95","76","8.9","16.1",
"USW00094728","2024-08-02","2.46","0.52",,"0.0","0.0",,"92","74","12.1","23.9",
"USW00094728","2024-08-03","4.03","0.73",,"0.0","0.0",,"93","73","14.1","21.9",
"USW00094728","2024-08-04","3.13","0.17",,"0.0","0.0",,"83","71","8.9","17.0",
"USW00094728","2024-08-05","2.68","0.00",,"0.0","0.0",,"90","73","8.1","19.0",
"USW00094728","2024-08-06","3.36","2.08",,"0.0","0.0",,"90","72","12.1","19.0",
"USW00094728","2024-08-07","8.28","0.13",,"0.0","0.0",,"72","64","16.1","28.0",
"USW00094728","2024-08-08","7.16","0.36",,"0.0","0.0",,"70","65","13.0","21.9",
"USW00094728","2024-08-09","6.04","0.11",,"0.0","0.0",,"80","70","15.0","32.0",
"USW00094728","2024-08-10","4.47","0.00",,"0.0","0.0",,"85","73","12.1","19.9",
"USW00094728","2024-08-11","2.91","0.00",,"0.0","0.0",,"80","69","12.1","19.9",
"USW00094728","2024-08-12","3.36","0.00",,"0.0","0.0",,"81","66","13.0","21.0",
"USW00094728","2024-08-13","3.58","0.00",,"0.0","0.0",,"81","64","13.0","19.9",
"USW00094728","2024-08-14","3.13","0.00",,"0.0","0.0",,"85","67","15.0","21.9",
"USW00094728","2024-08-15","0.89","0.00",,"0.0","0.0",,"86","68","8.1","13.0",
"USW00094728","2024-08-16","3.13","0.00",,"0.0","0.0",,"87","70","8.9","18.1",
"USW00094728","2024-08-17","3.58","0.04",,"0.0","0.0",,"79","67","10.1","19.9",
"USW00094728","2024-08-18","3.13","2.29",,"0.0","0.0",,"81","69","13.0","25.1",
"USW00094728","2024-08-19","2.91","0.25",,"0.0","0.0",,"84","68","14.1","23.9",
"USW00094728","2024-08-20","5.82","0.00",,"0.0","0.0",,"72","61","13.0","21.9",
"USW00094728","2024-08-21","5.82","0.00",,"0.0","0.0",,"73","57","13.0","23.9",
"USW00094728","2024-08-22","3.36","0.00",,"0.0","0.0",,"76","59","13.0","19.0",
"USW00094728","2024-08-23","2.68","0.00",,"0.0","0.0",,"80","62","12.1","19.0",
"USW00094728","2024-08-24","1.34","0.00",,"0.0","0.0",,"83","65","8.1","14.1",
"USW00094728","2024-08-25","2.68","0.00",,"0.0","0.0",,"85","68","10.1","16.1",
"USW00094728","2024-08-26","2.24","0.04",,"0.0","0.0",,"85","69","12.1","16.1",
"USW00094728","2024-08-27","2.46","0.00",,"0.0","0.0",,"86","67","10.1","19.0",
"USW00094728","2024-08-28","4.92","0.00",,"0.0","0.0",,"91","74","14.1","21.0",
"USW00094728","2024-08-29","6.49","0.00",,"0.0","0.0",,"82","70","16.1","23.9",
"USW00094728","2024-08-30","5.37","0.30",,"0.0","0.0",,"74","61","12.1","19.9",
"USW00094728","2024-08-31","2.01","0.00",,"0.0","0.0",,"77","67","8.1","15.0",
"USW00094728","2024-09-01","2.68","0.00",,"0.0","0.0",,"81","73","8.9","14.1",
"USW00094728","2024-09-02","4.47","0.00",,"0.0","0.0",,"79","63","12.1","23.0",
"USW00094728","2024-09-03","4.03","0.00",,"0.0","0.0",,"74","58","14.1","21.0",
"USW00094728","2024-09-04","2.01","0.00",,"0.0","0.0",,"77","59","10.1","14.1",
"USW00094728","2024-09-05","4.47","0.00",,"0.0","0.0",,"77","61","13.0","19.0",
"USW00094728","2024-09-06","3.36","0.00",,"0.0","0.0",,"78","63","13.0","19.9",
"USW00094728","2024-09-07","3.36","0.24",,"0.0","0.0",,"76","59","12.1","23.0",
"USW00094728","2024-09-08","4.92","0.00",,"0.0","0.0",,"69","55","14.1","25.1",
"USW00094728","2024-09-09","2.46","0.00",,"0.0","0.0",,"75","55","10.1","19.9",
"USW00094728","2024-09-10","4.25","0.00",,"0.0","0.0",,"78","62","8.9","15.0",
"USW00094728","2024-09-11","2.24","0.00",,"0.0","0.0",,"79","59","8.1","12.1",
"USW00094728","2024-09-12","1.79","0.00",,"0.0","0.0",,"80","62","8.9","16.1",
"USW00094728","2024-09-13","1.34","0.00",,"0.0","0.0",,"82","63","6.9","14.1",
"USW00094728","2024-09-14","2.68","0.00",,"0.0","0.0",,"83","65","12.1","17.0",
"USW00094728","2024-09-15","4.70","0.00",,"0.0","0.0",,"80","63","13.0","18.1",
"USW00094728","2024-09-16","5.14","0.00",,"0.0","0.0",,"77","60","12.1","17.0",
"USW00094728","2024-09-17","4.70","0.00",,"0.0","0.0",,"79","65","8.9","15.0",
"USW00094728","2024-09-18","6.49","0.00",,"0.0","0.0",,"75","67","13.0","21.9",
"USW00094728","2024-09-19","5.37","0.00",,"0.0","0.0",,"84","67","13.0","19.9",
"USW00094728","2024-09-20","6.71","0.00",,"0.0","0.0",,"81","67","17.0","21.9",
"USW00094728","2024-09-21","6.71","0.00",,"0.0","0.0",,"79","63","13.0","19.9",
"USW00094728","2024-09-22","6.04","0.00",,"0.0","0.0",,"74","61","14.1","25.9",
"USW00094728","2024-09-23","5.82","0.04",,"0.0","0.0",,"67","59","16.1","21.9",
"USW00094728","2024-09-24","5.59","0.00",,"0.0","0.0",,"68","59","13.0","18.1",
"USW00094728","2024-09-25","4.92","0.00",,"0.0","0.0",,"68","62","8.1",,
"USW00094728","2024-09-26","2.01","0.08",,"0.0","0.0",,"74","64","8.1","13.0",
"USW00094728","2024-09-27","4.03","0.18",,"0.0","0.0",,"74","63","14.1","23.0",
"USW00094728","2024-09-28","8.72","0.26",,"0.0","0.0",,"68","61","17.0","25.9",
"USW00094728","2024-09-29","5.82","0.78",,"0.0","0.0",,"63","60","12.1","21.9",
"USW00094728","2024-09-30","5.14","0.00",,"0.0","0.0",,"72","60","14.1","21.0",
"USW00094728","2024-10-01","6.26","0.00",,"0.0","0.0",,"69","60","14.1","21.9",
"USW00094728","2024-10-02","4.25","0.00",,"0.0","0.0",,"68","58","12.1","17.0",
"USW00094728","2024-10-03","0.89","0.00",,"0.0","0.0",,"72","62","6.9","13.0",
"USW00094728","2024-10-04","1.12","0.00",,"0.0","0.0",,"73","60","6.9","15.0",
"USW00094728","2024-10-05","4.25","0.00",,"0.0","0.0",,"75","61","12.1","21.0",
"USW00094728","2024-10-06","2.46","0.00",,"0.0","0.0",,"71","55","8.9","19.9",
"USW00094728","2024-10-07","5.59","0.00",,"0.0","0.0",,"75","58","13.0","23.0",
"USW00094728","2024-10-08","2.91","0.00",,"0.0","0.0",,"68","53","12.1","18.1",
"USW00094728","2024-10-09","3.58","0.00",,"0.0","0.0",,"68","54","15.0","23.9",
"USW00094728","2024-10-10","6.26","0.00",,"0.0","0.0",,"62","49","14.1","23.9",
"USW00094728","2024-10-11","4.25","0.00",,"0.0","0.0",,"68","46","12.1","23.9",
"USW00094728","2024-10-12","4.92","0.00",,"0.0","0.0",,"74","56","15.0","28.0",
"USW00094728","2024-10-13","4.92","0.00",,"0.0","0.0",,"69","55","12.1","19.0",
"USW00094728","2024-10-14","6.04","0.00",,"0.0","0.0",,"66","48","18.1","35.1",
"USW00094728","2024-10-15","5.82","0.00",,"0.0","0.0",,"57","45","13.0","23.9",
"USW00094728","2024-10-16","6.26","0.00",,"0.0","0.0",,"59","44","15.0","23.0",
"USW00094728","2024-10-17","5.14","0.00",,"0.0","0.0",,"58","43","14.1","21.0",
"USW00094728","2024-10-18","4.25","0.00",,"0.0","0.0",,"66","48","13.0","21.9",
"USW00094728","2024-10-19","1.34","0.00",,"0.0","0.0",,"71","50","6.0","10.1",
"USW00094728","2024-10-20","1.57","0.00",,"0.0","0.0",,"73","52","6.9","13.0",
"USW00094728","2024-10-21","2.68","0.00",,"0.0","0.0",,"79","57","8.1","12.1",
"USW00094728","2024-10-22","1.34","0.00",,"0.0","0.0",,"81","62","8.1","13.0",
"USW00094728","2024-10-23","2.01","0.00",,"0.0","0.0",,"75","59","10.1","19.9",
"USW00094728","2024-10-24","4.92","0.00",,"0.0","0.0",,"69","53","13.0","21.0",
"USW00094728","2024-10-25","2.91","0.00",,"0.0","0.0",,"62","46","12.1","21.9",
"USW00094728","2024-10-26","5.37","0.00",,"0.0","0.0",,"64","51","17.0","31.1",
"USW00094728","2024-10-27","2.91","0.00",,"0.0","0.0",,"57","45","13.0","21.0",
"USW00094728","2024-10-28","2.91","0.00",,"0.0","0.0",,"61","46","8.1","14.1",
"USW00094728","2024-10-29","3.13","0.01",,"0.0","0.0",,"63","52","13.0","23.0",
"USW00094728","2024-10-30","3.36","0.00",,"0.0","0.0",,"76","58","8.9","17.0",
"USW00094728","2024-10-31","3.80","0.00",,"0.0","0.0",,"81","61","12.1","19.9",
"USW00094728","2024-11-01","6.26","0.00",,"0.0","0.0",,"79","57","16.1","32.0",
"USW00094728","2024-11-02","4.25","0.00",,"0.0","0.0",,"60","47","13.0","18.1",
"USW00094728","2024-11-03","5.14","0.00",,"0.0","0.0",,"54","41","14.1","19.9",
"USW00094728","2024-11-04","4.03","0.00",,"0.0","0.0",,"58","44","8.9","17.0",
"USW00094728","2024-11-05","3.36","0.00",,"0.0","0.0",,"73","54","12.1","21.9",
"USW00094728","2024-11-06","4.03","0.00",,"0.0","0.0",,"80","64","12.1","21.9",
"USW00094728","2024-11-07","5.14","0.00",,"0.0","0.0",,"73","54","16.1","25.9",
"USW00094728","2024-11-08","5.37","0.00",,"0.0","0.0",,"69","50","19.9","36.9",
"USW00094728","2024-11-09","4.25","0.00",,"0.0","0.0",,"54","43","14.1","28.0",
"USW00094728","2024-11-10","3.36","0.08",,"0.0","0.0",,"58","45","13.0","19.9",
"USW00094728","2024-11-11","6.49","0.10",,"0.0","0.0",,"68","55","16.1","30.0",
"USW00094728","2024-11-12","9.62","0.00",,"0.0","0.0",,"59","41","21.0","36.0",
"USW00094728","2024-11-13","6.26","0.00",,"0.0","0.0",,"50","37","16.1","23.0",
"USW00094728","2024-11-14","4.70","0.00",,"0.0","0.0",,"47","37","14.1","23.0",
"USW00094728","2024-11-15","4.92","0.00",,"0.0","0.0",,"58","41","16.1","23.9",
"USW00094728","2024-11-16","8.50","0.00",,"0.0","0.0",,"62","45","16.1","31.1",
"USW00094728","2024-11-17","4.70","0.00",,"0.0","0.0",,"63","44","13.0","21.0",
"USW00094728","2024-11-18","4.25","0.00",,"0.0","0.0",,"66","49","16.1","28.0",
"USW00094728","2024-11-19","2.24","0.00",,"0.0","0.0",,"60","47","10.1","18.1",
"USW00094728","2024-11-20","2.91","0.00",,"0.0","0.0",,"60","53","18.1","34.0",
"USW00094728","2024-11-21","6.93","1.57",,"0.0","0.0",,"54","37","15.0","23.9",
"USW00094728","2024-11-22","6.04","0.53",,"0.0","0.0",,"40","37","16.1","32.0",
"USW00094728","2024-11-23","8.28","0.02",,"0.0","0.0",,"49","37","21.0","38.9",
"USW00094728","2024-11-24","9.84","0.00",,"0.0","0.0",,"53","44","19.9","32.0",
"USW00094728","2024-11-25","3.13","0.00",,"0.0","0.0",,"54","41","10.1","18.1",
"USW00094728","2024-11-26","4.70","0.19",,"0.0","0.0",,"58","46","14.1","25.9",
"USW00094728","2024-11-27","4.47","0.00",,"0.0","0.0",,"52","43","12.1","19.0",
"USW00094728","2024-11-28","5.59","0.86",,"0.0","0.0",,"49","42","16.1","32.0",
"USW00094728","2024-11-29","5.82","0.00",,"0.0","0.0",,"47","34","15.0","23.9",
"USW00094728","2024-11-30","7.61","0.00",,"0.0","0.0",,"39","30","14.1","25.1",
"USW00094728","2024-12-01","7.38","0.00",,"0.0","0.0",,"38","27","17.0","35.1",
"USW00094728","2024-12-02","5.37","0.00",,"0.0","0.0",,"39","29","13.0","21.9",
"USW00094728","2024-12-03","6.04","0.00",,"0.0","0.0",,"42","32","16.1","25.9",
"USW00094728","2024-12-04","4.47","0.01",,"0.0","0.0",,"42","30","16.1","32.0",
"USW00094728","2024-12-05","8.50","0.09",,"0.0","0.0",,"40","31","21.0","40.0",
"USW00094728","2024-12-06","8.50","0.00",,"0.0","0.0",,"34","30","18.1","36.9",
"USW00094728","2024-12-07","7.61","0.00",,"0.0","0.0",,"41","31","14.1","23.9",
"USW00094728","2024-12-08","6.04","0.00",,"0.0","0.0",,"55","38","15.0","27.1",
"USW00094728","2024-12-09","3.58","0.18",,"0.0","0.0",,"51","44","10.1","15.0",
"USW00094728","2024-12-10","5.59","0.26",,"0.0","0.0",,"50","44","12.1","18.1",
"USW00094728","2024-12-11","6.49","0.85",,"0.0","0.0",,"60","41","18.1","30.0",
"USW00094728","2024-12-12","9.40","0.00",,"0.0","0.0",,"41","29","23.0","38.9",
"USW00094728","2024-12-13","6.71","0.00",,"0.0","0.0",,"33","27","15.0","23.0",
"USW00094728","2024-12-14","4.92","0.00",,"0.0","0.0",,"34","26","14.1","19.9",
"USW00094728","2024-12-15","5.14","0.06",,"0.0","0.0",,"41","28","12.1","17.0",
"USW00094728","2024-12-16","5.14","0.91",,"0.0","0.0",,"52","38","12.1","21.9",
"USW00094728","2024-12-17","5.14","0.02",,"0.0","0.0",,"59","49","14.1","23.0",
"USW00094728","2024-12-18","2.68","0.32",,"0.0","0.0",,"53","42","8.9","16.1",
"USW00094728","2024-12-19","6.71","0.05",,"0.0","0.0",,"45","37","16.1","29.1",
"USW00094728","2024-12-20","8.50","0.04",,"0.0","0.0",,"37","33","19.9","28.0",
"USW00094728","2024-12-21","10.51","0.15",,"1.8","2.0",,"33","19","21.9","44.1",
"USW00094728","2024-12-22","7.61","0.00",,"0.0","1.2",,"21","13","17.0","29.1",
"USW00094728","2024-12-23","3.13","0.00",,"0.0","1.2",,"31","13","12.1","19.0",
"USW00094728","2024-12-24","4.92","0.10",,"1.0","1.2",,"39","28","13.0","21.0",
"USW00094728","2024-12-25","3.80","0.00",,"0.0","1.2",,"35","28","12.1","17.0",
"USW00094728","2024-12-26","3.13","0.00",,"0.0","1.2",,"36","24","6.9","11.0",
"USW00094728","2024-12-27","1.12","0.00",,"0.0","1.2",,"44","26","8.1","15.0",
"USW00094728","2024-12-28","1.34","0.56",,"0.0","0.0",,"54","40","8.1","12.1",
"USW00094728","2024-12-29","4.70","0.16",,"0.0","0.0",,"60","50","14.1","25.9",
"USW00094728","2024-12-30","6.49","0.37",,"0.0","0.0",,"58","49","16.1","30.0",
"USW00094728","2024-12-31","5.14","0.40",,"0.0","0.0",,"53","44","16.1","23.9",
"USW00094728","2025-01-01","8.28","0.00",,"0.0","0.0",,"51","39","21.9","36.0",
"USW00094728","2025-01-02","9.62","0.00",,"0.0","0.0",,"43","33","19.9","38.9",
"USW00094728","2025-01-03","7.83","0.00",,"0.0","0.0",,"39","31","15.0","27.1",
"USW00094728","2025-01-04","10.07","0.00",,"0.0","0.0",,"33","28","21.9","40.0",
"USW00094728","2025-01-05","8.50","0.00",,"0.0","0.0",,"33","28","18.1","30.0",
"USW00094728","2025-01-06","4.70","0.08",,"0.9","0.0",,"30","22","17.0","29.1",
"USW00094728","2025-01-07","12.75","0.00",,"0.0","1.2",,"33","19","21.9","40.0",
"USW00094728","2025-01-08","11.86","0.00",,"0.0","0.0",,"30","23","21.9","40.0",
"USW00094728","2025-01-09","12.97","0.00",,"0.0","0.0",,"33","22","23.9","45.0",
"USW00094728","2025-01-10","8.05","0.00",,"0.0","0.0",,"39","27","18.1","36.0",
"USW00094728","2025-01-11","7.16","0.02",,"0.5","1.2",,"36","28","18.1","31.1",
"USW00094728","2025-01-12","4.92","0.00",,"0.0","0.0",,"42","30","13.0","21.0",
"USW00094728","2025-01-13","5.37","0.00",,"0.0","0.0",,"42","33","16.1","23.9",
"USW00094728","2025-01-14","8.50","0.00",,"0.0","0.0",,"35","25","18.1","31.1",
"USW00094728","2025-01-15","8.28","0.00",,"0.0","0.0",,"32","23","21.9","31.1",
"USW00094728","2025-01-16","5.37","0.00",,"0.0","0.0",,"30","23","14.1","23.0",
"USW00094728","2025-01-17","4.92","0.00",,"0.0","0.0",,"42","26","12.1","19.9",
"USW00094728","2025-01-18","4.92","0.09",,"0.0","0.0",,"46","35","15.0","25.9",
"USW00094728","2025-01-19","5.37","0.26",,"1.6","0.0",,"41","24","16.1","31.1",
"USW00094728","2025-01-20","7.38","0.00",,"0.0","1.2",,"26","17","16.1","36.0",
"USW00094728","2025-01-21","6.49","0.00",,"0.0","1.2",,"19","11","14.1","23.0",
"USW00094728","2025-01-22","5.82","0.00",,"0.0","1.2",,"20","10","12.1","19.0",
"USW00094728","2025-01-23","5.14","0.00",,"0.0","1.2",,"28","17","14.1","23.9",
"USW00094728","2025-01-24","4.47","0.00",,"0.0","1.2",,"33","23","13.0","19.0",
"USW00094728","2025-01-25","6.04","0.00",,"0.0","1.2",,"33","20","14.1","25.1",
"USW00094728","2025-01-26","6.71","0.00",,"0.0","0.0",,"43","31","15.0","29.1",
"USW00094728","2025-01-27","6.49","0.00",,"0.0","0.0",,"40","31","17.0","33.1",
"USW00094728","2025-01-28","8.50","0.00",,"0.0","0.0",,"42","32","21.9","38.0",
"USW00094728","2025-01-29","10.51","0.00",,"0.0","0.0",,"52","31","21.9","42.9",
"USW00094728","2025-01-30","6.93","0.00",,"0.0","0.0",,"38","25","21.9","38.0",
"USW00094728","2025-01-31","3.58","0.16",,"0.0","0.0",,"48","36","12.1","21.9",
"USW00094728","2025-02-01","7.83","0.00",,"0.0","0.0",,"48","21","17.0","27.1",
"USW00094728","2025-02-02","6.49","0.11",,"1.0","0.0",,"31","17","16.1","23.0",
"USW00094728","2025-02-03","3.80","0.00",,"0.0","1.2",,"49","31","10.1","19.0",
"USW00094728","2025-02-04","9.40","0.00",,"0.0","0.0",,"47","30","21.9","36.9",
"USW00094728","2025-02-05","6.04","0.00",,"0.0","0.0",,"36","26","13.0","21.9",
"USW00094728","2025-02-06","6.26","0.34",,"0.5","1.2",,"38","30","13.0","23.9",
"USW00094728","2025-02-07","8.50","0.00",,"0.0","0.0",,"43","30","21.0","36.0",
"USW00094728","2025-02-08","3.80","0.61",,"3.0","0.0",,"35","26","13.0","18.1",
"USW00094728","2025-02-09","4.92","0.06",,"0.1","3.1",,"36","30","14.1","28.0",
"USW00094728","2025-02-10","5.14","0.00",,"0.0","2.0",,"37","29","12.1","19.0",
"USW00094728","2025-02-11","2.91","0.12",,"1.2","1.2",,"35","28","8.9","16.1",
"USW00094728","2025-02-12","8.50","0.11",,"0.4","3.1",,"36","31","18.1","29.1",
"USW00094728","2025-02-13","7.61","0.15",,"0.0","2.0",,"46","35","18.1","34.0",
"USW00094728","2025-02-14","7.61","0.00",,"0.0","0.0",,"36","29","18.1","30.0",
"USW00094728","2025-02-15","5.14","0.31",,"0.5","0.0",,"35","28","12.1","21.0",
"USW00094728","2025-02-16","9.40","0.77",,"0.0","0.0",,"47","33","21.9","40.0",
"USW00094728","2025-02-17","14.32","0.00",,"0.0","0.0",,"36","26","25.9","44.1",
"USW00094728","2025-02-18","10.74","0.00",,"0.0","0.0",,"27","19","21.0","35.1",
"USW00094728","2025-02-19","8.95","0.00",,"0.0","0.0",,"30","17","16.1","25.1",
"USW00094728","2025-02-20","7.61","0.01",,"0.4","0.0",,"29","18","19.9","32.0",
"USW00094728","2025-02-21","10.74","0.00",,"0.0","0.0",,"35","21","11.0","35.1",
"USW00094728","2025-02-22","5.14","0.00",,"0.0","0.0",,"40","21","16.1","25.9",
"USW00094728","2025-02-23","4.70","0.00",,"0.0","0.0",,"46","33","13.0","21.0",
"USW00094728","2025-02-24","5.82","0.00",,"0.0","0.0",,"49","35","12.1","25.1",
"USW00094728","2025-02-25","3.58","0.00",,"0.0","0.0",,"57","43","13.0","23.9",
"USW00094728","2025-02-26","5.37","0.00",,"0.0","0.0",,"56","43","15.0","27.1",
"USW00094728","2025-02-27","5.37","0.01",,"0.0","0.0",,"54","44","14.1","25.1",
"USW00094728","2025-02-28","6.71","0.00",,"0.0","0.0",,"51","41","15.0","28.0",
"USW00094728","2025-03-01","9.62","0.00",,"0.0","0.0",,"64","27","21.9","38.9",
"USW00094728","2025-03-02","9.62","0.00",,"0.0","0.0",,"33","20","19.9","33.1",
"USW00094728","2025-03-03","4.47","0.00",,"0.0","0.0",,"39","23","14.1","21.0",
"USW00094728","2025-03-04","4.03","0.00",,"0.0","0.0",,"52","34","10.1","19.0",
"USW00094728","2025-03-05","7.16","1.71",,"0.0","0.0",,"54","42","16.1","33.1",
"USW00094728","2025-03-06","8.50","0.00",,"0.0","0.0",,"55","36","25.1","45.0",
"USW00094728","2025-03-07","11.86","0.00",,"0.0","0.0",,"50","34","23.0","44.1",
"USW00094728","2025-03-08","8.95","0.00",,"0.0","0.0",,"45","36","19.9","36.9",
"USW00094728","2025-03-09","7.16","0.00",,"0.0","0.0",,"53","32","18.1","34.0",
"USW00094728","2025-03-10","5.59","0.00",,"0.0","0.0",,"66","45","14.1","28.0",
"USW00094728","2025-03-11","3.80","0.00",,"0.0","0.0",,"65","44","14.1","25.9",
"USW00094728","2025-03-12","6.26","0.00",,"0.0","0.0",,"55","42","17.0","28.0",
"USW00094728","2025-03-13","7.83","0.00",,"0.0","0.0",,"50","39","18.1","25.9",
"USW00094728","2025-03-14","5.14","0.00",,"0.0","0.0",,"57","40","14.1","19.0",
"USW00094728","2025-03-15","4.25","0.00",,"0.0","0.0",,"49","41","8.9","19.0",
"USW00094728","2025-03-16","6.93","0.01",,"0.0","0.0",,"61","47","14.1","29.1",
"USW00094728","2025-03-17","4.92","0.92",,"0.0","0.0",,"59","37","14.1","23.9",
"USW00094728","2025-03-18","3.36","0.00",,"0.0","0.0",,"61","35","14.1","21.0",
"USW00094728","2025-03-19","4.47","0.00",,"0.0","0.0",,"63","43","10.1","21.0",
"USW00094728","2025-03-20","5.82","1.06",,"0.0","0.0",,"52","42","14.1","23.9",
"USW00094728","2025-03-21","10.51","0.03",,"0.0","0.0",,"51","38","23.9","42.9",
"USW00094728","2025-03-22","6.71","0.00",,"0.0","0.0",,"64","40","21.9","36.9",
"USW00094728","2025-03-23","6.71","0.00",,"0.0","0.0",,"48","31","18.1","31.1",
"USW00094728","2025-03-24","4.03","0.48",,"0.0","0.0",,"50","38","14.1","25.9",
"USW00094728","2025-03-25","4.92","0.00",,"0.0","0.0",,"58","47","16.1","29.1",
"USW00094728","2025-03-26","5.14","0.00",,"0.0","0.0",,"53","37","8.1","21.0",
"USW00094728","2025-03-27","7.16","0.00",,"0.0","0.0",,"53","34","17.0","27.1",
"USW00094728","2025-03-28","4.92","0.03",,"0.0","0.0",,"63","46","13.0","21.9",
"USW00094728","2025-03-29","8.28","0.00",,"0.0","0.0",,"81","43","23.0","40.0",
"USW00094728","2025-03-30","6.49","0.04",,"0.0","0.0",,"48","42","14.1","18.1",
"USW00094728","2025-03-31","3.13","1.24",,"0.0","0.0",,"73","45","12.1","19.0",
"USW00094728","2025-04-01","7.16","0.08",,"0.0","0.0",,"58","41","18.1","34.0",
"USW00094728","2025-04-02","7.61","0.00",,"0.0","0.0",,"49","37","15.0","25.1",
"USW00094728","2025-04-03","5.37","0.05",,"0.0","0.0",,"73","44","13.0","21.9",
"USW00094728","2025-04-04","4.70","0.09",,"0.0","0.0",,"73","57","14.1","23.0",
"USW00094728","2025-04-05","8.28","0.19",,"0.0","0.0",,"59","43","15.0","28.0",
"USW00094728","2025-04-06","3.36","0.76",,"0.0","0.0",,"56","43","8.9","14.1",
"USW00094728","2025-04-07","6.93","0.13",,"0.0","0.0",,"50","39","15.0","21.9",
"USW00094728","2025-04-08","9.84","0.00",,"0.0","0.0",,"45","35","21.9","38.0",
"USW00094728","2025-04-09","6.26","0.00",,"0.0","0.0",,"49","31","15.0","23.9",
"USW00094728","2025-04-10","4.92","0.01",,"0.0","0.0",,"51","40","15.0","25.9",
"USW00094728","2025-04-11","8.50","0.41",,"0.0","0.0",,"46","40","19.9","32.0",
"USW00094728","2025-04-12","9.17","0.63",,"0.0","0.0",,"40","36","19.9","32.0",
"USW00094728","2025-04-13","5.37","0.00",,"0.0","0.0",,"58","39","15.0","25.9",
"USW00094728","2025-04-14","2.91","0.07",,"0.0","0.0",,"66","48","10.1","15.0",
"USW00094728","2025-04-15","7.16","0.01",,"0.0","0.0",,"69","48","23.9","46.1",
"USW00094728","2025-04-16","10.51","0.00",,"0.0","0.0",,"50","44","19.9","34.0",
"USW00094728","2025-04-17","6.71","0.00",,"0.0","0.0",,"64","42","17.0","29.1",
"USW00094728","2025-04-18","3.80","0.00",,"0.0","0.0",,"68","48","15.0","28.0",
"USW00094728","2025-04-19","6.26","0.00",,"0.0","0.0",,"85","54","16.1","29.1",
"USW00094728","2025-04-20","6.71","0.00",,"0.0","0.0",,"73","55","21.0","38.9",
"USW00094728","2025-04-21","6.71","0.00",,"0.0","0.0",,"57","50","15.0","23.0",
"USW00094728","2025-04-22","3.58","0.00",,"0.0","0.0",,"82","53","15.0","23.9",
"USW00094728","2025-04-23","2.91","0.00",,"0.0","0.0",,"76","54","12.1","19.0",
"USW00094728","2025-04-24","3.13","0.00",,"0.0","0.0",,"77","56","13.0","21.9",
"USW00094728","2025-04-25","6.04","0.00",,"0.0","0.0",,"77","60","13.0","21.0",
"USW00094728","2025-04-26","4.92","0.82",,"0.0","0.0",,"74","53","17.0","32.0",
"USW00094728","2025-04-27","8.50","0.00",,"0.0","0.0",,"59","48","23.0","40.0",
"USW00094728","2025-04-28","3.36","0.00",,"0.0","0.0",,"76","51","12.1","19.9",
"USW00094728","2025-04-29","4.92","0.00",,"0.0","0.0",,"79","56","15.0","29.1",
"USW00094728","2025-04-30","5.82","0.00",,"0.0","0.0",,"73","59","15.0","25.9",
"USW00094728","2025-05-01","5.37","0.00",,"0.0","0.0",,"71","52","13.0","21.0",
"USW00094728","2025-05-02","2.24","0.00",,"0.0","0.0",,"84","57","14.1","23.0",
"USW00094728","2025-05-03","2.91","0.95",,"0.0","0.0",,"85","63","16.1","23.9",
"USW00094728","2025-05-04","2.91","0.15",,"0.0","0.0",,"69","60","8.9","19.9",
"USW00094728","2025-05-05","6.49","0.74",,"0.0","0.0",,"61","57","15.0","21.9",
"USW00094728","2025-05-06","3.58","0.24",,"0.0","0.0",,"64","57","13.0","23.9",
"USW00094728","2025-05-07","1.57","0.02",,"0.0","0.0",,"74","55","8.9","17.0",
"USW00094728","2025-05-08","4.70","0.00",,"0.0","0.0",,"78","60","12.1","19.9",
"USW00094728","2025-05-09","7.16","0.69",,"0.0","0.0",,"60","51","16.1","23.9",
"USW00094728","2025-05-10","5.59","0.00",,"0.0","0.0",,"72","50","17.0","33.1",
"USW00094728","2025-05-11","2.91","0.00",,"0.0","0.0",,"77","58","13.0","21.9",
"USW00094728","2025-05-12","2.68","0.00",,"0.0","0.0",,"72","57","8.9","17.0",
"USW00094728","2025-05-13","3.13","0.16",,"0.0","0.0",,"69","58","12.1","21.0",
"USW00094728","2025-05-14","6.26","1.22",,"0.0","0.0",,"62","56","13.0","21.0",
"USW00094728","2025-05-15","4.03","0.00",,"0.0","0.0",,"69","59","10.1","13.0",
"USW00094728","2025-05-16","1.34","0.11",,"0.0","0.0",,"72","61","13.0","21.9",
"USW00094728","2025-05-17","4.03","0.00",,"0.0","0.0",,"82","63","16.1","29.1",
"USW00094728","2025-05-18","9.17","0.00",,"0.0","0.0",,"73","61","17.0","32.0",
"USW00094728","2025-05-19","8.50","0.00",,"0.0","0.0",,"69","51","17.0","33.1",
"USW00094728","2025-05-20","5.82","0.00",,"0.0","0.0",,"67","49","14.1","23.0",
"USW00094728","2025-05-21","5.59","0.09",,"0.0","0.0",,"59","49","15.0","27.1",
"USW00094728","2025-05-22","7.83","0.90",,"0.0","0.0",,"51","48","17.0","25.1",
"USW00094728","2025-05-23","1.34","0.26",,"0.0","0.0",,"63","47","13.0","21.0",
"USW00094728","2025-05-24","5.82","0.00",,"0.0","0.0",,"64","48","16.1","29.1",
"USW00094728","2025-05-25","4.92","0.00",,"0.0","0.0",,"66","52","13.0","23.0",
"USW00094728","2025-05-26","3.80","0.00",,"0.0","0.0",,"73","52","12.1","18.1",
"USW00094728","2025-05-27","2.01","0.00",,"0.0","0.0",,"74","57","6.9","14.1",
"USW00094728","2025-05-28","3.13","0.49",,"0.0","0.0",,"65","52","8.9",,
"USW00094728","2025-05-29","3.58","0.10",,"0.0","0.0",,"67","55","10.1","19.9",
"USW00094728","2025-05-30","3.58","0.00",,"0.0","0.0",,"75","62","10.1","18.1",
"USW00094728","2025-05-31","8.95","0.46",,"0.0","0.0",,"67","53","18.1","36.0",
"USW00094728","2025-06-01","6.71","0.00",,"0.0","0.0",,"66","50","15.0","25.9",
"USW00094728","2025-06-02","2.24","0.00",,"0.0","0.0",,"71","53","10.1","18.1",
"USW00094728","2025-06-03","1.79","0.00",,"0.0","0.0",,"79","56","8.1","17.0",
"USW00094728","2025-06-04","3.36","0.00",,"0.0","0.0",,"83","62","10.1","19.0",
"USW00094728","2025-06-05","4.25","0.00",,"0.0","0.0",,"87","70","12.1","19.9",
"USW00094728","2025-06-06","3.13","0.02",,"0.0","0.0",,"84","71","10.1","19.9",
"USW00094728","2025-06-07","2.91","0.70",,"0.0","0.0",,"76","66","13.0","21.0",
"USW00094728","2025-06-08","6.71","0.00",,"0.0","0.0",,"76","63","13.0","21.9",
"USW00094728","2025-06-09","4.92","0.01",,"0.0","0.0",,"64","62","14.1","21.9",
"USW00094728","2025-06-10","2.46","0.40",,"0.0","0.0",,"73","62","12.1","15.0",
"USW00094728","2025-06-11","3.13","0.00",,"0.0","0.0",,"81","65","12.1","21.9",
"USW00094728","2025-06-12","3.80","0.00",,"0.0","0.0",,"87","70","13.0","21.0",
"USW00094728","2025-06-13","4.70","0.00",,"0.0","0.0",,"78","67","12.1","18.1",
"USW00094728","2025-06-14","7.83","0.23",,"0.0","0.0",,"68","59","16.1","25.1",
"USW00094728","2025-06-15","4.47","0.03",,"0.0","0.0",,"64","59","12.1","19.9",
"USW00094728","2025-06-16","6.26","0.15",,"0.0","0.0",,"69","60","13.0","21.9",
"USW00094728","2025-06-17","3.13","0.02",,"0.0","0.0",,"67","62","6.9","12.1",
"USW00094728","2025-06-18","1.57","0.03",,"0.0","0.0",,"84","65","6.9","15.0",
"USW00094728","2025-06-19","4.03","0.65",,"0.0","0.0",,"88","70","12.1","23.9",
"USW00094728","2025-06-20","7.83","0.00",,"0.0","0.0",,"82","67","16.1","28.0",
"USW00094728","2025-06-21","1.79","0.00",,"0.0","0.0",,"86","72","12.1","19.0",
"USW00094728","2025-06-22","5.14","0.10",,"0.0","0.0",,"88","71","15.0","28.0",
"USW00094728","2025-06-23","2.01","0.00",,"0.0","0.0",,"96","80","8.1","16.1",
"USW00094728","2025-06-24","2.91","0.00",,"0.0","0.0",,"99","81","12.1","19.9",
"USW00094728","2025-06-25","2.68","0.00",,"0.0","0.0",,"96","81","13.0","21.0",
"USW00094728","2025-06-26","9.62","0.00",,"0.0","0.0",,"85","66","21.0","34.0",
"USW00094728","2025-06-27","6.26","0.07",,"0.0","0.0",,"72","62","14.1","21.0",
"USW00094728","2025-06-28","1.79","0.05",,"0.0","0.0",,"83","63","10.1","19.0",
"USW00094728","2025-06-29","3.80","0.00",,"0.0","0.0",,"89","77","12.1","21.9",
"USW00094728","2025-06-30","3.36","0.00",,"0.0","0.0",,"90","71","13.0","21.9",
"USW00094728","2025-07-01","2.68","0.43",,"0.0","0.0",,"89","72","10.1","19.9",
"USW00094728","2025-07-02","1.12","0.03",,"0.0","0.0",,"84","71","8.9","15.0",
"USW00094728","2025-07-03","2.91","0.00",,"0.0","0.0",,"88","69","17.0","33.1",
"USW00094728","2025-07-04","3.58","0.00",,"0.0","0.0",,"83","67","12.1","19.0",
"USW00094728","2025-07-05","3.13","0.00",,"0.0","0.0",,"84","68","8.1","17.0",
"USW00094728","2025-07-06","4.92","0.00",,"0.0","0.0",,"87","72","10.1","19.0",
"USW00094728","2025-07-07","4.03","0.00",,"0.0","0.0",,"87","76","8.9","21.0",
"USW00094728","2025-07-08","3.13","0.09",,"0.0","0.0",,"93","73","14.1","27.1",
"USW00094728","2025-07-09","2.24","0.05",,"0.0","0.0",,"90","73","10.1","18.1",
"USW00094728","2025-07-10","1.79","0.18",,"0.0","0.0",,"84","70","8.1","12.1",
"USW00094728","2025-07-11","2.46","0.00",,"0.0","0.0",,"84","73","8.9","16.1",
"USW00094728","2025-07-12","2.01","0.00",,"0.0","0.0",,"83","74","8.9","19.0",
"USW00094728","2025-07-13","3.58","0.00",,"0.0","0.0",,"83","71","8.9","16.1",
"USW00094728","2025-07-14","2.46","2.64",,"0.0","0.0",,"85","73","13.0","21.9",
"USW00094728","2025-07-15","1.57","0.00",,"0.0","0.0",,"86","72","6.0","14.1",
"USW00094728","2025-07-16","2.91","0.00",,"0.0","0.0",,"87","77","8.1","17.0",
"USW00094728","2025-07-17","6.71","0.00",,"0.0","0.0",,"90","75","14.1","29.1",
"USW00094728","2025-07-18","5.37","0.00",,"0.0","0.0",,"82","73","15.0","25.1",
"USW00094728","2025-07-19","3.58","0.00",,"0.0","0.0",,"81","69","10.1","18.1",
"USW00094728","2025-07-20","3.36","0.00",,"0.0","0.0",,"88","75","8.9","19.0",
"USW00094728","2025-07-21","4.25","0.00",,"0.0","0.0",,"85","71","12.1","19.0",
"USW00094728","2025-07-22","5.82","0.00",,"0.0","0.0",,"81","67","15.0","23.0",
"USW00094728","2025-07-23","2.24","0.00",,"0.0","0.0",,"80","69","8.9","23.0",
"USW00094728","2025-07-24","4.25","0.00",,"0.0","0.0",,"87","70","10.1","19.9",
"USW00094728","2025-07-25","4.47","0.01",,"0.0","0.0",,"95","76","13.0","25.9",
"USW00094728","2025-07-26","5.14","0.00",,"0.0","0.0",,"85","74","14.1","19.9",
"USW00094728","2025-07-27","2.91","0.00",,"0.0","0.0",,"84","73","8.9","17.0",
"USW00094728","2025-07-28","3.13","0.00",,"0.0","0.0",,"94","76","8.9","15.0",
"USW00094728","2025-07-29","2.01","0.00",,"0.0","0.0",,"97","78","10.1","16.1",
"USW00094728","2025-07-30","2.01","0.28",,"0.0","0.0",,"95","75","15.0","27.1",
"USW00094728","2025-07-31","6.71","0.32",,"0.0","0.0",,"89","65","18.1","30.0",
"USW00094728","2025-08-01","5.14","0.00",,"0.0","0.0",,"73","63","14.1","23.0",
"USW00094728","2025-08-02","2.91","0.00",,"0.0","0.0",,"80","63","8.9","16.1",
"USW00094728","2025-08-03","2.46","0.00",,"0.0","0.0",,"84","64","8.1","15.0",
"USW00094728","2025-08-04","2.01","0.00",,"0.0","0.0",,"89","67","8.1","13.0",
"USW00094728","2025-08-05","2.68","0.00",,"0.0","0.0",,"86","71","10.1","16.1",
"USW00094728","2025-08-06","4.70","0.06",,"0.0","0.0",,"79","64","14.1","19.0",
"USW00094728","2025-08-07","3.80","0.00",,"0.0","0.0",,"81","64","12.1","17.0",
"USW00094728","2025-08-08","2.01","0.00",,"0.0","0.0",,"82","63","8.9","17.0",
"USW00094728","2025-08-09","2.24","0.00",,"0.0","0.0",,"85","64","8.9","16.1",
"USW00094728","2025-08-10","2.01","0.00",,"0.0","0.0",,"90","69","8.9","19.0",
"USW00094728","2025-08-11","2.24","0.00",,"0.0","0.0",,"89","72","12.1","19.0",
"USW00094728","2025-08-12","2.91","0.00",,"0.0","0.0",,"91","71","8.9","21.0",
"USW00094728","2025-08-13","2.91","0.71",,"0.0","0.0",,"89","71","10.1","21.0",
"USW00094728","2025-08-14","2.68","0.00",,"0.0","0.0",,"89","73","8.9","13.0",
"USW00094728","2025-08-15","5.14","0.00",,"0.0","0.0",,"89","74","16.1","23.9",
"USW00094728","2025-08-16","2.46","0.00",,"0.0","0.0",,"84","74","8.9","16.1",
"USW00094728","2025-08-17","3.13","0.66",,"0.0","0.0",,"91","73","10.1","19.0",
"USW00094728","2025-08-18","5.82","0.00",,"0.0","0.0",,"75","66","15.0","25.1",
"USW00094728","2025-08-19","6.71","0.00",,"0.0","0.0",,"77","65","13.0","19.9",
"USW00094728","2025-08-20","7.38","0.51",,"0.0","0.0",,"70","58","17.0","28.0",
"USW00094728","2025-08-21","9.84","0.27",,"0.0","0.0",,"72","59","17.0","32.0",
"USW00094728","2025-08-22","4.92","0.00",,"0.0","0.0",,"83","58","12.1","21.0",
"USW00094728","2025-08-23","5.82","0.00",,"0.0","0.0",,"82","67","13.0","23.9",
"USW00094728","2025-08-24","2.46","0.00",,"0.0","0.0",,"80","67","10.1","23.0",
"USW00094728","2025-08-25","3.36","0.00",,"0.0","0.0",,"86","70","14.1","28.0",
"USW00094728","2025-08-26","4.92","0.00",,"0.0","0.0",,"79","63","10.1","19.0",
"USW00094728","2025-08-27","4.70","0.00",,"0.0","0.0",,"75","61","13.0","23.0",
"USW00094728","2025-08-28","1.79","0.00",,"0.0","0.0",,"78","61","12.1","21.9",
"USW00094728","2025-08-29","4.03","0.00",,"0.0","0.0",,"78","65","8.9","21.9",
"USW00094728","2025-08-30","2.46","0.00",,"0.0","0.0",,"76","57","13.0","19.0",
"USW00094728","2025-08-31","3.13","0.00",,"0.0","0.0",,"79","59","13.0","19.0",
"USW00094728","2025-09-01","4.25","0.00",,"0.0","0.0",,"78","64","14.1","21.9",
"USW00094728","2025-09-02","3.80","0.00",,"0.0","0.0",,"79","62","14.1","17.9",
"USW00094728","2025-09-03","2.46","0.00",,"0.0","0.0",,"79","61","8.9","17.9",
"USW00094728","2025-09-04","3.58","0.40",,"0.0","0.0",,"77","64","14.1","30.0",
"USW00094728","2025-09-05","2.24","0.17",,"0.0","0.0",,"82","66","8.9","17.9",
"USW00094728","2025-09-06","3.80","1.01",,"0.0","0.0",,"86","65","14.1","30.0",
"USW00094728","2025-09-07","0.89","0.63",,"0.0","0.0",,"69","59","8.9","16.1",
"USW00094728","2025-09-08","3.13","0.00",,"0.0","0.0",,"73","56","13.0","21.9",
"USW00094728","2025-09-09","6.71","0.00",,"0.0","0.0",,"73","58","15.0","23.0",
"USW00094728","2025-09-10","6.04","0.08",,"0.0","0.0",,"73","60","14.1","21.0",
"USW00094728","2025-09-11","3.36","0.00",,"0.0","0.0",,"79","61","13.0","19.9",
"USW00094728","2025-09-12","2.91","0.00",,"0.0","0.0",,"78","63","13.0","19.0",
"USW00094728","2025-09-13","2.24","0.00",,"0.0","0.0",,"77","64","10.1","19.0",
"USW00094728","2025-09-14","0.89","0.00",,"0.0","0.0",,"81","64","8.9","14.1",
"USW00094728","2025-09-15","4.92","0.00",,"0.0","0.0",,"79","66","14.1","21.0",
"USW00094728","2025-09-16","6.93","0.00",,"0.0","0.0",,"74","66","16.1","25.9",
"USW00094728","2025-09-17","8.05","0.00",,"0.0",,,"70","63","16.1","27.1",
"USW00094728","2025-09-18","2.01","0.01",,"0.0","0.0",,"83","64","10.1","16.1",
"USW00094728","2025-09-19","4.03","0.00",,"0.0","0.0",,"84","68","13.0","23.9",
"USW00094728","2025-09-20","6.26","0.00",,"0.0","0.0",,"73","61","17.0","27.1",
"USW00094728","2025-09-21","4.25","0.00",,"0.0","0.0",,"71","58","14.1","19.9",
"USW00094728","2025-09-22","1.79","0.00",,"0.0","0.0",,"73","57","8.1","16.1",
"USW00094728","2025-09-23","3.13","0.00",,"0.0","0.0",,"83","65","10.1","17.9",
"USW00094728","2025-09-24","2.68","0.08",,"0.0","0.0",,"80","70","8.9","16.1",
"USW00094728","2025-09-25","2.91","0.27",,"0.0","0.0",,"77","70","12.1","19.9",
"USW00094728","2025-09-26","2.68","0.00",,"0.0","0.0",,"82","68","8.9","19.0",
"USW00094728","2025-09-27","1.12","0.01",,"0.0","0.0",,"79","66","6.9","10.1",
"USW00094728","2025-09-28","2.01","0.10",,"0.0","0.0",,"83","64","8.1","14.1",
"USW00094728","2025-09-29","4.03","0.00",,"0.0","0.0",,"78","67","14.1","19.0",
"USW00094728","2025-09-30","4.47","0.00",,"0.0","0.0",,"81","64","14.1","23.9",
"USW00094728","2025-10-01","7.61","0.00",,"0.0","0.0",,"69","56","15.0","25.9",
"USW00094728","2025-10-02","4.70","0.00",,"0.0","0.0",,"66","53","15.0","23.0",
"USW00094728","2025-10-03","2.46","0.00",,"0.0","0.0",,"71","54","10.1","17.0",
"USW00094728","2025-10-04","1.57","0.00",,"0.0","0.0",,"82","58","8.9","17.0",
"USW00094728","2025-10-05","0.67","0.00",,"0.0","0.0",,"84","64","6.9","17.9",
"USW00094728","2025-10-06","2.91","0.00",,"0.0","0.0",,"80","64","10.1","21.0",
"USW00094728","2025-10-07","3.80","0.00",,"0.0","0.0",,"80","66","12.1","23.0",
"USW00094728","2025-10-08","4.92","0.27",,"0.0","0.0",,"72","56","13.0","30.0",
"USW00094728","2025-10-09","6.71","0.00",,"0.0","0.0",,"59","48","16.1","29.1",
"USW00094728","2025-10-10","3.13","0.00",,"0.0","0.0",,"62","46","8.9","17.9",
"USW00094728","2025-10-11","5.14","0.09",,"0.0","0.0",,"64","58","16.1","25.1",
"USW00094728","2025-10-12","11.63","0.66",,"0.0","0.0",,"63","55","21.0","36.0",
"USW00094728","2025-10-13","12.30","0.90",,"0.0","0.0",,"58","53","23.9","38.9",
"USW00094728","2025-10-14","6.71","0.00",,"0.0","0.0",,"61","53","15.0","25.1",
"USW00094728","2025-10-15","4.03","0.00",,"0.0","0.0",,"68","52","14.1","23.0",
"USW00094728","2025-10-16","5.14","0.00",,"0.0","0.0",,"61","46","14.1","23.9",
"USW00094728","2025-10-17","4.47","0.00",,"0.0","0.0",,"63","47","13.0","25.9",
"USW00094728","2025-10-18","1.79","0.00",,"0.0","0.0",,"65","48","6.9","16.1",
"USW00094728","2025-10-19","4.70","0.00",,"0.0","0.0",,"70","55","12.1","27.1",
"USW00094728","2025-10-20","6.71","0.01",,"0.0","0.0",,"68","54","19.9","34.9",
"USW00094728","2025-10-21","4.25","0.03",,"0.0","0.0",,"66","50","12.1","21.9",
"USW00094728","2025-10-22","5.37","0.27",,"0.0","0.0",,"62","53","17.0","32.0",
"USW00094728","2025-10-23","4.92","0.00",,"0.0","0.0",,"60","50","13.0","21.9",
"USW00094728","2025-10-24","5.14","0.00",,"0.0","0.0",,"59","46","10.1","17.0",
"USW00094728","2025-10-25","3.80","0.00",,"0.0","0.0",,"58","45","10.1","21.9",
"USW00094728","2025-10-26","3.80","0.00",,"0.0","0.0",,"59","48","10.1","17.0",
"USW00094728","2025-10-27","4.70","0.00",,"0.0","0.0",,"55","43","12.1","17.0",
"USW00094728","2025-10-28","9.40","0.00",,"0.0","0.0",,"54","43","21.0","31.1",
"USW00094728","2025-10-29","8.72","0.02",,"0.0","0.0",,"56","48","16.1","23.9",
"USW00094728","2025-10-30","8.28","1.83",,"0.0","0.0",,"63","50","15.0","32.0",
"USW00094728","2025-10-31","9.40","0.00",,"0.0","0.0",,"58","51","21.0","44.1",
"USW00094728","2025-11-01","7.83","0.00",,"0.0","0.0",,"58","48","17.9","33.1",
"USW00094728","2025-11-02","2.01","0.00",,"0.0","0.0",,"59","43","6.9","15.0",
"USW00094728","2025-11-03","2.91","0.04",,"0.0","0.0",,"59","50","15.0","28.0",
"USW00094728","2025-11-04","8.28","0.00",,"0.0","0.0",,"59","47","19.9","34.9",
"USW00094728","2025-11-05","4.92","0.00",,"0.0","0.0",,"66","48","21.9","42.9",
"USW00094728","2025-11-06","7.38","0.00",,"0.0","0.0",,"57","42","17.9","34.9",
"USW00094728","2025-11-07","2.91","0.00",,"0.0","0.0",,"61","41","13.0","23.0",
"USW00094728","2025-11-08","4.25","0.16",,"0.0","0.0",,"65","54","12.1","21.0",
"USW00094728","2025-11-09","3.13","0.19",,"0.0","0.0",,"63","54","8.9","21.9",
"USW00094728","2025-11-10","6.26","0.22",,"0.0","0.0",,"59","35","17.0","30.0",
"USW00094728","2025-11-11","9.40","0.00",,"0.0","0.0",,"41","33","21.0","40.0",
"USW00094728","2025-11-12","5.37","0.00",,"0.0","0.0",,"50","38","15.0","28.0",
"USW00094728","2025-11-13","7.16","0.01",,"0.0","0.0",,"51","42","21.0","33.1",
"USW00094728","2025-11-14","5.59","0.00",,"0.0","0.0",,"51","40","13.0","23.0",
"USW00094728","2025-11-15","2.91","0.07",,"0.0","0.0",,"50","40","10.1","19.9",
"USW00094728","2025-11-16","10.51","0.06",,"0.0","0.0",,"56","41","21.0","38.0",
"USW00094728","2025-11-17","10.74","0.00",,"0.0","0.0",,"44","37","21.0","40.9",
"USW00094728","2025-11-18","6.04","0.00",,"0.0","0.0",,"45","37","17.0","27.1",
"USW00094728","2025-11-19","3.36","0.17",,"0.0","0.0",,"47","39","8.1","13.0",
"USW00094728","2025-11-20","2.91","0.00",,"0.0","0.0",,"47","38","8.9","14.1",
"USW00094728","2025-11-21","3.58","0.00",,"0.0","0.0",,"52","44","8.9","17.0",
"USW00094728","2025-11-22","3.13","0.20",,"0.0","0.0",,"52","40","13.0","21.9",
"USW00094728","2025-11-23","3.36","0.00",,"0.0","0.0",,"49","36","14.1","25.9",
"USW00094728","2025-11-24","3.80","0.00",,"0.0","0.0",,"52","43","16.1","27.1",
"USW00094728","2025-11-25","3.13","0.74",,"0.0","0.0",,"58","46","15.0","23.0",
"USW00094728","2025-11-26","6.49","0.12",,"0.0","0.0",,"59","49","16.1","29.1",
"USW00094728","2025-11-27","8.28","0.00",,"0.0","0.0",,"49","36","16.1","29.1",
"USW00094728","2025-11-28","7.16","0.00",,"0.0","0.0",,"43","33","17.0","36.9",
"USW00094728","2025-11-29","6.04","0.00",,"0.0","0.0",,"42","32","14.1","23.9",
"USW00094728","2025-11-30","4.25","0.11",,"0.0","0.0",,"47","37","16.1","25.1",
"USW00094728","2025-12-01","5.37","0.00",,"0.0","0.0",,"43","34","14.1","25.9",
"USW00094728","2025-12-02","5.82","0.78",,"0.0","0.0",,"40","34","15.0","27.1",
"USW00094728","2025-12-03","6.26","0.00",,"0.0","0.0",,"41","31","16.1","25.1",
"USW00094728","2025-12-04","5.82","0.00",,"0.0","0.0",,"41","24","19.9","33.1",
"USW00094728","2025-12-05","5.37","0.00",,"0.0","0.0",,"32","20","12.1","17.0",
"USW00094728","2025-12-06","3.80","0.02",,"0.0","0.0",,"42","30","13.0","21.9",
"USW00094728","2025-12-07","3.80","0.00",,"0.0","0.0",,"43","34","13.0","21.9",
"USW00094728","2025-12-08","8.05","0.00",,"0.0","0.0",,"38","22","17.9","29.1",
"USW00094728","2025-12-09","4.70","0.00",,"0.0","0.0",,"35","19","14.1","30.0",
"USW00094728","2025-12-10","6.93","0.07",,"0.0","0.0",,"47","32","15.0","30.0",
"USW00094728","2025-12-11","10.74","0.00",,"0.0","0.0",,"41","28","23.9","45.0",
"USW00094728","2025-12-12","8.05","0.00",,"0.0","0.0",,"35","25","17.0","28.0",
"USW00094728","2025-12-13","4.03","0.03",,"0.0","0.0",,"41","27","13.0","23.9",
"USW00094728","2025-12-14","6.71","0.51",,"2.9","1.0",,"33","19","17.0","30.0",
"USW00094728","2025-12-15","8.95","0.00",,"0.0","2.0",,"29","19","17.9","29.1",
"USW00094728","2025-12-16","5.37","0.00",,"0.0","2.0",,"32","24","14.1","23.0",
"USW00094728","2025-12-17","5.14","0.00",,"0.0","2.0",,"47","30","13.0","21.9",
"USW00094728","2025-12-18","4.47","0.02",,"0.0","1.0",,"50","36","12.1","21.0",
"USW00094728","2025-12-19","10.29","1.16",,"0.0","0.0",,"58","32","21.9","46.1",
"USW00094728","2025-12-20","6.93","0.00",,"0.0","0.0",,"38","30","17.9","34.0",
"USW00094728","2025-12-21","9.17","0.00",,"0.0","0.0",,"46","29","21.9","38.0",
"USW00094728","2025-12-22","6.71","0.00",,"0.0","0.0",,"39","28","14.1","23.0",
"USW00094728","2025-12-23","4.03","0.22",,"0.0","0.0",,"40","35","14.1","25.1",
"USW00094728","2025-12-24","8.05","0.00",,"0.0","0.0",,"46","35","25.9","40.9",
"USW00094728","2025-12-25","6.26","0.00",,"0.0","0.0",,"49","29","19.9","33.1",
"USW00094728","2025-12-26","4.92","0.27",,"1.7","0.0",,"29","20","13.0","19.9",
"USW00094728","2025-12-27","6.49","0.22",,"2.6","4.0",,"31","25","17.0","28.0",
"USW00094728","2025-12-28","3.36","0.00",,"0.0","4.0",,"39","22","10.1","17.0",
"USW00094728","2025-12-29","6.71","0.08",,"0.0","2.0",,"49","31","25.1","50.1",
"USW00094728","2025-12-30","12.75","0.00",,"0.0","0.0",,"33","27","21.9","38.0",
"USW00094728","2025-12-31","7.16","0.00",,"0.0","0.0",,"33","27","17.9","29.1",
"USW00094728","2026-01-01","9.62","0.02",,"0.5","1.0",,"36","22","21.9","38.9",
"USW00094728","2026-01-02","6.26","0.00",,"0.0","0.0",,"30","20","15.0","23.0",
"USW00094728","2026-01-03","5.59","0.00",,"0.0","0.0",,"30","23","13.0","21.9",
"USW00094728","2026-01-04","4.92","0.00",,"0.0","0.0",,"35","26","14.1","21.0",
"USW00094728","2026-01-05","3.80","0.00",,"0.0","0.0",,"39","29","16.1","31.1",
"USW00094728","2026-01-06","4.03","0.01",,"0.0","0.0",,"42","35","13.0","17.9",
"USW00094728","2026-01-07","5.82","0.01",,"0.0","0.0",,"49","37","17.0","28.0",
"USW00094728","2026-01-08","5.59","0.00",,"0.0","0.0",,"50","42","13.0","21.0",
"USW00094728","2026-01-09","1.79","0.01",,"0.0","0.0",,"54","39","12.1","25.9",
"USW00094728","2026-01-10",,"0.37",,"0.0","0.0",,"52","39",,,
"USW00094728","2026-01-11","11.63","0.01",,"0.0","0.0",,"47","34","17.9","34.0",
"USW00094728","2026-01-12","8.28","0.00",,"0.0","0.0",,"41","31","17.9","36.0",
"USW00094728","2026-01-13","4.70","0.00",,"0.0","0.0",,"48","35","15.0","31.1",
"USW00094728","2026-01-14","4.70","0.00",,"0.0","0.0",,"52","45","12.1","21.0",
"USW00094728","2026-01-15","8.72","0.00",,"0.0","0.0",,"47","24","19.9","36.9",
"USW00094728","2026-01-16","8.50","0.00",,"0.0","0.0",,"34","22","17.9","30.0",
"USW00094728","2026-01-17","4.25","0.17",,"1.0","0.0",,"39","31","12.1","19.9",
"USW00094728","2026-01-18","4.03","0.28",,"1.0","1.0",,"36","30","13.0","21.0",
"USW00094728","2026-01-19","7.38","0.00",,"0.0","1.0",,"32","22","17.9","31.1",
"USW00094728","2026-01-20","8.72","0.00",,"0.0","1.0",,"26","16","17.9","30.0",
"USW00094728","2026-01-21","4.70","0.00",,"0.0","1.0",,"40","17","14.1","23.9",
"USW00094728","2026-01-22","5.37","0.00",,"0.0","1.0",,"47","37","17.9","33.1",
"USW00094728","2026-01-23","9.17","0.00",,"0.0","0.0",,"38","14","21.9","38.0",
"USW00094728","2026-01-24","7.61","0.00",,"0.0","0.0",,"17","9","17.9","31.1",
"USW00094728","2026-01-25","9.84","1.80",,"11.4","1.0",,"22","10","21.0","31.1",
"USW00094728","2026-01-26","6.26","0.02",,"0.0","9.0",,"27","17","19.9","36.9",
"USW00094728","2026-01-27","8.50","0.00",,"0.0","8.0",,"22","15","17.0","33.1",
"USW00094728","2026-01-28","6.49","0.00",,"0.0","8.0",,"23","14","14.1","23.9",
"USW00094728","2026-01-29","6.71","0.00",,"0.0","7.0",,"23","11","13.0","23.0",
"USW00094728","2026-01-30","8.28","0.00",,"0.0","7.0",,"18","9","15.0","28.0",
"USW00094728","2026-01-31","5.59","0.00",,"0.0","7.0",,"24","10","21.0","33.1",
"USW00094728","2026-02-01","10.07","0.00",,"0.0","6.0",,"24","10","21.0","34.9",
"USW00094728","2026-02-02","8.28","0.00",,"0.0","6.0",,"35","14","17.0","25.1",
"USW00094728","2026-02-03","4.70","0.00",,"0.0","6.0",,"33","23","10.1","17.9",
"USW00094728","2026-02-04","4.47","0.00",,"0.0","6.0",,"33","26","14.1","21.9",
"USW00094728","2026-02-05","3.36","0.00",,"0.0","6.0",,"32","20","10.1","15.0",
"USW00094728","2026-02-06","5.37","0.02",,"0.1","6.0",,"33","23","12.1","19.0",
"USW00094728","2026-02-07","14.76","0.00",,"0.0","6.0",,"27","6","28.0","46.1",
"USW00094728","2026-02-08","12.53","0.00",,"0.0","6.0",,"18","3","23.9","38.0",
"USW00094728","2026-02-09","5.82","0.00",,"0.0","5.0",,"31","10","14.1","23.9",
"USW00094728","2026-02-10","2.91","0.00",,"0.0","5.0",,"37","24","10.1","19.0",
"USW00094728","2026-02-11","7.16","0.06",,"0.0","5.0",,"41","33","16.1","29.1",
"USW00094728","2026-02-12","10.96","0.00",,"0.0","4.0",,"36","27","17.0","32.0",
"USW00094728","2026-02-13","5.14","0.00",,"0.0","4.0",,"38","22","13.0","23.9",
"USW00094728","2026-02-14","3.80","0.00",,"0.0","2.0",,"46","29","12.1","19.9",
"USW00094728","2026-02-15","4.70","0.02",,"0.4","2.0",,"40","32","14.1","21.0",
"USW00094728","2026-02-16","6.93","0.04",,"0.7","1.0",,"39","29","19.9","27.1",
"USW00094728","2026-02-17","4.03","0.00",,"0.0","0.0",,"47","35","13.0","21.0",
"USW00094728","2026-02-18","3.58","0.10",,"0.0","0.0",,"41","37","12.1","17.0",
"USW00094728","2026-02-19","6.71","0.00",,"0.0","0.0",,"42","36","15.0","19.9",
"USW00094728","2026-02-20","9.40","0.38",,"0.0","0.0",,"37","34","23.0","38.0",
"USW00094728","2026-02-21","4.47","0.00",,"0.0","0.0",,"46","36","15.0","19.9",
"USW00094728","2026-02-22","11.41","0.83",,"8.8","0.0",,"39","30","23.9","38.9",
"USW00094728","2026-02-23","9.84","1.06",,"10.9","14.0",,"35","28","21.9","42.1",
"USW00094728","2026-02-24","7.16","0.00",,"0.0","14.0",,"31","23","17.0","27.1",
"USW00094728","2026-02-25","5.82","0.09",,"1.4","11.0",,"44","26","14.1","21.9",
"USW00094728","2026-02-26","3.80","0.00",,"0.0","7.0",,"49","35","12.1","19.0",
"USW00094728","2026-02-27","4.03","0.00",,"0.0","4.0",,"44","29","10.1","17.0",
"USW00094728","2026-02-28","2.24","0.00",,"0.0","1.0",,"54","33","12.1","19.9",
"USW00094728","2026-03-01","4.25","0.01",,"0.0","0.0",,"43","30","13.0","19.9",
"USW00094728","2026-03-02","5.59","0.00",,"0.0","0.0",,"33","21","15.0","21.9",
"USW00094728","2026-03-03","4.47","0.34",,"0.0","0.0",,"36","29","10.1","15.0",
"USW00094728","2026-03-04","2.91","0.02",,"0.0","0.0",,"49","35","10.1","15.0",
"USW00094728","2026-03-05","5.82","1.42",,"0.0","0.0",,"46","37","17.9","29.1",
"USW00094728","2026-03-06","7.83","0.16",,"0.0","0.0",,"41","37","17.9","29.1",
"USW00094728","2026-03-07","2.91","0.00",,"0.0","0.0",,"52","36","10.1","19.0",
"USW00094728","2026-03-08","5.37","0.00",,"0.0","0.0",,"69","50","12.1","19.9",
"USW00094728","2026-03-09","3.36","0.00",,"0.0","0.0",,"73","51","13.0","21.9",
"USW00094728","2026-03-10","3.36","0.00",,"0.0","0.0",,"80","51","13.0","19.9",
"USW00094728","2026-03-11","4.25","0.37",,"0.0","0.0",,"72","53","10.1","17.9",
"USW00094728","2026-03-12","6.93","0.08",,"0.0","0.0",,"63","34","19.9","34.9",
"USW00094728","2026-03-13","5.82","0.00",,"0.0","0.0",,"42","32","14.1","32.0",
"USW00094728","2026-03-14","8.28","0.00",,"0.0","0.0",,"51","38","23.9","40.0",
"USW00094728","2026-03-15","7.61","0.00",,"0.0","0.0",,"48","35","14.1","23.9",
"USW00094728","2026-03-16","9.17","0.59",,"0.0","0.0",,"57","48","15.0","34.0",
"USW00094728","2026-03-17","10.51","0.00",,"0.0","0.0",,"48","29","21.0","34.9",
"USW00094728","2026-03-18","6.04","0.00",,"0.0","0.0",,"37","25","14.1","23.0",
"USW00094728","2026-03-19","3.13","0.00",,"0.0","0.0",,"44","32","8.9","16.1",
"USW00094728","2026-03-20","4.47","0.03",,"0.0","0.0",,"57","39","13.0","19.9",
"USW00094728","2026-03-21","5.59","0.00",,"0.0","0.0",,"59","46","14.1","23.9",
"USW00094728","2026-03-22","5.14","0.15",,"0.0","0.0",,"63","44","13.0","23.0",
"USW00094728","2026-03-23","6.71","0.40",,"0.0","0.0",,"50","34","16.1","25.9",
"USW00094728","2026-03-24","5.82","0.00",,"0.0","0.0",,"48","32","13.0","23.0",
"USW00094728","2026-03-25","4.70","0.00",,"0.0","0.0",,"54","38","14.1","29.1",
"USW00094728","2026-03-26","5.82","0.02",,"0.0","0.0",,"76","45","14.1","23.9",
"USW00094728","2026-03-27","6.71","0.00",,"0.0","0.0",,"65","41","16.1","25.9",
"USW00094728","2026-03-28","6.71","0.00",,"0.0","0.0",,"44","31","17.0","33.1",
"USW00094728","2026-03-29","4.47","0.00",,"0.0","0.0",,"54","34","14.1","25.1",
"USW00094728","2026-03-30","5.82","0.00",,"0.0","0.0",,"73","47","15.0","30.0",
"USW00094728","2026-03-31","7.38","0.01",,"0.0","0.0",,"81","60","17.0","29.1",
"USW00094728","2026-04-01","7.61","0.09",,"0.0","0.0",,"80","51","21.0","31.1",
"USW00094728","2026-04-02","10.29","0.07",,"0.0","0.0",,"51","41","17.9","34.9",
"USW00094728","2026-04-03","3.58","0.00",,"0.0","0.0",,"66","41","14.1","21.0",
"USW00094728","2026-04-04","7.38","0.00",,"0.0","0.0",,"73","42","17.9","32.0",
"USW00094728","2026-04-05","5.82","0.19",,"0.0","0.0",,"57","42","15.0","29.1",
"USW00094728","2026-04-06","7.83","0.00",,"0.0","0.0",,"56","41","17.9","33.1",
"USW00094728","2026-04-07","8.50","0.00",,"0.0","0.0",,"56","32","17.9","34.9",
"USW00094728","2026-04-08","6.04","0.00",,"0.0","0.0",,"51","30","17.9","29.1",
"USW00094728","2026-04-09","4.25","0.00",,"0.0","0.0",,"51","35","12.1","21.9",
"USW00094728","2026-04-10","3.58","0.00",,"0.0","0.0",,"63","40","14.1","21.0",
"USW00094728","2026-04-11","6.26","0.00",,"0.0","0.0",,"63","49","16.1","28.0",
"USW00094728","2026-04-12","5.82","0.00",,"0.0","0.0",,"55","43","14.1","25.1",
"USW00094728","2026-04-13","3.80","0.00",,"0.0","0.0",,"79","49","15.0","27.1",
"USW00094728","2026-04-14","4.70","0.00",,"0.0","0.0",,"87","64","15.0","29.1",
"USW00094728","2026-04-15","4.92","0.00",,"0.0","0.0",,"90","67","13.0","23.9",
"USW00094728","2026-04-16","2.68","0.00",,"0.0","0.0",,"89","71","14.1","27.1",
"USW00094728","2026-04-17","4.92","0.27",,"0.0","0.0",,"81","59","14.1","23.0",
"USW00094728","2026-04-18","5.14","0.00",,"0.0","0.0",,"66","49","14.1","21.0",
"USW00094728","2026-04-19","5.59","0.05",,"0.0","0.0",,"53","41","17.9","33.1",
"USW00094728","2026-04-20","4.03","0.00",,"0.0","0.0",,"51","39","15.0","23.9",
"USW00094728","2026-04-21","3.80","0.00",,"0.0","0.0",,"54","34","12.1","21.9",
"USW00094728","2026-04-22","5.82","0.06",,"0.0","0.0",,"56","44","12.1","21.9",
"USW00094728","2026-04-23","3.36","0.00",,"0.0","0.0",,"73","45","14.1","21.0",
"USW00094728","2026-04-24","4.25","0.00",,"0.0","0.0",,"68","50","14.1","19.0",
"USW00094728","2026-04-25","6.04","1.36",,"0.0","0.0",,"50","41","13.0","19.9",
"USW00094728","2026-04-26","6.71","0.03",,"0.0","0.0",,"57","42","15.0","21.0",
"USW00094728","2026-04-27","3.58","0.00",,"0.0","0.0",,"68","45","12.1","21.0",
"USW00094728","2026-04-28","2.24","0.00",,"0.0","0.0",,"65","49","8.9","17.9",
"USW00094728","2026-04-29","3.36","0.20",,"0.0","0.0",,"62","48","12.1","21.0",
"USW00094728","2026-04-30","2.91","0.16",,"0.0","0.0",,"60","47","13.0","23.0",
"USW00094728","2026-05-01","3.13","0.00",,"0.0","0.0",,"64","46","13.0","21.0",
"USW00094728","2026-05-02","3.80","0.02",,"0.0","0.0",,"61","49","10.1","17.9",
"USW00094728","2026-05-03","7.61","0.00",,"0.0","0.0",,"59","45","17.0","30.0",
"USW00094728","2026-05-04","4.03","0.00",,"0.0","0.0",,"72","50","13.0","25.9",
"USW00094728","2026-05-05","3.58","0.00",,"0.0","0.0",,"81","59","13.0","27.1",
"USW00094728","2026-05-06","4.03","0.32",,"0.0","0.0",,"71","55","15.0","27.1",
"USW00094728","2026-05-07","4.70","0.16",,"0.0","0.0",,"64","49","13.0","21.0",
"USW00094728","2026-05-08","3.80","0.01",,"0.0","0.0",,"63","46","16.1","29.1",
"USW00094728","2026-05-09","2.01","0.24",,"0.0","0.0",,"65","52","8.9","21.0",
"USW00094728","2026-05-10","2.46","0.01",,"0.0","0.0",,"73","52","12.1","23.0",
"USW00094728","2026-05-11","4.92","0.00",,"0.0","0.0",,"61","53","15.0","25.1",
"USW00094728","2026-05-12","4.03","0.00",,"0.0","0.0",,"66","46","8.9","19.9",
"USW00094728","2026-05-13","4.47","0.01",,"0.0","0.0",,"72","54","10.1","23.9",
"USW00094728","2026-05-14","3.80","0.01",,"0.0","0.0",,"66","53","12.1","21.0",
"USW00094728","2026-05-15","4.47","0.00",,"0.0","0.0",,"66","50","12.1","21.0",
"USW00094728","2026-05-16","2.91","0.00",,"0.0","0.0",,"80","55","13.0","23.0",
"USW00094728","2026-05-17","4.70","0.00",,"0.0","0.0",,"87","66","10.1","19.9",
"USW00094728","2026-05-18","3.80","0.00",,"0.0","0.0",,"88","71","12.1","25.1",
"USW00094728","2026-05-19","4.70","0.00",,"0.0","0.0",,"93","73","15.0","28.0",
"USW00094728","2026-05-20","5.37","0.09",,"0.0","0.0",,"92","66","13.0","23.9",
"USW00094728","2026-05-21","3.36","0.15",,"0.0","0.0",,"66","55","13.0","21.0",
"USW00094728","2026-05-22","7.16","0.00",,"0.0","0.0",,"68","56","21.9","32.0",
"USW00094728","2026-05-23","6.49","0.75",,"0.0","0.0",,"57","49","15.0","25.9",
"USW00094728","2026-05-24","6.93","1.10",,"0.0","0.0",,"56","50","14.1","23.9",
"USW00094728","2026-05-25","2.01","0.18",,"0.0","0.0",,"73","55","8.1","13.0",
"USW00094728","2026-05-26","2.68","0.00",,"0.0","0.0",,"79","59","8.9","17.0",
"USW00094728","2026-05-27","4.70","0.00",,"0.0","0.0",,"81","68","13.0","21.0",
"USW00094728","2026-05-28","4.70","0.00",,"0.0","0.0",,"75","61","17.0","31.1",
"USW00094728","2026-05-29","4.25","0.00",,"0.0","0.0",,"75","57","13.0","27.1",
"USW00094728","2026-05-30","8.05","0.00",,"0.0","0.0",,"69","51","21.0","38.9",
"USW00094728","2026-05-31","3.58","0.00",,"0.0",,,"75","50","14.1","25.1",
"USW00094728","2026-06-01","4.03","0.00",,"0.0",,,"71","53","16.1","25.1",
"USW00094728","2026-06-02","4.70","0.00",,"0.0","0.0",,"76","52","16.1","23.0",
"USW00094728","2026-06-03","3.13","0.00",,"0.0","0.0",,"83","61","10.1","17.0",
"USW00094728","2026-06-04","2.24","0.00",,"0.0","0.0",,"86","64","8.9","17.0",
"USW00094728","2026-06-05","1.79","0.00",,"0.0","0.0",,"88","66","8.9","16.1",
"USW00094728","2026-06-06","5.14","0.26",,"0.0","0.0",,"87","66","23.0","51.9",
"USW00094728","2026-06-07","5.82","0.04",,"0.0","0.0",,"81","66","15.0","25.9",
"USW00094728","2026-06-08","6.26","0.00",,"0.0","0.0",,"75","63","16.1","25.9",
"USW00094728","2026-06-09","4.25","0.00",,"0.0",,,"79","61","12.1","21.9",
"USW00094728","2026-06-10","2.01","0.00",,"0.0","0.0",,"82","69","10.1","17.9",
"USW00094728","2026-06-11","2.68","0.21",,"0.0","0.0",,"91","72","15.0","23.9",
"USW00094728","2026-06-12","4.47","0.90",,"0.0","0.0",,"90","72","23.0","42.1",
"USW00094728","2026-06-13","2.46","0.00",,"0.0","0.0",,"85","70","13.0","21.0",
"USW00094728","2026-06-14","2.91","0.25",,"0.0","0.0",,"87","70","10.1","19.9",
"USW00094728","2026-06-15","6.93","0.02",,"0.0","0.0",,"74","62","17.0","32.0",
"USW00094728","2026-06-16","2.91","0.00",,"0.0","0.0",,"76","57","10.1","17.9",
"USW00094728","2026-06-17","3.80","0.00",,"0.0","0.0",,"78","63","12.1","23.0",
"USW00094728","2026-06-18","6.26","0.00",,"0.0","0.0",,"86","68","17.9","34.9",
"USW00094728","2026-06-19","7.16","0.00",,"0.0","0.0",,"81","69","14.1","30.0",
"USW00094728","2026-06-20","7.38","0.00",,"0.0","0.0",,"81","66","17.0","30.0",
"USW00094728","2026-06-21","3.13","0.00",,"0.0","0.0",,"82","65","8.1","15.0",
"USW00094728","2026-06-22","4.03","1.24",,"0.0","0.0",,"73","67","12.1","21.9",
"USW00094728","2026-06-23","4.25","0.06",,"0.0","0.0",,"71","66","12.1","17.9",
"USW00094728","2026-06-24","3.80","0.00",,"0.0","0.0",,"82","64","13.0","19.0",
"USW00094728","2026-06-25","3.13","0.00",,"0.0","0.0",,"83","66","10.1","21.0",
"USW00094728","2026-06-26","2.01","0.27",,"0.0","0.0",,"80","66","10.1","17.0",
"USW00094728","2026-06-27","1.79","0.14",,"0.0","0.0",,"78","68","8.1","13.0",
"USW00094728","2026-06-28","1.57","0.00",,"0.0","0.0",,"82","68","8.9","15.0",
"USW00094728","2026-06-29","2.24","0.00",,"0.0","0.0",,"88","68","10.1","16.1",
"USW00094728","2026-06-30","6.04","0.00",,"0.0","0.0",,"87","73","14.1","21.0",
"USW00094728","2026-07-01","2.91","0.00",,"0.0","0.0",,"93","75","12.1","19.9",
"USW00094728","2026-07-02","4.03","0.00",,"0.0","0.0",,"100","82","12.1","17.0",
"USW00094728","2026-07-03","4.70","0.13",,"0.0","0.0",,"98","72","17.9","36.0",
"USW00094728","2026-07-04","4.03","0.18",,"0.0","0.0",,"94","72","12.1","25.9",
"USW00094728","2026-07-05","3.80","0.13",,"0.0","0.0",,"81","69","13.0","19.0",
"USW00094728","2026-07-06","9.40","1.03",,"0.0","0.0",,"69","64","19.9","34.9",
"USW00094728","2026-07-07","6.26","0.02",,"0.0","0.0",,"70","63","17.9","27.1",
"USW00094728","2026-07-08","3.13","0.00",,"0.0","0.0",,"85","64","12.1","19.0",
"USW00094728","2026-07-09","4.92","0.05",,"0.0","0.0",,"82","71","12.1","23.0",
"USW00094728","2026-07-10","3.36","0.00",,"0.0","0.0",,"85","73","12.1","19.0",
"USW00094728","2026-07-11","4.92","0.02",,"0.0","0.0",,"82","70","14.1","19.9",
"USW00094728","2026-07-12","2.24","0.00",,"0.0","0.0",,"84","69","8.1","14.1",
