"STATION","DATE","AWND","PRCP","PSUN","SNOW","SNWD","TAVG","TMAX","TMIN","WSF2","WSF5","WSFG"
"USW00013904","1/1/2020","4.92","0.00","","0.0","0.0","","58","50","19.9","25.1",""
"USW00013904","1/2/2020","4.92","0.02","","0.0","0.0","","61","41","13.0","16.1",""
"USW00013904","1/3/2020","6.71","0.00","","0.0","0.0","","66","39","21.0","29.1",""
"USW00013904","1/4/2020","3.58","0.00","","0.0","0.0","","73","33","12.1","15.0",""
"USW00013904","1/5/2020","8.05","0.00","","0.0","0.0","","75","35","21.9","25.9",""
"USW00013904","1/6/2020","6.49","0.00","","0.0","0.0","","76","34","21.9","25.9",""
"USW00013904","1/7/2020","3.58","0.00","","0.0","0.0","","69","29","16.1","19.0",""
"USW00013904","1/8/2020","8.50","0.00","","0.0","0.0","","71","24","23.0","30.0",""
"USW00013904","1/9/2020","14.76","0.00","","0.0","0.0","","78","62","25.1","33.1",""
"USW00013904","1/10/2020","15.21","0.43","","0.0","0.0","","79","57","31.1","38.0",""
"USW00013904","1/11/2020","9.17","0.02","","0.0","0.0","","59","34","21.9","32.0",""
"USW00013904","1/12/2020","3.36","0.00","","0.0","0.0","","63","28","15.0","19.9",""
"USW00013904","1/13/2020","2.46","0.08","","0.0","0.0","","61","46","6.9","8.1",""
"USW00013904","1/14/2020","3.13","0.00","","0.0","0.0","","76","60","13.0","16.1",""
"USW00013904","1/15/2020","8.50","0.01","","0.0","0.0","","82","66","19.9","25.1",""
"USW00013904","1/16/2020","8.28","0.35","","0.0","0.0","","70","57","19.9","23.0",""
"USW00013904","1/17/2020","3.80","0.11","","0.0","0.0","","61","52","10.1","13.0",""
"USW00013904","1/18/2020","10.96","0.00","","0.0","0.0","","70","48","25.1","31.1",""
"USW00013904","1/19/2020","14.32","0.00","","0.0","0.0","","58","36","23.0","30.0",""
"USW00013904","1/20/2020","1.79","0.00","","0.0","0.0","","62","30","8.9","12.1",""
"USW00013904","1/21/2020","7.61","0.00","","0.0","0.0","","62","37","23.0","27.1",""
"USW00013904","1/22/2020","5.59","0.91","","0.0","0.0","","59","48","15.0","19.0",""
"USW00013904","1/23/2020","7.16","0.00","","0.0","0.0","","67","41","19.9","25.1",""
"USW00013904","1/24/2020","3.13","0.00","","0.0","0.0","","67","35","10.1","12.1",""
"USW00013904","1/25/2020","5.82","0.04","","0.0","0.0","","67","34","23.0","29.1",""
"USW00013904","1/26/2020","4.25","0.00","","0.0","0.0","","77","46","12.1","16.1",""
"USW00013904","1/27/2020","5.82","0.00","","0.0","0.0","","70","38","15.0","19.9",""
"USW00013904","1/28/2020","10.51","0.24","","0.0","0.0","","74","50","23.0","32.0",""
"USW00013904","1/29/2020","10.96","0.00","","0.0","0.0","","62","42","19.9","27.1",""
"USW00013904","1/30/2020","8.95","0.00","","0.0","0.0","","50","43","16.1","19.0",""
"USW00013904","1/31/2020","5.14","0.00","","0.0","0.0","","62","39","13.0","18.1",""
"USW00013904","2/1/2020","4.92","0.00","","0.0","0.0","","75","31","15.0","23.9",""
"USW00013904","2/2/2020","7.16","0.00","","0.0","0.0","","77","31","21.0","29.1",""
"USW00013904","2/3/2020","12.08","0.00","","0.0","0.0","","73","54","25.1","35.1",""
"USW00013904","2/4/2020","12.30","0.00","","0.0","0.0","","79","47","25.1","30.0",""
"USW00013904","2/5/2020","17.00","0.02","","0.0","0.0","","47","34","25.1","34.0",""
"USW00013904","2/6/2020","7.16","0.00","","0.0","0.0","","55","32","21.0","29.1",""
"USW00013904","2/7/2020","6.49","0.00","","0.0","0.0","","76","28","21.0","32.0",""
"USW00013904","2/8/2020","7.38","0.00","","0.0","0.0","","70","34","18.1","27.1",""
"USW00013904","2/9/2020","11.41","0.03","","0.0","0.0","","74","61","21.0","30.0",""
"USW00013904","2/10/2020","10.74","0.22","","0.0","0.0","","72","48","23.0","29.1",""
"USW00013904","2/11/2020","14.09","0.35","","0.0","0.0","","48","44","21.9","28.0",""
"USW00013904","2/12/2020","6.71","0.67","","0.0","0.0","","58","37","18.1","25.1",""
"USW00013904","2/13/2020","12.08","0.00","","0.0","0.0","","54","35","23.0","29.1",""
"USW00013904","2/14/2020","5.37","0.00","","0.0","0.0","","59","29","15.0","23.9",""
"USW00013904","2/15/2020","4.25","0.00","","0.0","0.0","","65","31","16.1","21.9",""
"USW00013904","2/16/2020","4.25","0.00","","0.0","0.0","","77","43","16.1","19.9",""
"USW00013904","2/17/2020","9.62","0.01","","0.0","0.0","","80","49","19.9","28.0",""
"USW00013904","2/18/2020","10.74","0.05","","0.0","0.0","","73","50","23.9","33.1",""
"USW00013904","2/19/2020","13.20","0.05","","0.0","0.0","","51","47","21.0","27.1",""
"USW00013904","2/20/2020","16.33","0.33","","0.0","0.0","","51","42","29.1","38.0",""
"USW00013904","2/21/2020","9.84","0.00","","0.0","0.0","","54","36","18.1","23.9",""
"USW00013904","2/22/2020","6.71","0.00","","0.0","0.0","","63","38","16.1","23.0",""
"USW00013904","2/23/2020","8.50","0.00","","0.0","0.0","","70","54","21.9","30.0",""
"USW00013904","2/24/2020","6.49","0.00","","0.0","0.0","","70","44","17.0","25.1",""
"USW00013904","2/25/2020","12.53","0.00","","0.0","0.0","","68","39","25.1","36.0",""
"USW00013904","2/26/2020","15.21","0.00","","0.0","0.0","","55","29","30.0","42.1",""
"USW00013904","2/27/2020","4.47","0.00","","0.0","0.0","","63","24","15.0","21.0",""
"USW00013904","2/28/2020","3.36","0.00","","0.0","0.0","","74","31","12.1","17.0",""
"USW00013904","2/29/2020","10.29","0.00","","0.0","0.0","","75","35","23.9","35.1",""
"USW00013904","3/1/2020","10.51","0.00","","0.0","0.0","","77","54","23.0","31.1",""
"USW00013904","3/2/2020","6.93","0.00","","0.0","0.0","","78","63","17.0","23.0",""
"USW00013904","3/3/2020","6.04","0.00","","0.0","0.0","","75","60","18.1","25.9",""
"USW00013904","3/4/2020","12.08","0.85","","0.0","0.0","","68","54","29.1","38.0",""
"USW00013904","3/5/2020","7.83","0.00","","0.0","0.0","","75","48","21.0","27.1",""
"USW00013904","3/6/2020","9.17","0.00","","0.0","0.0","","70","42","21.0","33.1",""
"USW00013904","3/7/2020","3.58","0.00","","0.0","0.0","","64","40","16.1","21.9",""
"USW00013904","3/8/2020","10.07","0.00","","0.0","0.0","","76","40","23.9","33.1",""
"USW00013904","3/9/2020","9.17","0.21","","0.0","0.0","","69","62","21.0","29.1",""
"USW00013904","3/10/2020","5.14","0.00","","0.0","0.0","","81","57","14.1","19.9",""
"USW00013904","3/11/2020","9.62","0.00","","0.0","0.0","","84","64","19.9","25.1",""
"USW00013904","3/12/2020","11.41","0.00","","0.0","0.0","","86","67","21.9","28.0",""
"USW00013904","3/13/2020","10.51","0.00","","0.0","0.0","","83","68","21.0","29.1",""
"USW00013904","3/14/2020","8.50","0.00","","0.0","0.0","","84","70","21.9","31.1",""
"USW00013904","3/15/2020","10.74","0.05","","0.0","0.0","","71","60","18.1","21.9",""
"USW00013904","3/16/2020","5.82","0.00","","0.0","0.0","","75","60","19.9","23.0",""
"USW00013904","3/17/2020","8.72","0.38","","0.0","0.0","","81","67","25.1","36.0",""
"USW00013904","3/18/2020","11.63","0.00","","0.0","0.0","","83","70","21.0","30.0",""
"USW00013904","3/19/2020","11.41","0.12","","0.0","0.0","","82","69","28.0","36.0",""
"USW00013904","3/20/2020","15.21","0.65","","0.0","0.0","","73","53","28.0","38.0",""
"USW00013904","3/21/2020","11.18","0.97","","0.0","0.0","","55","49","21.0","29.1",""
"USW00013904","3/22/2020","2.24","0.02","","0.0","0.0","","68","54","10.1","14.1",""
"USW00013904","3/23/2020","6.93","0.02","","0.0","0.0","","83","65","17.0","25.1",""
"USW00013904","3/24/2020","5.14","0.00","","0.0","0.0","","92","53","15.0","21.9",""
"USW00013904","3/25/2020","5.14","0.00","","0.0","0.0","","88","52","17.0","21.9",""
"USW00013904","3/26/2020","9.40","0.00","","0.0","0.0","","87","67","19.9","27.1",""
"USW00013904","3/27/2020","10.96","0.00","","0.0","0.0","","88","68","23.9","33.1",""
"USW00013904","3/28/2020","6.71","0.10","","0.0","0.0","","79","47","21.9","30.0",""
"USW00013904","3/29/2020","6.26","0.00","","0.0","0.0","","79","46","16.1","21.9",""
"USW00013904","3/30/2020","3.13","0.32","","0.0","0.0","","72","63","12.1","16.1",""
"USW00013904","3/31/2020","8.28","0.00","","0.0","0.0","","73","51","25.9","35.1",""
"USW00013904","4/1/2020","6.93","0.00","","0.0","0.0","","77","46","15.0","21.0",""
"USW00013904","4/2/2020","6.04","0.37","","0.0","0.0","","72","60","16.1","21.9",""
"USW00013904","4/3/2020","9.17","2.20","","0.0","0.0","","74","47","25.9","31.1",""
"USW00013904","4/4/2020","10.74","0.53","","0.0","0.0","","53","46","21.0","27.1",""
"USW00013904","4/5/2020","5.82","0.00","","0.0","0.0","","67","51","15.0","19.0",""
"USW00013904","4/6/2020","3.58","0.00","","0.0","0.0","","80","59","12.1","16.1",""
"USW00013904","4/7/2020","7.16","0.00","","0.0","0.0","","86","69","17.0","25.9",""
"USW00013904","4/8/2020","6.71","0.00","","0.0","0.0","","91","71","13.0","21.0",""
"USW00013904","4/9/2020","4.92","0.23","","0.0","0.0","","91","65","25.9","36.9",""
"USW00013904","4/10/2020","8.72","0.00","","0.0","0.0","","75","60","17.0","23.9",""
"USW00013904","4/11/2020","7.61","0.01","","0.0","0.0","","78","56","17.0","25.1",""
"USW00013904","4/12/2020","10.96","0.00","","0.0","0.0","","87","57","28.0","42.1",""
"USW00013904","4/13/2020","15.43","0.00","","0.0","0.0","","63","44","25.1","33.1",""
"USW00013904","4/14/2020","13.87","0.00","","0.0","0.0","","65","45","21.9","30.0",""
"USW00013904","4/15/2020","6.49","0.00","","0.0","0.0","","69","41","17.0","23.9",""
"USW00013904","4/16/2020","7.83","0.00","","0.0","0.0","","77","42","19.9","28.0",""
"USW00013904","4/17/2020","6.26","0.05","","0.0","0.0","","73","56","19.9","25.9",""
"USW00013904","4/18/2020","7.16","0.02","","0.0","0.0","","62","55","17.0","23.9",""
"USW00013904","4/19/2020","5.37","0.04","","0.0","0.0","","94","57","21.9","33.1",""
"USW00013904","4/20/2020","5.37","0.00","","0.0","0.0","","88","51","12.1","19.9",""
"USW00013904","4/21/2020","8.95","0.00","","0.0","0.0","","86","64","21.9","27.1",""
"USW00013904","4/22/2020","8.50","0.03","","0.0","0.0","","81","64","19.9","28.0",""
"USW00013904","4/23/2020","6.26","0.00","","0.0","0.0","","87","56","17.0","25.1",""
"USW00013904","4/24/2020","9.62","0.00","","0.0","0.0","","97","50","25.1","36.0",""
"USW00013904","4/25/2020","10.96","0.00","","0.0","0.0","","81","53","23.9","36.9",""
"USW00013904","4/26/2020","5.37","0.00","","0.0","0.0","","86","47","14.1","21.9",""
"USW00013904","4/27/2020","12.08","0.00","","0.0","0.0","","89","52","25.1","36.9",""
"USW00013904","4/28/2020","12.30","0.00","","0.0","0.0","","92","74","29.1","42.1",""
"USW00013904","4/29/2020","11.18","0.95","","0.0","0.0","","84","54","38.9","53.9",""
"USW00013904","4/30/2020","4.25","0.00","","0.0","0.0","","86","51","8.9","16.1",""
"USW00013904","5/1/2020","9.62","0.00","","0.0","0.0","","88","51","19.9","27.1",""
"USW00013904","5/2/2020","13.42","0.00","","0.0","0.0","","91","67","23.0","32.0",""
"USW00013904","5/3/2020","11.86","0.00","","0.0","0.0","","93","69","19.9","27.1",""
"USW00013904","5/4/2020","12.30","0.00","","0.0","0.0","","95","71","18.1","25.9",""
"USW00013904","5/5/2020","10.96","0.00","","0.0","0.0","","86","72","30.0","38.0",""
"USW00013904","5/6/2020","8.72","0.00","","0.0","0.0","","86","55","17.0","25.1",""
"USW00013904","5/7/2020","11.63","0.00","","0.0","0.0","","83","51","23.0","35.1",""
"USW00013904","5/8/2020","18.79","0.00","","0.0","0.0","","88","63","31.1","40.9",""
"USW00013904","5/9/2020","8.50","0.00","","0.0","0.0","","77","54","16.1","21.9",""
"USW00013904","5/10/2020","4.25","0.00","","0.0","0.0","","81","50","14.1","21.0",""
"USW00013904","5/11/2020","8.50","0.00","","0.0","0.0","","85","53","19.9","29.1",""
"USW00013904","5/12/2020","6.26","2.73","","0.0","0.0","","74","65","16.1","23.0",""
"USW00013904","5/13/2020","8.28","0.01","","0.0","0.0","","88","61","17.0","23.9",""
"USW00013904","5/14/2020","9.62","0.00","","0.0","0.0","","91","71","19.9","25.1",""
"USW00013904","5/15/2020","10.07","1.06","","0.0","0.0","","92","66","32.0","52.1",""
"USW00013904","5/16/2020","8.95","0.71","","0.0","0.0","","83","63","19.9","28.0",""
"USW00013904","5/17/2020","4.25","0.00","","0.0","0.0","","91","64","13.0","16.1",""
"USW00013904","5/18/2020","4.92","0.00","","0.0","0.0","","94","62","16.1","21.9",""
"USW00013904","5/19/2020","7.38","0.00","","0.0","0.0","","95","65","16.1","23.0",""
"USW00013904","5/20/2020","10.29","0.00","","0.0","0.0","","94","75","17.0","25.9",""
"USW00013904","5/21/2020","9.84","0.00","","0.0","0.0","","92","71","21.0","28.0",""
"USW00013904","5/22/2020","12.75","0.00","","0.0","0.0","","94","76","21.0","28.0",""
"USW00013904","5/23/2020","11.41","0.01","","0.0","0.0","","93","74","21.9","29.1",""
"USW00013904","5/24/2020","9.84","2.77","","0.0","0.0","","93","67","25.9","32.0",""
"USW00013904","5/25/2020","6.93","1.00","","0.0","0.0","","78","67","23.0","30.0",""
"USW00013904","5/26/2020","6.04","0.00","","0.0","0.0","","86","63","16.1","25.1",""
"USW00013904","5/27/2020","7.61","0.61","","0.0","0.0","","93","60","30.0","40.9",""
"USW00013904","5/28/2020","3.80","0.00","","0.0","0.0","","88","62","17.0","21.0",""
"USW00013904","5/29/2020","8.05","0.00","","0.0","0.0","","88","67","21.0","27.1",""
"USW00013904","5/30/2020","4.47","0.00","","0.0","0.0","","87","62","16.1","27.1",""
"USW00013904","5/31/2020","6.49","0.04","","0.0","0.0","","84","70","17.0","23.9",""
"USW00013904","6/1/2020","4.92","0.00","","0.0","0.0","","85","68","14.1","21.0",""
"USW00013904","6/2/2020","4.25","0.00","","0.0","0.0","","90","68","15.0","19.0",""
"USW00013904","6/3/2020","6.26","0.00","","0.0","0.0","","92","71","21.0","25.9",""
"USW00013904","6/4/2020","6.93","0.00","","0.0","0.0","","92","74","15.0","18.1",""
"USW00013904","6/5/2020","6.26","0.00","","0.0","0.0","","93","75","14.1","18.1",""
"USW00013904","6/6/2020","3.36","0.00","","0.0","0.0","","95","71","14.1","19.9",""
"USW00013904","6/7/2020","4.25","0.00","","0.0","0.0","","95","73","13.0","19.9",""
"USW00013904","6/8/2020","6.04","0.00","","0.0","0.0","","98","72","15.0","21.9",""
"USW00013904","6/9/2020","9.40","0.00","","0.0","0.0","","98","76","18.1","25.1",""
"USW00013904","6/10/2020","9.62","0.00","","0.0","0.0","","92","62","21.0","25.9",""
"USW00013904","6/11/2020","4.70","0.00","","0.0","0.0","","94","58","17.0","25.1",""
"USW00013904","6/12/2020","4.47","0.00","","0.0","0.0","","92","59","16.1","25.1",""
"USW00013904","6/13/2020","4.70","0.00","","0.0","0.0","","93","63","16.1","30.0",""
"USW00013904","6/14/2020","3.80","0.00","","0.0","0.0","","92","60","13.0","19.0",""
"USW00013904","6/15/2020","4.92","0.23","","0.0","0.0","","95","68","29.1","38.0",""
"USW00013904","6/16/2020","6.71","0.00","","0.0","0.0","","93","71","16.1","23.9",""
"USW00013904","6/17/2020","9.40","0.00","","0.0","0.0","","94","66","19.9","27.1",""
"USW00013904","6/18/2020","9.84","0.00","","0.0","0.0","","94","67","21.0","27.1",""
"USW00013904","6/19/2020","11.41","0.00","","0.0","0.0","","94","75","23.0","32.0",""
"USW00013904","6/20/2020","8.28","0.53","","0.0","0.0","","94","70","17.0","23.9",""
"USW00013904","6/21/2020","10.96","0.00","","0.0","0.0","","95","75","21.9","29.1",""
"USW00013904","6/22/2020","11.18","0.00","","0.0","0.0","","93","77","21.9","31.1",""
"USW00013904","6/23/2020","8.72","1.10","","0.0","0.0","","93","71","25.9","33.1",""
"USW00013904","6/24/2020","5.14","0.01","","0.0","0.0","","84","74","17.0","21.0",""
"USW00013904","6/25/2020","5.14","0.00","","0.0","0.0","","93","71","25.1","33.1",""
"USW00013904","6/26/2020","8.28","0.66","","0.0","0.0","","85","71","25.1","35.1",""
"USW00013904","6/27/2020","11.86","0.00","","0.0","0.0","","92","76","23.9","36.9",""
"USW00013904","6/28/2020","11.86","0.19","","0.0","0.0","","88","76","25.1","35.1",""
"USW00013904","6/29/2020","13.42","0.00","","0.0","0.0","","91","79","23.9","34.0",""
"USW00013904","6/30/2020","13.20","0.00","","0.0","0.0","","93","79","21.9","30.0",""
"USW00013904","7/1/2020","11.41","0.00","","0.0","0.0","","93","80","21.0","25.9",""
"USW00013904","7/2/2020","8.95","0.00","","0.0","0.0","","95","78","16.1","23.9",""
"USW00013904","7/3/2020","6.71","0.00","","0.0","0.0","","96","75","14.1","21.0",""
"USW00013904","7/4/2020","7.16","0.00","","0.0","0.0","","98","74","13.0","18.1",""
"USW00013904","7/5/2020","8.28","0.00","","0.0","0.0","","97","72","16.1","23.0",""
"USW00013904","7/6/2020","8.05","0.00","","0.0","0.0","","93","78","17.0","25.9",""
"USW00013904","7/7/2020","8.95","0.00","","0.0","0.0","","96","79","18.1","25.9",""
"USW00013904","7/8/2020","10.07","0.00","","0.0","0.0","","96","79","18.1","25.1",""
"USW00013904","7/9/2020","12.53","0.00","","0.0","0.0","","98","78","19.9","30.0",""
"USW00013904","7/10/2020","9.17","0.00","","0.0","0.0","","99","78","17.0","23.9",""
"USW00013904","7/11/2020","8.28","0.00","","0.0","0.0","","101","75","16.1","21.9",""
"USW00013904","7/12/2020","8.28","0.00","","0.0","0.0","","102","77","17.0","21.9",""
"USW00013904","7/13/2020","9.62","0.00","","0.0","0.0","","104","76","18.1","25.1",""
"USW00013904","7/14/2020","11.63","0.00","","0.0","0.0","","103","77","19.9","29.1",""
"USW00013904","7/15/2020","11.63","0.00","","0.0","0.0","","100","77","19.9","28.0",""
"USW00013904","7/16/2020","6.93","0.00","","0.0","0.0","","99","75","14.1","21.0",""
"USW00013904","7/17/2020","6.93","0.00","","0.0","0.0","","100","72","23.9","31.1",""
"USW00013904","7/18/2020","5.59","0.00","","0.0","0.0","","96","73","16.1","21.9",""
"USW00013904","7/19/2020","5.37","0.00","","0.0","0.0","","98","71","25.1","36.0",""
"USW00013904","7/20/2020","5.82","0.00","","0.0","0.0","","98","72","16.1","21.0",""
"USW00013904","7/21/2020","6.49","0.00","","0.0","0.0","","94","77","15.0","21.0",""
"USW00013904","7/22/2020","5.82","0.00","","0.0","0.0","","97","75","16.1","21.9",""
"USW00013904","7/23/2020","4.47","0.00","","0.0","0.0","","100","74","18.1","23.0",""
"USW00013904","7/24/2020","10.96","0.00","","0.0","0.0","","99","75","23.0","33.1",""
"USW00013904","7/25/2020","10.51","0.23","","0.0","0.0","","93","75","38.9","59.1",""
"USW00013904","7/26/2020","7.38","0.42","","0.0","0.0","","93","75","21.0","25.9",""
"USW00013904","7/27/2020","4.25","0.00","","0.0","0.0","","96","74","18.1","23.0",""
"USW00013904","7/28/2020","4.70","0.00","","0.0","0.0","","98","74","28.0","34.0",""
"USW00013904","7/29/2020","9.62","0.00","","0.0","0.0","","97","73","30.0","46.1",""
"USW00013904","7/30/2020","11.41","0.00","","0.0","0.0","","98","75","21.9","29.1",""
"USW00013904","7/31/2020","7.61","0.53","","0.0","0.0","","99","74","33.1","42.1",""
"USW00013904","8/1/2020","4.47","0.00","","0.0","0.0","","97","74","15.0","23.0",""
"USW00013904","8/2/2020","2.91","0.03","","0.0","0.0","","99","71","25.9","44.1",""
"USW00013904","8/3/2020","2.91","0.00","","0.0","0.0","","101","70","29.1","40.0",""
"USW00013904","8/4/2020","5.14","0.00","","0.0","0.0","","99","73","15.0","21.0",""
"USW00013904","8/5/2020","9.62","0.00","","0.0","0.0","","100","74","19.9","29.1",""
"USW00013904","8/6/2020","10.51","0.00","","0.0","0.0","","100","73","21.0","27.1",""
"USW00013904","8/7/2020","8.50","0.00","","0.0","0.0","","99","70","21.0","25.1",""
"USW00013904","8/8/2020","7.83","0.00","","0.0","0.0","","100","71","19.9","29.1",""
"USW00013904","8/9/2020","10.29","0.00","","0.0","0.0","","101","77","19.9","27.1",""
"USW00013904","8/10/2020","12.08","0.00","","0.0","0.0","","101","78","19.9","31.1",""
"USW00013904","8/11/2020","9.84","0.00","","0.0","0.0","","102","76","21.0","28.0",""
"USW00013904","8/12/2020","10.51","0.00","","0.0","0.0","","102","78","19.9","25.9",""
"USW00013904","8/13/2020","8.50","0.00","","0.0","0.0","","102","77","16.1","23.0",""
"USW00013904","8/14/2020","10.96","0.00","","0.0","0.0","","105","78","19.9","28.0",""
"USW00013904","8/15/2020","8.28","0.00","","0.0","0.0","","105","78","17.0","21.9",""
"USW00013904","8/16/2020","6.04","0.00","","0.0","0.0","","104","75","15.0","19.0",""
"USW00013904","8/17/2020","6.71","0.00","","0.0","0.0","","98","74","31.1","38.0",""
"USW00013904","8/18/2020","4.92","0.00","","0.0","0.0","","103","72","18.1","25.9",""
"USW00013904","8/19/2020","6.93","0.00","","0.0","0.0","","102","69","19.9","25.9",""
"USW00013904","8/20/2020","3.58","0.00","","0.0","0.0","","99","63","13.0","19.9",""
"USW00013904","8/21/2020","5.14","0.00","","0.0","0.0","","102","69","18.1","23.9",""
"USW00013904","8/22/2020","4.03","0.74","","0.0","0.0","","92","69","21.9","33.1",""
"USW00013904","8/23/2020","4.47","0.00","","0.0","0.0","","96","68","15.0","19.9",""
"USW00013904","8/24/2020","4.92","0.00","","0.0","0.0","","97","73","14.1","23.0",""
"USW00013904","8/25/2020","4.70","0.00","","0.0","0.0","","100","71","16.1","21.0",""
"USW00013904","8/26/2020","7.61","0.00","","0.0","0.0","","95","75","18.1","28.0",""
"USW00013904","8/27/2020","5.82","0.00","","0.0","0.0","","100","75","15.0","19.9",""
"USW00013904","8/28/2020","10.51","0.00","","0.0","0.0","","105","79","23.0","33.1",""
"USW00013904","8/29/2020","8.95","0.00","","0.0","0.0","","104","78","18.1","27.1",""
"USW00013904","8/30/2020","9.17","0.00","","0.0","0.0","","101","75","19.9","28.0",""
"USW00013904","8/31/2020","12.30","0.00","","0.0","0.0","","102","81","21.9","30.0",""
"USW00013904","9/1/2020","14.09","0.00","","0.0","0.0","","101","82","23.0","32.0",""
"USW00013904","9/2/2020","8.28","0.33","","0.0","0.0","","87","73","25.1","36.0",""
"USW00013904","9/3/2020","6.71","0.08","","0.0","0.0","","94","76","23.9","31.1",""
"USW00013904","9/4/2020","5.82","3.55","","0.0","0.0","","83","72","21.0","30.0",""
"USW00013904","9/5/2020","6.93","0.00","","0.0","0.0","","91","73","23.0","29.1",""
"USW00013904","9/6/2020","2.91","0.00","","0.0","0.0","","95","72","10.1","16.1",""
"USW00013904","9/7/2020","6.49","0.00","","0.0","0.0","","94","71","17.0","25.1",""
"USW00013904","9/8/2020","8.28","0.01","","0.0","0.0","","88","76","23.9","32.0",""
"USW00013904","9/9/2020","7.83","1.25","","0.0","0.0","","85","61","19.9","30.0",""
"USW00013904","9/10/2020","11.41","0.02","","0.0","0.0","","69","59","18.1","25.1",""
"USW00013904","9/11/2020","8.28","0.00","","0.0","0.0","","85","64","15.0","19.9",""
"USW00013904","9/12/2020","4.03","0.00","","0.0","0.0","","92","67","13.0","18.1",""
"USW00013904","9/13/2020","10.74","0.00","","0.0","0.0","","94","71","19.9","23.9",""
"USW00013904","9/14/2020","13.65","0.00","","0.0","0.0","","91","74","23.0","31.1",""
"USW00013904","9/15/2020","8.50","0.00","","0.0","0.0","","91","74","16.1","21.0",""
"USW00013904","9/16/2020","5.82","0.09","","0.0","0.0","","93","73","15.0","19.9",""
"USW00013904","9/17/2020","8.28","0.53","","0.0","0.0","","86","71","31.1","38.0",""
"USW00013904","9/18/2020","11.41","0.00","","0.0","0.0","","88","70","21.9","30.0",""
"USW00013904","9/19/2020","11.86","0.00","","0.0","0.0","","85","65","21.0","27.1",""
"USW00013904","9/20/2020","12.53","0.17","","0.0","0.0","","86","61","23.0","29.1",""
"USW00013904","9/21/2020","14.99","0.56","","0.0","0.0","","73","68","21.9","29.1",""
"USW00013904","9/22/2020","14.54","0.03","","0.0","0.0","","75","69","21.9","27.1",""
"USW00013904","9/23/2020","9.62","0.00","","0.0","0.0","","77","69","17.0","21.9",""
"USW00013904","9/24/2020","5.14","0.00","","0.0","0.0","","80","59","14.1","21.0",""
"USW00013904","9/25/2020","2.46","0.00","","0.0","0.0","","88","57","10.1","13.0",""
"USW00013904","9/26/2020","7.16","0.00","","0.0","0.0","","89","61","16.1","25.1",""
"USW00013904","9/27/2020","12.97","0.00","","0.0","0.0","","92","76","19.9","30.0",""
"USW00013904","9/28/2020","17.22","0.00","","0.0","0.0","","81","58","32.0","44.1",""
"USW00013904","9/29/2020","3.13","0.00","","0.0","0.0","","83","49","16.1","25.1",""
"USW00013904","9/30/2020","3.80","0.00","","0.0","0.0","","88","46","13.0","19.0",""
"USW00013904","10/1/2020","3.58","0.00","","0.0","0.0","","91","49","12.1","16.1",""
"USW00013904","10/2/2020","4.47","0.00","","0.0","0.0","","84","53","12.1","19.0",""
"USW00013904","10/3/2020","4.47","0.00","","0.0","0.0","","86","50","16.1","21.9",""
"USW00013904","10/4/2020","4.92","0.00","","0.0","0.0","","89","53","17.0","21.9",""
"USW00013904","10/5/2020","4.03","0.00","","0.0","0.0","","87","60","10.1","17.0",""
"USW00013904","10/6/2020","0.89","0.00","","0.0","0.0","","89","59","10.1","17.0",""
"USW00013904","10/7/2020","2.01","0.00","","0.0","0.0","","91","58","13.0","19.9",""
"USW00013904","10/8/2020","4.92","0.00","","0.0","0.0","","87","55","12.1","21.9",""
"USW00013904","10/9/2020","8.05","0.15","","0.0","0.0","","88","70","17.0","21.9",""
"USW00013904","10/10/2020","2.01","0.00","","0.0","0.0","","95","62","13.0","18.1",""
"USW00013904","10/11/2020","6.71","0.00","","0.0","0.0","","96","61","18.1","25.9",""
"USW00013904","10/12/2020","9.17","0.00","","0.0","0.0","","87","58","21.0","27.1",""
"USW00013904","10/13/2020","2.24","0.00","","0.0","0.0","","89","54","8.9","13.0",""
"USW00013904","10/14/2020","6.71","0.00","","0.0","0.0","","92","57","17.0","25.9",""
"USW00013904","10/15/2020","12.30","0.00","","0.0","0.0","","88","67","29.1","36.9",""
"USW00013904","10/16/2020","13.65","0.00","","0.0","0.0","","77","50","30.0","42.1",""
"USW00013904","10/17/2020","8.05","0.01","","0.0","0.0","","82","57","21.9","33.1",""
"USW00013904","10/18/2020","12.75","0.00","","0.0","0.0","","91","72","23.9","36.0",""
"USW00013904","10/19/2020","9.62","0.00","","0.0","0.0","","93","73","17.0","23.9",""
"USW00013904","10/20/2020","9.84","0.00","","0.0","0.0","","91","72","16.1","23.9",""
"USW00013904","10/21/2020","5.37","0.00","","0.0","0.0","","90","69","14.1","19.0",""
"USW00013904","10/22/2020","7.61","0.00","","0.0","0.0","","90","66","18.1","25.1",""
"USW00013904","10/23/2020","11.18","0.00","","0.0","0.0","","85","55","28.0","34.0",""
"USW00013904","10/24/2020","8.05","0.00","","0.0","0.0","","66","53","19.9","25.1",""
"USW00013904","10/25/2020","8.05","0.00","","0.0","0.0","","85","49","21.0","25.9",""
"USW00013904","10/26/2020","12.08","0.02","","0.0","0.0","","80","44","23.0","31.1",""
"USW00013904","10/27/2020","13.87","0.04","","0.0","0.0","","46","41","21.0","25.1",""
"USW00013904","10/28/2020","10.51","0.12","","0.0","0.0","","62","41","19.9","30.0",""
"USW00013904","10/29/2020","11.18","0.00","","0.0","0.0","","64","40","28.0","44.1",""
"USW00013904","10/30/2020","4.92","0.00","","0.0","0.0","","72","42","12.1","15.0",""
"USW00013904","10/31/2020","2.91","0.00","","0.0","0.0","","78","35","13.0","19.9",""
"USW00013904","11/1/2020","8.28","0.00","","0.0","0.0","","79","43","21.9","29.1",""
"USW00013904","11/2/2020","2.01","0.00","","0.0","0.0","","77","39","8.1","14.1",""
"USW00013904","11/3/2020","4.47","0.00","","0.0","0.0","","80","35","14.1","21.0",""
"USW00013904","11/4/2020","5.37","0.00","","0.0","0.0","","81","40","17.0","25.9",""
"USW00013904","11/5/2020","3.80","0.00","","0.0","0.0","","82","47","15.0","21.0",""
"USW00013904","11/6/2020","3.13","0.00","","0.0","0.0","","81","54","12.1","15.0",""
"USW00013904","11/7/2020","2.91","0.00","","0.0","0.0","","82","47","13.0","17.0",""
"USW00013904","11/8/2020","5.82","0.00","","0.0","0.0","","83","50","17.0","21.0",""
"USW00013904","11/9/2020","8.50","0.00","","0.0","0.0","","86","59","18.1","28.0",""
"USW00013904","11/10/2020","7.38","0.00","","0.0","0.0","","82","58","18.1","25.1",""
"USW00013904","11/11/2020","5.82","0.00","","0.0","0.0","","84","53","13.0","19.0",""
"USW00013904","11/12/2020","3.13","0.00","","0.0","0.0","","85","57","15.0","21.9",""
"USW00013904","11/13/2020","4.25","0.00","","0.0","0.0","","86","58","15.0","19.0",""
"USW00013904","11/14/2020","9.62","0.00","","0.0","0.0","","89","64","23.0","33.1",""
"USW00013904","11/15/2020","12.53","0.00","","0.0","0.0","","74","39","32.0","40.9",""
"USW00013904","11/16/2020","1.34","0.00","","0.0","0.0","","76","32","10.1","17.0",""
"USW00013904","11/17/2020","2.46","0.00","","0.0","0.0","","77","34","12.1","17.0",""
"USW00013904","11/18/2020","5.59","0.00","","0.0","0.0","","80","36","16.1","23.0",""
"USW00013904","11/19/2020","6.49","0.00","","0.0","0.0","","83","48","21.0","27.1",""
"USW00013904","11/20/2020","5.59","0.00","","0.0","0.0","","84","53","15.0","21.0",""
"USW00013904","11/21/2020","3.58","0.01","","0.0","0.0","","81","56","12.1","15.0",""
"USW00013904","11/22/2020","7.83","0.00","","0.0","0.0","","83","58","23.9","32.0",""
"USW00013904","11/23/2020","8.05","0.00","","0.0","0.0","","68","52","21.0","25.1",""
"USW00013904","11/24/2020","12.75","0.01","","0.0","0.0","","85","61","25.1","36.9",""
"USW00013904","11/25/2020","6.71","0.00","","0.0","0.0","","73","44","21.9","27.1",""
"USW00013904","11/26/2020","3.13","0.00","","0.0","0.0","","77","39","13.0","18.1",""
"USW00013904","11/27/2020","8.72","0.03","","0.0","0.0","","71","60","21.0","25.9",""
"USW00013904","11/28/2020","9.62","0.78","","0.0","0.0","","61","52","18.1","23.9",""
"USW00013904","11/29/2020","12.08","0.00","","0.0","0.0","","60","48","23.0","31.1",""
"USW00013904","11/30/2020","10.51","0.00","","0.0","0.0","","58","30","25.9","38.9",""
"USW00013904","12/1/2020","6.71","0.00","","0.0","0.0","","65","22","21.9","32.0",""
"USW00013904","12/2/2020","7.38","0.00","","0.0","0.0","","67","38","25.1","32.0",""
"USW00013904","12/3/2020","11.18","0.00","","0.0","0.0","","59","37","19.9","28.0",""
"USW00013904","12/4/2020","4.92","0.00","","0.0","0.0","","60","32","13.0","19.0",""
"USW00013904","12/5/2020","2.68","0.01","","0.0","0.0","","54","31","8.1","11.0",""
"USW00013904","12/6/2020","6.26","0.00","","0.0","0.0","","68","32","17.0","25.9",""
"USW00013904","12/7/2020","5.14","0.00","","0.0","0.0","","71","35","16.1","25.1",""
"USW00013904","12/8/2020","3.36","0.00","","0.0","0.0","","79","36","13.0","17.0",""
"USW00013904","12/9/2020","5.14","0.00","","0.0","0.0","","83","42","12.1","21.9",""
"USW00013904","12/10/2020","7.61","0.00","","0.0","0.0","","80","43","23.0","31.1",""
"USW00013904","12/11/2020","3.58","0.05","","0.0","0.0","","77","48","8.9","14.1",""
"USW00013904","12/12/2020","8.05","0.00","","0.0","0.0","","63","45","17.0","23.0",""
"USW00013904","12/13/2020","11.41","0.00","","0.0","0.0","","70","43","38.0","52.1",""
"USW00013904","12/14/2020","8.50","0.00","","0.0","0.0","","51","33","31.1","44.1",""
"USW00013904","12/15/2020","5.14","0.00","","0.0","0.0","","62","31","18.1","29.1",""
"USW00013904","12/16/2020","6.93","0.00","","0.0","0.0","","57","28","21.0","31.1",""
"USW00013904","12/17/2020","3.58","0.00","","0.0","0.0","","65","23","13.0","17.0",""
"USW00013904","12/18/2020","5.37","0.00","","0.0","0.0","","65","25","18.1","25.9",""
"USW00013904","12/19/2020","4.47","1.62","","0.0","0.0","","69","38","14.1","21.9",""
"USW00013904","12/20/2020","2.68","0.00","","0.0","0.0","","70","35","10.1","15.0",""
"USW00013904","12/21/2020","2.91","0.00","","0.0","0.0","","76","33","13.0","18.1",""
"USW00013904","12/22/2020","7.61","0.00","","0.0","0.0","","75","36","21.0","28.0",""
"USW00013904","12/23/2020","13.65","0.00","","0.0","0.0","","80","48","32.0","42.9",""
"USW00013904","12/24/2020","12.08","0.00","","0.0","0.0","","57","36","32.0","46.1",""
"USW00013904","12/25/2020","2.24","0.00","","0.0","0.0","","69","30","12.1","13.0",""
"USW00013904","12/26/2020","7.61","0.00","","0.0","0.0","","71","28","21.9","30.0",""
"USW00013904","12/27/2020","7.38","0.00","","0.0","0.0","","78","36","28.0","38.0",""
"USW00013904","12/28/2020","6.93","0.00","","0.0","0.0","","78","45","18.1","23.9",""
"USW00013904","12/29/2020","17.00","0.02","","0.0","0.0","","78","63","25.9","38.9",""
"USW00013904","12/30/2020","15.88","0.47","","0.0","0.0","","74","45","32.0","42.9",""
"USW00013904","12/31/2020","11.86","2.23","","0.0","0.0","","45","38","23.0","33.1",""
"USW00013904","1/1/2021","7.16","0.00","","0.0","0.0","","54","31","18.1","28.0",""
"USW00013904","1/2/2021","5.59","0.00","","0.0","0.0","","65","32","13.0","19.9",""
"USW00013904","1/3/2021","9.62","0.00","","0.0","0.0","","70","31","21.0","29.1",""
"USW00013904","1/4/2021","4.70","0.00","","0.0","0.0","","78","33","15.0","18.1",""
"USW00013904","1/5/2021","6.49","0.00","","0.0","0.0","","72","44","16.1","21.0",""
"USW00013904","1/6/2021","9.62","0.35","","0.0","0.0","","72","51","21.9","42.1",""
"USW00013904","1/7/2021","10.07","0.00","","0.0","0.0","","63","37","21.9","30.0",""
"USW00013904","1/8/2021","8.05","0.00","","0.0","0.0","","53","32","18.1","23.9",""
"USW00013904","1/9/2021","5.59","0.01","","0.0","0.0","","55","26","16.1","21.9",""
"USW00013904","1/10/2021","11.41","1.07","","1.3","0.0","","46","33","19.9","25.1",""
"USW00013904","1/11/2021","6.71","0.00","","0.0","0.0","","50","28","16.1","19.9",""
"USW00013904","1/12/2021","3.80","0.00","","0.0","0.0","","51","23","10.1","15.0",""
"USW00013904","1/13/2021","5.82","0.00","","0.0","0.0","","66","26","16.1","21.0",""
"USW00013904","1/14/2021","10.96","0.00","","0.0","0.0","","71","34","29.1","36.9",""
"USW00013904","1/15/2021","9.84","0.00","","0.0","0.0","","61","38","21.0","34.0",""
"USW00013904","1/16/2021","3.58","0.00","","0.0","0.0","","64","38","10.1","17.0",""
"USW00013904","1/17/2021","3.80","0.00","","0.0","0.0","","69","37","13.0","18.1",""
"USW00013904","1/18/2021","8.95","0.00","","0.0","0.0","","77","38","25.1","33.1",""
"USW00013904","1/19/2021","11.41","0.13","","0.0","0.0","","72","50","21.9","30.0",""
"USW00013904","1/20/2021","8.28","0.10","","0.0","0.0","","57","49","19.9","25.9",""
"USW00013904","1/21/2021","4.47","0.00","","0.0","0.0","","67","50","8.9","12.1",""
"USW00013904","1/22/2021","7.83","0.01","","0.0","0.0","","78","52","21.9","28.0",""
"USW00013904","1/23/2021","5.59","0.01","","0.0","0.0","","64","51","15.0","18.1",""
"USW00013904","1/24/2021","6.71","0.04","","0.0","0.0","","72","61","23.0","30.0",""
"USW00013904","1/25/2021","8.28","0.03","","0.0","0.0","","77","43","23.0","32.0",""
"USW00013904","1/26/2021","5.37","0.00","","0.0","0.0","","75","36","25.1","32.0",""
"USW00013904","1/27/2021","10.29","0.00","","0.0","0.0","","68","39","23.0","31.1",""
"USW00013904","1/28/2021","7.16","0.00","","0.0","0.0","","56","32","14.1","18.1",""
"USW00013904","1/29/2021","7.38","0.00","","0.0","0.0","","69","33","19.9","27.1",""
"USW00013904","1/30/2021","10.51","0.00","","0.0","0.0","","78","50","23.9","35.1",""
"USW00013904","1/31/2021","11.86","0.00","","0.0","0.0","","70","48","23.0","32.0",""
"USW00013904","2/1/2021","6.26","0.00","","0.0","0.0","","66","34","17.0","23.0",""
"USW00013904","2/2/2021","4.47","0.00","","0.0","0.0","","68","34","15.0","23.9",""
"USW00013904","2/3/2021","9.40","0.00","","0.0","0.0","","77","34","23.0","33.1",""
"USW00013904","2/4/2021","14.09","0.00","","0.0","0.0","","86","55","25.1","32.0",""
"USW00013904","2/5/2021","7.83","0.02","","0.0","0.0","","59","45","21.0","25.9",""
"USW00013904","2/6/2021","7.38","0.00","","0.0","0.0","","77","46","25.9","36.9",""
"USW00013904","2/7/2021","8.28","0.00","","0.0","0.0","","71","35","18.1","29.1",""
"USW00013904","2/8/2021","5.14","0.00","","0.0","0.0","","77","43","19.9","25.1",""
"USW00013904","2/9/2021","9.40","0.00","","0.0","0.0","","64","48","16.1","19.9",""
"USW00013904","2/10/2021","14.54","0.07","","0.0","0.0","","48","37","23.0","30.0",""
"USW00013904","2/11/2021","16.78","0.48","","0.0","0.0","","38","32","25.1","34.0",""
"USW00013904","2/12/2021","17.67","0.00","","0.0","0.0","","34","30","25.1","32.0",""
"USW00013904","2/13/2021","16.55","0.00","","0.0","0.0","","32","28","23.9","30.0",""
"USW00013904","2/14/2021","18.57","0.11","","0.3","0.0","","31","14","28.0","38.0",""
"USW00013904","2/15/2021","13.42","0.34","","6.1","5.9","","23","9","25.1","36.0",""
"USW00013904","2/16/2021","5.82","0.01","","0.0","5.1","","27","6","14.1","17.0",""
"USW00013904","2/17/2021","12.53","0.74","","0.0","3.9","","32","23","23.9","29.1",""
"USW00013904","2/18/2021","13.87","0.00","","0.1","3.1","","32","27","23.0","27.1",""
"USW00013904","2/19/2021","3.13","0.00","","0.0","2.0","","45","20","10.1","17.0",""
"USW00013904","2/20/2021","7.38","0.00","","0.0","0.0","","63","21","19.9","25.1",""
"USW00013904","2/21/2021","8.95","0.00","","0.0","0.0","","76","33","23.9","36.0",""
"USW00013904","2/22/2021","4.03","0.00","","0.0","0.0","","76","34","13.0","16.1",""
"USW00013904","2/23/2021","10.51","0.00","","0.0","0.0","","79","35","25.1","34.0",""
"USW00013904","2/24/2021","8.50","0.00","","0.0","0.0","","83","64","18.1","25.1",""
"USW00013904","2/25/2021","10.96","0.06","","0.0","0.0","","66","52","18.1","21.9",""
"USW00013904","2/26/2021","4.25","0.01","","0.0","0.0","","61","49","15.0","19.0",""
"USW00013904","2/27/2021","8.50","0.00","","0.0","0.0","","80","57","25.1","35.1",""
"USW00013904","2/28/2021","10.07","0.00","","0.0","0.0","","78","60","21.9","28.0",""
"USW00013904","3/1/2021","19.69","0.00","","0.0","0.0","","60","50","33.1","42.9",""
"USW00013904","3/2/2021","9.62","0.00","","0.0","0.0","","66","37","18.1","25.1",""
"USW00013904","3/3/2021","5.14","0.00","","0.0","0.0","","73","34","14.1","19.0",""
"USW00013904","3/4/2021","7.61","0.00","","0.0","0.0","","77","39","21.0","27.1",""
"USW00013904","3/5/2021","10.96","0.00","","0.0","0.0","","81","51","25.9","36.0",""
"USW00013904","3/6/2021","11.41","0.00","","0.0","0.0","","69","41","29.1","36.9",""
"USW00013904","3/7/2021","3.36","0.00","","0.0","0.0","","71","36","13.0","17.0",""
"USW00013904","3/8/2021","6.71","0.00","","0.0","0.0","","73","40","16.1","21.9",""
"USW00013904","3/9/2021","13.87","0.00","","0.0","0.0","","78","51","25.1","35.1",""
"USW00013904","3/10/2021","17.00","0.00","","0.0","0.0","","84","63","28.0","38.0",""
"USW00013904","3/11/2021","14.32","0.00","","0.0","0.0","","82","69","25.1","35.1",""
"USW00013904","3/12/2021","13.20","0.00","","0.0","0.0","","83","68","23.9","35.1",""
"USW00013904","3/13/2021","15.88","0.11","","0.0","0.0","","79","68","28.0","40.0",""
"USW00013904","3/14/2021","6.93","0.07","","0.0","0.0","","75","44","21.9","31.1",""
"USW00013904","3/15/2021","5.37","0.00","","0.0","0.0","","86","37","13.0","23.0",""
"USW00013904","3/16/2021","10.96","0.00","","0.0","0.0","","84","67","21.9","31.1",""
"USW00013904","3/17/2021","15.66","0.00","","0.0","0.0","","79","56","25.9","40.9",""
"USW00013904","3/18/2021","14.99","0.00","","0.0","0.0","","74","47","28.0","38.9",""
"USW00013904","3/19/2021","11.63","0.00","","0.0","0.0","","71","43","21.0","29.1",""
"USW00013904","3/20/2021","2.91","0.00","","0.0","0.0","","71","36","12.1","15.0",""
"USW00013904","3/21/2021","7.83","0.00","","0.0","0.0","","75","42","19.9","25.9",""
"USW00013904","3/22/2021","11.18","0.14","","0.0","0.0","","72","56","28.0","38.0",""
"USW00013904","3/23/2021","4.47","0.25","","0.0","0.0","","81","50","16.1","21.9",""
"USW00013904","3/24/2021","6.93","0.00","","0.0","0.0","","72","48","17.0","23.9",""
"USW00013904","3/25/2021","7.38","0.11","","0.0","0.0","","76","51","23.0","35.1",""
"USW00013904","3/26/2021","5.82","0.00","","0.0","0.0","","81","43","17.0","23.0",""
"USW00013904","3/27/2021","6.49","0.00","","0.0","0.0","","83","60","18.1","25.1",""
"USW00013904","3/28/2021","15.88","0.00","","0.0","0.0","","73","43","32.0","42.9",""
"USW00013904","3/29/2021","7.16","0.00","","0.0","0.0","","75","35","17.0","23.9",""
"USW00013904","3/30/2021","10.96","0.00","","0.0","0.0","","79","58","23.0","32.0",""
"USW00013904","3/31/2021","15.43","0.02","","0.0","0.0","","71","54","29.1","40.0",""
"USW00013904","4/1/2021","6.71","0.00","","0.0","0.0","","69","35","16.1","23.0",""
"USW00013904","4/2/2021","7.83","0.00","","0.0","0.0","","70","33","18.1","28.0",""
"USW00013904","4/3/2021","6.49","0.14","","0.0","0.0","","67","47","14.1","19.9",""
"USW00013904","4/4/2021","4.47","0.00","","0.0","0.0","","75","47","13.0","17.0",""
"USW00013904","4/5/2021","8.05","0.00","","0.0","0.0","","79","46","21.0","28.0",""
"USW00013904","4/6/2021","17.22","0.00","","0.0","0.0","","86","65","29.1","42.9",""
"USW00013904","4/7/2021","9.40","0.00","","0.0","0.0","","85","47","23.0","34.0",""
"USW00013904","4/8/2021","7.38","0.00","","0.0","0.0","","89","44","18.1","30.0",""
"USW00013904","4/9/2021","11.41","0.00","","0.0","0.0","","89","64","21.9","32.0",""
"USW00013904","4/10/2021","12.75","0.00","","0.0","0.0","","79","48","25.9","34.0",""
"USW00013904","4/11/2021","6.49","0.00","","0.0","0.0","","87","38","17.0","25.9",""
"USW00013904","4/12/2021","9.17","0.00","","0.0","0.0","","87","61","18.1","25.9",""
"USW00013904","4/13/2021","8.72","0.00","","0.0","0.0","","81","70","17.0","21.9",""
"USW00013904","4/14/2021","8.72","0.00","","0.0","0.0","","80","67","17.0","21.0",""
"USW00013904","4/15/2021","9.62","0.13","","0.0","0.0","","71","60","25.1","32.0",""
"USW00013904","4/16/2021","9.17","0.07","","0.0","0.0","","68","59","23.0","30.0",""
"USW00013904","4/17/2021","17.22","0.00","","0.0","0.0","","64","50","28.0","36.9",""
"USW00013904","4/18/2021","9.17","0.00","","0.0","0.0","","66","48","18.1","25.1",""
"USW00013904","4/19/2021","3.58","0.00","","0.0","0.0","","74","41","14.1","19.9",""
"USW00013904","4/20/2021","8.95","0.00","","0.0","0.0","","82","44","29.1","36.0",""
"USW00013904","4/21/2021","14.54","0.00","","0.0","0.0","","64","42","28.0","38.9",""
"USW00013904","4/22/2021","6.49","0.00","","0.0","0.0","","65","39","17.0","23.9",""
"USW00013904","4/23/2021","5.14","0.56","","0.0","0.0","","73","61","23.0","32.0",""
"USW00013904","4/24/2021","10.29","0.00","","0.0","0.0","","83","54","21.9","30.0",""
"USW00013904","4/25/2021","8.50","0.00","","0.0","0.0","","86","48","17.0","23.0",""
"USW00013904","4/26/2021","13.20","0.00","","0.0","0.0","","85","65","21.9","31.1",""
"USW00013904","4/27/2021","12.30","0.00","","0.0","0.0","","79","68","23.0","34.0",""
"USW00013904","4/28/2021","15.88","0.08","","0.0","0.0","","85","71","28.0","38.9",""
"USW00013904","4/29/2021","6.71","0.09","","0.0","0.0","","75","67","18.1","25.9",""
"USW00013904","4/30/2021","9.40","1.90","","0.0","0.0","","72","65","29.1","36.9",""
"USW00013904","5/1/2021","8.95","1.50","","0.0","0.0","","72","64","19.9","27.1",""
"USW00013904","5/2/2021","9.17","0.00","","0.0","0.0","","86","57","21.9","33.1",""
"USW00013904","5/3/2021","10.51","0.00","","0.0","0.0","","91","69","19.9","25.9",""
"USW00013904","5/4/2021","11.86","0.25","","0.0","0.0","","81","61","23.9","30.0",""
"USW00013904","5/5/2021","8.95","0.00","","0.0","0.0","","78","53","18.1","27.1",""
"USW00013904","5/6/2021","5.37","0.00","","0.0","0.0","","84","50","14.1","21.0",""
"USW00013904","5/7/2021","6.49","0.00","","0.0","0.0","","84","53","17.0","21.0",""
"USW00013904","5/8/2021","14.76","0.00","","0.0","0.0","","88","64","25.9","36.9",""
"USW00013904","5/9/2021","9.84","0.00","","0.0","0.0","","87","73","21.9","28.0",""
"USW00013904","5/10/2021","10.51","0.00","","0.0","0.0","","78","62","18.1","25.1",""
"USW00013904","5/11/2021","10.51","0.13","","0.0","0.0","","78","61","29.1","36.9",""
"USW00013904","5/12/2021","14.99","0.00","","0.0","0.0","","73","59","21.9","30.0",""
"USW00013904","5/13/2021","8.28","0.00","","0.0","0.0","","73","58","15.0","19.0",""
"USW00013904","5/14/2021","6.26","0.00","","0.0","0.0","","82","53","19.9","25.9",""
"USW00013904","5/15/2021","7.61","0.00","","0.0","0.0","","79","61","19.9","23.9",""
"USW00013904","5/16/2021","11.41","0.64","","0.0","0.0","","79","69","25.1","32.0",""
"USW00013904","5/17/2021","10.51","0.96","","0.0","0.0","","80","64","33.1","48.1",""
"USW00013904","5/18/2021","11.41","0.57","","0.0","0.0","","79","64","28.0","36.0",""
"USW00013904","5/19/2021","5.14","0.00","","0.0","0.0","","70","61","21.0","27.1",""
"USW00013904","5/20/2021","2.91","0.00","","0.0","0.0","","83","60","12.1","16.1",""
"USW00013904","5/21/2021","5.59","0.00","","0.0","0.0","","84","61","14.1","19.0",""
"USW00013904","5/22/2021","12.30","0.46","","0.0","0.0","","81","71","28.0","38.9",""
"USW00013904","5/23/2021","7.16","0.16","","0.0","0.0","","73","68","16.1","21.0",""
"USW00013904","5/24/2021","7.38","0.11","","0.0","0.0","","86","68","21.0","27.1",""
"USW00013904","5/25/2021","9.62","0.02","","0.0","0.0","","87","70","19.9","25.1",""
"USW00013904","5/26/2021","9.40","0.00","","0.0","0.0","","88","70","21.0","27.1",""
"USW00013904","5/27/2021","11.41","0.00","","0.0","0.0","","88","72","19.9","31.1",""
"USW00013904","5/28/2021","11.63","2.66","","0.0","0.0","","88","64","47.0","59.9",""
"USW00013904","5/29/2021","5.14","0.00","","0.0","0.0","","85","63","12.1","21.9",""
"USW00013904","5/30/2021","4.25","3.95","","0.0","0.0","","85","65","18.1","25.9",""
"USW00013904","5/31/2021","9.40","0.86","","0.0","0.0","","84","68","18.1","25.1",""
"USW00013904","6/1/2021","6.49","0.27","","0.0","0.0","","83","66","16.1","23.0",""
"USW00013904","6/2/2021","5.37","0.50","","0.0","0.0","","86","63","25.1","36.9",""
"USW00013904","6/3/2021","4.70","2.32","","0.0","0.0","","72","63","29.1","48.1",""
"USW00013904","6/4/2021","4.47","0.00","","0.0","0.0","","83","67","13.0","19.9",""
"USW00013904","6/5/2021","2.68","0.16","","0.0","0.0","","82","65","15.0","23.9",""
"USW00013904","6/6/2021","7.61","0.00","","0.0","0.0","","88","64","17.0","25.1",""
"USW00013904","6/7/2021","10.51","0.00","","0.0","0.0","","91","76","23.9","33.1",""
"USW00013904","6/8/2021","11.18","0.00","","0.0","0.0","","90","73","21.9","30.0",""
"USW00013904","6/9/2021","10.51","0.00","","0.0","0.0","","92","73","18.1","25.9",""
"USW00013904","6/10/2021","11.41","0.00","","0.0","0.0","","92","76","18.1","25.1",""
"USW00013904","6/11/2021","11.63","0.00","","0.0","0.0","","91","75","19.9","27.1",""
"USW00013904","6/12/2021","7.16","0.00","","0.0","0.0","","91","74","15.0","19.9",""
"USW00013904","6/13/2021","2.91","0.00","","0.0","0.0","","96","72","10.1","15.0",""
"USW00013904","6/14/2021","3.36","0.00","","0.0","0.0","","96","70","21.0","33.1",""
"USW00013904","6/15/2021","5.37","0.00","","0.0","0.0","","95","71","23.0","33.1",""
"USW00013904","6/16/2021","3.80","0.00","","0.0","0.0","","94","67","13.0","21.9",""
"USW00013904","6/17/2021","4.03","0.00","","0.0","0.0","","95","69","12.1","19.0",""
"USW00013904","6/18/2021","4.25","0.00","","0.0","0.0","","91","68","13.0","17.0",""
"USW00013904","6/19/2021","5.82","0.00","","0.0","0.0","","93","63","13.0","19.9",""
"USW00013904","6/20/2021","10.29","0.00","","0.0","0.0","","92","69","21.0","28.0",""
"USW00013904","6/21/2021","8.95","0.02","","0.0","0.0","","93","78","18.1","25.1",""
"USW00013904","6/22/2021","8.05","0.00","","0.0","0.0","","87","72","21.0","29.1",""
"USW00013904","6/23/2021","8.05","0.00","","0.0","0.0","","94","74","16.1","23.9",""
"USW00013904","6/24/2021","11.18","0.00","","0.0","0.0","","94","74","21.0","25.1",""
"USW00013904","6/25/2021","12.30","0.00","","0.0","0.0","","93","76","21.9","32.0",""
"USW00013904","6/26/2021","13.20","0.00","","0.0","0.0","","94","73","23.9","31.1",""
"USW00013904","6/27/2021","5.37","0.02","","0.0","0.0","","89","69","15.0","18.1",""
"USW00013904","6/28/2021","5.82","0.02","","0.0","0.0","","89","71","23.0","30.0",""
"USW00013904","6/29/2021","6.04","0.33","","0.0","0.0","","87","70","25.9","32.0",""
"USW00013904","6/30/2021","4.47","0.00","","0.0","0.0","","91","72","14.1","19.0",""
"USW00013904","7/1/2021","3.80","0.00","","0.0","0.0","","92","70","12.1","16.1",""
"USW00013904","7/2/2021","4.70","0.00","","0.0","0.0","","94","72","17.0","23.0",""
"USW00013904","7/3/2021","6.04","0.47","","0.0","0.0","","89","72","21.9","28.0",""
"USW00013904","7/4/2021","4.47","0.55","","0.0","0.0","","83","72","14.1","17.0",""
"USW00013904","7/5/2021","3.58","0.01","","0.0","0.0","","84","71","16.1","21.0",""
"USW00013904","7/6/2021","8.05","0.00","","0.0","0.0","","88","72","17.0","25.9",""
"USW00013904","7/7/2021","6.49","0.00","","0.0","0.0","","85","69","16.1","21.9",""
"USW00013904","7/8/2021","8.50","0.05","","0.0","0.0","","88","70","18.1","27.1",""
"USW00013904","7/9/2021","8.50","0.17","","0.0","0.0","","79","74","17.0","23.9",""
"USW00013904","7/10/2021","8.50","0.03","","0.0","0.0","","91","73","21.0","28.0",""
"USW00013904","7/11/2021","6.49","0.00","","0.0","0.0","","90","75","18.1","25.1",""
"USW00013904","7/12/2021","7.83","0.00","","0.0","0.0","","87","68","21.9","30.0",""
"USW00013904","7/13/2021","2.68","0.08","","0.0","0.0","","90","66","36.0","51.0",""
"USW00013904","7/14/2021","5.14","0.01","","0.0","0.0","","90","67","30.0","38.9",""
"USW00013904","7/15/2021","8.28","0.00","","0.0","0.0","","91","70","16.1","23.0",""
"USW00013904","7/16/2021","10.74","0.00","","0.0","0.0","","91","71","21.0","29.1",""
"USW00013904","7/17/2021","8.95","0.00","","0.0","0.0","","93","75","17.0","25.9",""
"USW00013904","7/18/2021","6.04","0.00","","0.0","0.0","","93","69","13.0","19.0",""
"USW00013904","7/19/2021","5.37","1.39","","0.0","0.0","","93","71","36.9","49.0",""
"USW00013904","7/20/2021","6.71","0.00","","0.0","0.0","","89","71","15.0","21.9",""
"USW00013904","7/21/2021","5.37","0.00","","0.0","0.0","","89","70","32.0","44.1",""
"USW00013904","7/22/2021","5.14","0.04","","0.0","0.0","","91","68","25.1","35.1",""
"USW00013904","7/23/2021","10.29","0.00","","0.0","0.0","","92","71","21.9","32.0",""
"USW00013904","7/24/2021","10.51","0.00","","0.0","0.0","","93","74","18.1","25.1",""
"USW00013904","7/25/2021","8.28","0.00","","0.0","0.0","","94","72","15.0","19.9",""
"USW00013904","7/26/2021","5.37","0.00","","0.0","0.0","","95","71","14.1","18.1",""
"USW00013904","7/27/2021","4.92","0.00","","0.0","0.0","","94","70","10.1","15.0",""
"USW00013904","7/28/2021","3.80","0.02","","0.0","0.0","","94","73","13.0","16.1",""
"USW00013904","7/29/2021","3.13","0.00","","0.0","0.0","","94","71","18.1","23.0",""
"USW00013904","7/30/2021","4.70","0.00","","0.0","0.0","","95","70","12.1","18.1",""
"USW00013904","7/31/2021","5.59","0.00","","0.0","0.0","","95","73","13.0","18.1",""
"USW00013904","8/1/2021","5.37","1.41","","0.0","0.0","","96","72","29.1","38.9",""
"USW00013904","8/2/2021","3.80","0.88","","0.0","0.0","","82","71","13.0","18.1",""
"USW00013904","8/3/2021","5.59","0.00","","0.0","0.0","","90","73","15.0","23.9",""
"USW00013904","8/4/2021","6.04","0.00","","0.0","0.0","","88","72","14.1","21.9",""
"USW00013904","8/5/2021","3.36","0.05","","0.0","0.0","","81","72","15.0","19.0",""
"USW00013904","8/6/2021","4.92","0.00","","0.0","0.0","","89","73","21.9","31.1",""
"USW00013904","8/7/2021","9.17","0.00","","0.0","0.0","","91","72","21.0","28.0",""
"USW00013904","8/8/2021","12.30","0.00","","0.0","0.0","","93","76","21.9","32.0",""
"USW00013904","8/9/2021","12.53","0.00","","0.0","0.0","","94","75","21.9","35.1",""
"USW00013904","8/10/2021","10.29","0.00","","0.0","0.0","","94","73","19.9","28.0",""
"USW00013904","8/11/2021","8.72","0.00","","0.0","0.0","","94","68","17.0","30.0",""
"USW00013904","8/12/2021","7.61","0.00","","0.0","0.0","","95","72","17.0","21.9",""
"USW00013904","8/13/2021","5.14","0.00","","0.0","0.0","","95","70","19.9","25.9",""
"USW00013904","8/14/2021","3.13","0.00","","0.0","0.0","","94","70","18.1","23.9",""
"USW00013904","8/15/2021","4.03","1.50","","0.0","0.0","","91","70","33.1","45.0",""
"USW00013904","8/16/2021","3.13","0.00","","0.0","0.0","","93","69","13.0","18.1",""
"USW00013904","8/17/2021","5.37","0.26","","0.0","0.0","","92","71","18.1","23.9",""
"USW00013904","8/18/2021","8.50","0.00","","0.0","0.0","","93","76","21.0","25.9",""
"USW00013904","8/19/2021","10.96","0.00","","0.0","0.0","","94","73","21.0","29.1",""
"USW00013904","8/20/2021","9.17","0.00","","0.0","0.0","","94","73","18.1","27.1",""
"USW00013904","8/21/2021","7.83","0.00","","0.0","0.0","","94","72","16.1","23.0",""
"USW00013904","8/22/2021","5.59","0.00","","0.0","0.0","","95","70","14.1","21.0",""
"USW00013904","8/23/2021","5.59","0.00","","0.0","0.0","","94","68","15.0","21.9",""
"USW00013904","8/24/2021","6.71","0.00","","0.0","0.0","","95","70","15.0","19.9",""
"USW00013904","8/25/2021","3.80","0.00","","0.0","0.0","","95","73","13.0","17.0",""
"USW00013904","8/26/2021","3.80","0.00","","0.0","0.0","","98","72","18.1","28.0",""
"USW00013904","8/27/2021","3.58","0.01","","0.0","0.0","","89","72","17.0","21.9",""
"USW00013904","8/28/2021","4.03","0.00","","0.0","0.0","","93","72","21.0","29.1",""
"USW00013904","8/29/2021","4.47","0.00","","0.0","0.0","","94","71","14.1","28.0",""
"USW00013904","8/30/2021","2.91","0.00","","0.0","0.0","","94","73","21.0","25.9",""
"USW00013904","8/31/2021","4.47","0.00","","0.0","0.0","","98","72","14.1","18.1",""
"USW00013904","9/1/2021","6.71","0.00","","0.0","0.0","","97","73","21.0","28.0",""
"USW00013904","9/2/2021","5.82","0.00","","0.0","0.0","","97","74","21.0","28.0",""
"USW00013904","9/3/2021","5.14","0.01","","0.0","0.0","","96","73","23.0","27.1",""
"USW00013904","9/4/2021","6.71","0.00","","0.0","0.0","","96","71","16.1","23.9",""
"USW00013904","9/5/2021","5.82","0.00","","0.0","0.0","","99","70","28.0","36.9",""
"USW00013904","9/6/2021","4.25","0.11","","0.0","0.0","","98","74","31.1","40.0",""
"USW00013904","9/7/2021","3.80","0.00","","0.0","0.0","","95","70","12.1","18.1",""
"USW00013904","9/8/2021","4.92","0.00","","0.0","0.0","","98","64","21.9","30.0",""
"USW00013904","9/9/2021","6.93","0.00","","0.0","0.0","","95","62","19.9","27.1",""
"USW00013904","9/10/2021","3.36","0.00","","0.0","0.0","","93","59","13.0","19.0",""
"USW00013904","9/11/2021","3.13","0.00","","0.0","0.0","","91","56","13.0","21.9",""
"USW00013904","9/12/2021","3.80","0.00","","0.0","0.0","","92","63","12.1","19.9",""
"USW00013904","9/13/2021","8.28","0.00","","0.0","0.0","","88","69","21.9","30.0",""
"USW00013904","9/14/2021","12.30","0.00","","0.0","0.0","","86","69","21.0","28.0",""
"USW00013904","9/15/2021","9.17","0.00","","0.0","0.0","","92","68","19.9","28.0",""
"USW00013904","9/16/2021","5.37","0.00","","0.0","0.0","","93","64","16.1","23.9",""
"USW00013904","9/17/2021","2.24","0.00","","0.0","0.0","","95","64","10.1","21.9",""
"USW00013904","9/18/2021","4.03","0.00","","0.0","0.0","","97","67","17.0","25.9",""
"USW00013904","9/19/2021","3.58","0.00","","0.0","0.0","","98","67","13.0","18.1",""
"USW00013904","9/20/2021","8.72","0.00","","0.0","0.0","","99","73","15.0","23.9",""
"USW00013904","9/21/2021","8.95","0.00","","0.0","0.0","","94","73","23.9","32.0",""
"USW00013904","9/22/2021","11.86","0.00","","0.0","0.0","","85","53","23.9","32.0",""
"USW00013904","9/23/2021","2.24","0.00","","0.0","0.0","","86","48","10.1","15.0",""
"USW00013904","9/24/2021","2.68","0.00","","0.0","0.0","","87","50","13.0","21.9",""
"USW00013904","9/25/2021","2.24","0.00","","0.0","0.0","","89","52","13.0","19.0",""
"USW00013904","9/26/2021","3.58","0.00","","0.0","0.0","","90","52","14.1","19.0",""
"USW00013904","9/27/2021","3.36","0.00","","0.0","0.0","","91","57","14.1","18.1",""
"USW00013904","9/28/2021","7.61","0.29","","0.0","0.0","","96","67","28.0","36.9",""
"USW00013904","9/29/2021","7.83","0.31","","0.0","0.0","","87","67","25.9","36.0",""
"USW00013904","9/30/2021","5.14","0.00","","0.0","0.0","","92","72","23.9","33.1",""
"USW00013904","10/1/2021","5.37","0.54","","0.0","0.0","","87","66","16.1","23.9",""
"USW00013904","10/2/2021","2.01","0.00","","0.0","0.0","","87","66","8.9","15.0",""
"USW00013904","10/3/2021","4.25","0.00","","0.0","0.0","","90","67","15.0","19.0",""
"USW00013904","10/4/2021","5.37","0.00","","0.0","0.0","","90","60","18.1","27.1",""
"USW00013904","10/5/2021","4.70","0.00","","0.0","0.0","","89","55","19.9","27.1",""
"USW00013904","10/6/2021","3.13","0.00","","0.0","0.0","","88","54","10.1","17.0",""
"USW00013904","10/7/2021","4.92","0.00","","0.0","0.0","","89","57","16.1","23.0",""
"USW00013904","10/8/2021","6.49","0.00","","0.0","0.0","","89","58","15.0","21.9",""
"USW00013904","10/9/2021","7.61","0.00","","0.0","0.0","","88","55","17.0","25.1",""
"USW00013904","10/10/2021","14.32","0.47","","0.0","0.0","","92","63","25.9","38.9",""
"USW00013904","10/11/2021","5.14","0.27","","0.0","0.0","","82","59","14.1","21.9",""
"USW00013904","10/12/2021","9.62","0.06","","0.0","0.0","","88","69","23.0","33.1",""
"USW00013904","10/13/2021","12.08","2.91","","0.0","0.0","","88","67","21.9","28.0",""
"USW00013904","10/14/2021","4.03","0.51","","0.0","0.0","","79","64","12.1","18.1",""
"USW00013904","10/15/2021","8.72","0.00","","0.0","0.0","","89","63","23.9","31.1",""
"USW00013904","10/16/2021","11.41","0.00","","0.0","0.0","","74","47","21.0","29.1",""
"USW00013904","10/17/2021","2.68","0.00","","0.0","0.0","","74","46","10.1","17.0",""
"USW00013904","10/18/2021","4.92","0.00","","0.0","0.0","","77","44","13.0","25.1",""
"USW00013904","10/19/2021","6.71","0.00","","0.0","0.0","","83","51","17.0","23.0",""
"USW00013904","10/20/2021","0.22","0.00","","0.0","0.0","","84","59","8.9","12.1",""
"USW00013904","10/21/2021","2.46","0.00","","0.0","0.0","","86","59","8.9","16.1",""
"USW00013904","10/22/2021","2.91","0.00","","0.0","0.0","","86","61","10.1","17.0",""
"USW00013904","10/23/2021","9.40","0.00","","0.0","0.0","","88","68","21.9","29.1",""
"USW00013904","10/24/2021","5.59","0.01","","0.0","0.0","","87","66","16.1","23.0",""
"USW00013904","10/25/2021","4.25","0.00","","0.0","0.0","","88","68","15.0","23.9",""
"USW00013904","10/26/2021","11.18","0.00","","0.0","0.0","","88","69","21.9","30.0",""
"USW00013904","10/27/2021","10.96","0.82","","0.0","0.0","","79","57","33.1","52.1",""
"USW00013904","10/28/2021","11.63","0.00","","0.0","0.0","","79","54","30.0","49.0",""
"USW00013904","10/29/2021","9.40","0.00","","0.0","0.0","","75","45","25.1","36.0",""
"USW00013904","10/30/2021","3.13","0.00","","0.0","0.0","","80","40","12.1","16.1",""
"USW00013904","10/31/2021","3.58","0.00","","0.0","0.0","","82","43","15.0","21.0",""
"USW00013904","11/1/2021","3.13","0.00","","0.0","0.0","","81","46","13.0","18.1",""
"USW00013904","11/2/2021","3.58","0.00","","0.0","0.0","","79","52","12.1","19.0",""
"USW00013904","11/3/2021","10.96","2.03","","0.0","0.0","","66","50","25.1","33.1",""
"USW00013904","11/4/2021","11.18","0.00","","0.0","0.0","","60","42","19.9","27.1",""
"USW00013904","11/5/2021","2.01","0.00","","0.0","0.0","","64","37","8.9","18.1",""
"USW00013904","11/6/2021","1.12","0.00","","0.0","0.0","","69","37","8.1","15.0",""
"USW00013904","11/7/2021","4.25","0.00","","0.0","0.0","","74","37","14.1","19.0",""
"USW00013904","11/8/2021","4.70","0.00","","0.0","0.0","","77","43","15.0","19.9",""
"USW00013904","11/9/2021","3.13","0.00","","0.0","0.0","","77","48","13.0","19.0",""
"USW00013904","11/10/2021","8.05","0.00","","0.0","0.0","","81","56","23.0","31.1",""
"USW00013904","11/11/2021","9.62","0.00","","0.0","0.0","","74","45","21.0","27.1",""
"USW00013904","11/12/2021","5.82","0.00","","0.0","0.0","","79","41","19.9","23.9",""
"USW00013904","11/13/2021","3.80","0.00","","0.0","0.0","","71","35","12.1","14.1",""
"USW00013904","11/14/2021","4.70","0.00","","0.0","0.0","","79","38","18.1","25.9",""
"USW00013904","11/15/2021","6.71","0.00","","0.0","0.0","","81","49","19.9","27.1",""
"USW00013904","11/16/2021","11.86","0.00","","0.0","0.0","","81","60","21.9","30.0",""
"USW00013904","11/17/2021","10.07","0.00","","0.0","0.0","","82","59","25.9","36.9",""
"USW00013904","11/18/2021","16.78","0.00","","0.0","0.0","","67","51","28.0","34.0",""
"USW00013904","11/19/2021","5.14","0.00","","0.0","0.0","","66","39","13.0","17.0",""
"USW00013904","11/20/2021","6.26","0.00","","0.0","0.0","","73","42","16.1","23.9",""
"USW00013904","11/21/2021","8.50","0.00","","0.0","0.0","","79","58","21.9","30.0",""
"USW00013904","11/22/2021","8.72","0.00","","0.0","0.0","","69","37","19.9","28.0",""
"USW00013904","11/23/2021","5.14","0.00","","0.0","0.0","","70","31","14.1","23.0",""
"USW00013904","11/24/2021","8.72","0.03","","0.0","0.0","","79","46","25.9","34.0",""
"USW00013904","11/25/2021","12.30","0.25","","0.0","0.0","","69","50","25.1","35.1",""
"USW00013904","11/26/2021","8.50","0.00","","0.0","0.0","","56","43","18.1","23.9",""
"USW00013904","11/27/2021","3.80","0.46","","0.0","0.0","","51","46","12.1","16.1",""
"USW00013904","11/28/2021","5.82","0.00","","0.0","0.0","","70","42","18.1","23.9",""
"USW00013904","11/29/2021","4.70","0.00","","0.0","0.0","","72","36","13.0","18.1",""
"USW00013904","11/30/2021","5.14","0.00","","0.0","0.0","","74","39","17.0","23.0",""
"USW00013904","12/1/2021","3.36","0.00","","0.0","0.0","","77","44","14.1","21.9",""
"USW00013904","12/2/2021","4.92","0.00","","0.0","0.0","","79","46","15.0","21.0",""
"USW00013904","12/3/2021","6.71","0.06","","0.0","0.0","","76","55","19.9","23.0",""
"USW00013904","12/4/2021","4.47","0.00","","0.0","0.0","","78","56","13.0","17.0",""
"USW00013904","12/5/2021","10.51","0.00","","0.0","0.0","","79","58","23.0","30.0",""
"USW00013904","12/6/2021","13.65","0.00","","0.0","0.0","","73","47","25.9","35.1",""
"USW00013904","12/7/2021","5.82","0.00","","0.0","0.0","","69","40","14.1","17.0",""
"USW00013904","12/8/2021","4.47","0.00","","0.0","0.0","","78","39","16.1","21.9",""
"USW00013904","12/9/2021","8.05","0.00","","0.0","0.0","","79","59","18.1","25.9",""
"USW00013904","12/10/2021","9.62","0.00","","0.0","0.0","","85","67","23.9","32.0",""
"USW00013904","12/11/2021","15.43","0.00","","0.0","0.0","","73","32","32.0","40.9",""
"USW00013904","12/12/2021","2.01","0.00","","0.0","0.0","","62","26","10.1","19.0",""
"USW00013904","12/13/2021","2.01","0.00","","0.0","0.0","","64","38","8.9","13.0",""
"USW00013904","12/14/2021","4.03","0.01","","0.0","0.0","","75","58","21.9","29.1",""
"USW00013904","12/15/2021","14.32","0.00","","0.0","0.0","","81","69","25.1","34.0",""
"USW00013904","12/16/2021","9.62","0.00","","0.0","0.0","","82","70","18.1","23.9",""
"USW00013904","12/17/2021","12.30","0.00","","0.0","0.0","","79","70","23.0","32.0",""
"USW00013904","12/18/2021","14.76","1.15","","0.0","0.0","","72","46","28.0","36.0",""
"USW00013904","12/19/2021","11.18","0.02","","0.0","0.0","","55","40","21.0","27.1",""
"USW00013904","12/20/2021","3.58","0.00","","0.0","0.0","","60","37","10.1","13.0",""
"USW00013904","12/21/2021","4.47","0.00","","0.0","0.0","","66","34","14.1","17.0",""
"USW00013904","12/22/2021","7.61","0.00","","0.0","0.0","","74","40","18.1","23.9",""
"USW00013904","12/23/2021","9.84","0.00","","0.0","0.0","","72","44","19.9","27.1",""
"USW00013904","12/24/2021","12.30","0.00","","0.0","0.0","","80","56","25.1","38.0",""
"USW00013904","12/25/2021","7.61","0.00","","0.0","0.0","","78","54","18.1","28.0",""
"USW00013904","12/26/2021","9.62","0.00","","0.0","0.0","","77","52","19.9","25.9",""
"USW00013904","12/27/2021","10.07","0.00","","0.0","0.0","","81","66","19.9","27.1",""
"USW00013904","12/28/2021","6.26","0.00","","0.0","0.0","","73","53","23.0","38.9",""
"USW00013904","12/29/2021","4.25","0.00","","0.0","0.0","","83","54","13.0","18.1",""
"USW00013904","12/30/2021","3.80","0.00","","0.0","0.0","","83","51","16.1","21.9",""
"USW00013904","12/31/2021","10.96","0.00","","0.0","0.0","","83","63","23.0","33.1",""
"USW00013904","1/1/2022","11.18","0.00","","0.0","0.0","","78","38","31.1","42.1",""
"USW00013904","1/2/2022","15.66","0.01","","0.0","0.0","","47","25","29.1","40.0",""
"USW00013904","1/3/2022","1.57","0.00","","0.0","0.0","","56","21","12.1","15.0",""
"USW00013904","1/4/2022","7.61","0.00","","0.0","0.0","","67","25","25.9","38.9",""
"USW00013904","1/5/2022","3.58","0.00","","0.0","0.0","","73","33","10.1","15.0",""
"USW00013904","1/6/2022","11.86","0.00","","0.0","0.0","","57","31","25.9","33.1",""
"USW00013904","1/7/2022","6.04","0.03","","0.0","0.0","","41","27","18.1","23.0",""
"USW00013904","1/8/2022","4.92","0.17","","0.0","0.0","","64","41","16.1","23.0",""
"USW00013904","1/9/2022","12.75","0.00","","0.0","0.0","","65","48","28.0","35.1",""
"USW00013904","1/10/2022","15.43","0.00","","0.0","0.0","","58","41","25.9","33.1",""
"USW00013904","1/11/2022","5.82","0.00","","0.0","0.0","","51","37","16.1","19.0",""
"USW00013904","1/12/2022","3.13","0.00","","0.0","0.0","","63","34","10.1","14.1",""
"USW00013904","1/13/2022","2.46","0.00","","0.0","0.0","","75","31","10.1","14.1",""
"USW00013904","1/14/2022","6.26","0.00","","0.0","0.0","","78","32","23.0","32.0",""
"USW00013904","1/15/2022","19.46","0.00","","0.0","0.0","","65","41","35.1","47.0",""
"USW00013904","1/16/2022","5.59","0.00","","0.0","0.0","","62","29","21.0","32.0",""
"USW00013904","1/17/2022","3.58","0.00","","0.0","0.0","","70","23","12.1","16.1",""
"USW00013904","1/18/2022","9.17","0.00","","0.0","0.0","","75","29","25.1","38.0",""
"USW00013904","1/19/2022","8.95","0.00","","0.0","0.0","","79","42","31.1","42.9",""
"USW00013904","1/20/2022","19.91","0.01","","0.0","0.0","","42","31","33.1","42.1",""
"USW00013904","1/21/2022","9.84","0.00","","0.0","0.0","","49","25","21.0","25.9",""
"USW00013904","1/22/2022","4.47","0.00","","0.0","0.0","","54","19","14.1","19.9",""
"USW00013904","1/23/2022","2.68","0.00","","0.0","0.0","","58","43","8.9","13.0",""
"USW00013904","1/24/2022","2.01","0.11","","0.0","0.0","","53","41","12.1","15.0",""
"USW00013904","1/25/2022","6.71","0.00","","0.0","0.0","","53","43","13.0","19.9",""
"USW00013904","1/26/2022","8.50","0.00","","0.0","0.0","","55","42","16.1","23.0",""
"USW00013904","1/27/2022","3.80","0.00","","0.0","0.0","","60","33","19.9","28.0",""
"USW00013904","1/28/2022","12.30","0.00","","0.0","0.0","","59","31","25.1","33.1",""
"USW00013904","1/29/2022","4.47","0.00","","0.0","0.0","","67","24","15.0","21.9",""
"USW00013904","1/30/2022","6.93","0.00","","0.0","0.0","","69","25","18.1","25.1",""
"USW00013904","1/31/2022","6.71","4.22","","0.0","0.0","","59","40","19.9","25.1",""
"USW00013904","2/1/2022","2.24","0.00","","0.0","0.0","","66","47","8.1","11.0",""
"USW00013904","2/2/2022","9.62","0.88","","0.0","0.0","","58","37","25.9","35.1",""
"USW00013904","2/3/2022","18.12","1.70","","0.2","0.0","","38","22","28.0","40.0",""
"USW00013904","2/4/2022","14.32","0.00","","0.0","0.0","","41","22","25.9","35.1",""
"USW00013904","2/5/2022","2.68","0.00","","0.0","0.0","","51","19","10.1","14.1",""
"USW00013904","2/6/2022","2.91","0.00","","0.0","0.0","","58","18","12.1","17.0",""
"USW00013904","2/7/2022","7.16","0.00","","0.0","0.0","","61","29","21.0","30.0",""
"USW00013904","2/8/2022","3.58","0.00","","0.0","0.0","","66","23","13.0","19.0",""
"USW00013904","2/9/2022","3.36","0.00","","0.0","0.0","","74","33","12.1","18.1",""
"USW00013904","2/10/2022","3.58","0.00","","0.0","0.0","","73","31","12.1","17.0",""
"USW00013904","2/11/2022","9.17","0.00","","0.0","0.0","","75","45","21.0","30.0",""
"USW00013904","2/12/2022","14.54","0.02","","0.0","0.0","","57","27","38.9","55.0",""
"USW00013904","2/13/2022","4.70","0.00","","0.0","0.0","","66","23","12.1","19.9",""
"USW00013904","2/14/2022","8.72","0.00","","0.0","0.0","","69","25","18.1","25.1",""
"USW00013904","2/15/2022","10.29","0.00","","0.0","0.0","","75","29","25.1","36.0",""
"USW00013904","2/16/2022","17.22","0.00","","0.0","0.0","","77","60","25.1","38.0",""
"USW00013904","2/17/2022","17.22","0.00","","0.0","0.0","","72","36","31.1","38.9",""
"USW00013904","2/18/2022","10.51","0.00","","0.0","0.0","","58","30","23.0","30.0",""
"USW00013904","2/19/2022","2.24","0.00","","0.0","0.0","","65","23","12.1","16.1",""
"USW00013904","2/20/2022","7.16","0.00","","0.0","0.0","","71","31","21.9","28.0",""
"USW00013904","2/21/2022","15.21","0.00","","0.0","0.0","","85","62","25.9","44.1",""
"USW00013904","2/22/2022","11.86","0.00","","0.0","0.0","","85","48","28.0","35.1",""
"USW00013904","2/23/2022","18.79","0.03","","0.0","0.0","","48","29","25.9","31.1",""
"USW00013904","2/24/2022","13.20","0.00","","0.0","0.0","","36","28","21.9","28.0",""
"USW00013904","2/25/2022","17.00","0.00","","0.0","0.0","","38","30","25.1","33.1",""
"USW00013904","2/26/2022","12.30","0.07","","0.0","0.0","","41","36","18.1","21.9",""
"USW00013904","2/27/2022","11.18","0.00","","0.0","0.0","","60","29","19.9","27.1",""
"USW00013904","2/28/2022","2.01","0.00","","0.0","0.0","","66","21","8.1","13.0",""
"USW00013904","3/1/2022","4.03","0.00","","0.0","0.0","","72","28","12.1","17.0",""
"USW00013904","3/2/2022","3.13","0.00","","0.0","0.0","","75","30","13.0","17.0",""
"USW00013904","3/3/2022","3.80","0.00","","0.0","0.0","","78","46","15.0","21.0",""
"USW00013904","3/4/2022","10.74","0.00","","0.0","0.0","","79","58","21.9","31.1",""
"USW00013904","3/5/2022","13.42","0.00","","0.0","0.0","","81","64","25.1","38.0",""
"USW00013904","3/6/2022","12.75","0.00","","0.0","0.0","","82","66","30.0","42.1",""
"USW00013904","3/7/2022","18.12","0.09","","0.0","0.0","","72","43","28.0","35.1",""
"USW00013904","3/8/2022","12.75","0.01","","0.0","0.0","","54","39","21.0","27.1",""
"USW00013904","3/9/2022","6.26","0.00","","0.0","0.0","","61","33","18.1","23.0",""
"USW00013904","3/10/2022","5.14","0.00","","0.0","0.0","","72","28","16.1","21.9",""
"USW00013904","3/11/2022","17.00","0.00","","0.0","0.0","","62","36","31.1","44.1",""
"USW00013904","3/12/2022","6.71","0.00","","0.0","0.0","","56","22","25.1","34.0",""
"USW00013904","3/13/2022","8.50","0.00","","0.0","0.0","","67","19","21.9","32.0",""
"USW00013904","3/14/2022","9.40","0.00","","0.0","0.0","","82","40","29.1","42.1",""
"USW00013904","3/15/2022","8.72","0.00","","0.0","0.0","","77","41","21.9","30.0",""
"USW00013904","3/16/2022","7.83","0.00","","0.0","0.0","","81","39","19.9","25.1",""
"USW00013904","3/17/2022","9.17","0.00","","0.0","0.0","","71","39","23.0","31.1",""
"USW00013904","3/18/2022","11.63","0.00","","0.0","0.0","","73","42","25.1","36.9",""
"USW00013904","3/19/2022","3.80","0.00","","0.0","0.0","","78","35","10.1","14.1",""
"USW00013904","3/20/2022","9.62","0.00","","0.0","0.0","","78","33","23.9","34.0",""
"USW00013904","3/21/2022","13.20","1.39","","0.0","0.0","","80","58","35.1","46.1",""
"USW00013904","3/22/2022","10.29","0.52","","0.0","0.0","","64","46","23.0","35.1",""
"USW00013904","3/23/2022","6.71","0.00","","0.0","0.0","","69","39","18.1","31.1",""
"USW00013904","3/24/2022","7.16","0.00","","0.0","0.0","","75","37","21.9","32.0",""
"USW00013904","3/25/2022","3.36","0.00","","0.0","0.0","","84","35","13.0","19.9",""
"USW00013904","3/26/2022","8.50","0.00","","0.0","0.0","","88","39","21.9","31.1",""
"USW00013904","3/27/2022","12.30","0.00","","0.0","0.0","","85","47","23.9","35.1",""
"USW00013904","3/28/2022","12.53","0.00","","0.0","0.0","","85","54","28.0","36.0",""
"USW00013904","3/29/2022","18.12","0.00","","0.0","0.0","","79","67","30.0","45.0",""
"USW00013904","3/30/2022","12.75","0.20","","0.0","0.0","","80","55","31.1","46.1",""
"USW00013904","3/31/2022","4.25","0.00","","0.0","0.0","","74","41","13.0","25.1",""
"USW00013904","4/1/2022","8.72","0.00","","0.0","0.0","","81","42","21.9","34.0",""
"USW00013904","4/2/2022","6.71","0.00","","0.0","0.0","","85","51","17.0","23.9",""
"USW00013904","4/3/2022","7.83","0.00","","0.0","0.0","","85","47","17.0","25.9",""
"USW00013904","4/4/2022","7.61","0.00","","0.0","0.0","","81","64","17.0","25.1",""
"USW00013904","4/5/2022","10.96","0.00","","0.0","0.0","","93","66","21.9","31.1",""
"USW00013904","4/6/2022","14.99","0.00","","0.0","0.0","","78","52","30.0","40.0",""
"USW00013904","4/7/2022","10.74","0.00","","0.0","0.0","","76","42","25.1","33.1",""
"USW00013904","4/8/2022","6.26","0.00","","0.0","0.0","","78","36","18.1","28.0",""
"USW00013904","4/9/2022","10.07","0.00","","0.0","0.0","","86","35","25.9","35.1",""
"USW00013904","4/10/2022","14.99","0.00","","0.0","0.0","","85","52","28.0","38.9",""
"USW00013904","4/11/2022","12.97","0.17","","0.0","0.0","","80","68","23.0","32.0",""
"USW00013904","4/12/2022","15.21","0.00","","0.0","0.0","","90","71","28.0","45.0",""
"USW00013904","4/13/2022","12.97","0.00","","0.0","0.0","","93","57","23.9","34.0",""
"USW00013904","4/14/2022","8.50","0.00","","0.0","0.0","","82","47","17.0","27.1",""
"USW00013904","4/15/2022","6.26","0.00","","0.0","0.0","","83","49","16.1","21.0",""
"USW00013904","4/16/2022","5.14","0.00","","0.0","0.0","","82","70","15.0","19.9",""
"USW00013904","4/17/2022","4.47","0.02","","0.0","0.0","","87","63","13.0","18.1",""
"USW00013904","4/18/2022","11.63","0.00","","0.0","0.0","","77","58","21.0","30.0",""
"USW00013904","4/19/2022","10.29","0.01","","0.0","0.0","","71","48","21.9","30.0",""
"USW00013904","4/20/2022","15.66","0.00","","0.0","0.0","","84","67","28.0","38.0",""
"USW00013904","4/21/2022","12.08","0.00","","0.0","0.0","","80","71","21.0","28.0",""
"USW00013904","4/22/2022","16.11","0.00","","0.0","0.0","","88","71","28.0","36.0",""
"USW00013904","4/23/2022","17.45","0.00","","0.0","0.0","","87","70","30.0","42.1",""
"USW00013904","4/24/2022","13.87","0.00","","0.0","0.0","","91","68","25.1","36.9",""
"USW00013904","4/25/2022","11.18","1.96","","0.0","0.0","","74","60","25.1","34.0",""
"USW00013904","4/26/2022","8.95","0.04","","0.0","0.0","","76","57","17.0","25.1",""
"USW00013904","4/27/2022","6.49","0.00","","0.0","0.0","","79","56","18.1","27.1",""
"USW00013904","4/28/2022","12.30","0.00","","0.0","0.0","","86","68","21.9","30.0",""
"USW00013904","4/29/2022","14.32","0.00","","0.0","0.0","","85","70","23.0","32.0",""
"USW00013904","4/30/2022","7.16","0.00","","0.0","0.0","","89","71","19.9","25.9",""
"USW00013904","5/1/2022","8.72","0.04","","0.0","0.0","","87","71","18.1","23.9",""
"USW00013904","5/2/2022","13.20","0.00","","0.0","0.0","","84","67","23.9","35.1",""
"USW00013904","5/3/2022","9.84","0.00","","0.0","0.0","","90","74","18.1","23.9",""
"USW00013904","5/4/2022","12.75","0.05","","0.0","0.0","","89","72","25.1","34.0",""
"USW00013904","5/5/2022","10.07","0.16","","0.0","0.0","","87","63","42.9","57.9",""
"USW00013904","5/6/2022","6.71","0.00","","0.0","0.0","","93","57","16.1","25.1",""
"USW00013904","5/7/2022","12.08","0.00","","0.0","0.0","","95","72","21.9","32.0",""
"USW00013904","5/8/2022","14.09","0.00","","0.0","0.0","","96","73","21.9","31.1",""
"USW00013904","5/9/2022","14.54","0.00","","0.0","0.0","","95","74","23.9","34.0",""
"USW00013904","5/10/2022","12.30","0.00","","0.0","0.0","","92","74","21.9","28.0",""
"USW00013904","5/11/2022","10.07","0.00","","0.0","0.0","","92","69","21.0","27.1",""
"USW00013904","5/12/2022","9.84","0.00","","0.0","0.0","","92","65","19.9","29.1",""
"USW00013904","5/13/2022","8.50","0.00","","0.0","0.0","","90","59","17.0","23.9",""
"USW00013904","5/14/2022","8.28","0.00","","0.0","0.0","","94","68","18.1","27.1",""
"USW00013904","5/15/2022","9.40","0.00","","0.0","0.0","","94","67","17.0","23.9",""
"USW00013904","5/16/2022","7.83","0.00","","0.0","0.0","","96","71","19.9","23.9",""
"USW00013904","5/17/2022","12.30","0.00","","0.0","0.0","","96","70","21.0","31.1",""
"USW00013904","5/18/2022","13.20","0.00","","0.0","0.0","","97","69","23.0","31.1",""
"USW00013904","5/19/2022","15.43","0.00","","0.0","0.0","","96","71","23.9","33.1",""
"USW00013904","5/20/2022","14.99","0.00","","0.0","0.0","","95","75","25.1","35.1",""
"USW00013904","5/21/2022","11.41","0.17","","0.0","0.0","","99","70","23.9","38.0",""
"USW00013904","5/22/2022","12.53","0.02","","0.0","0.0","","82","63","25.9","36.0",""
"USW00013904","5/23/2022","7.61","0.00","","0.0","0.0","","88","66","19.9","23.9",""
"USW00013904","5/24/2022","11.18","0.81","","0.0","0.0","","87","61","38.0","61.1",""
"USW00013904","5/25/2022","6.93","0.23","","0.0","0.0","","83","58","21.0","31.1",""
"USW00013904","5/26/2022","4.70","0.00","","0.0","0.0","","95","55","15.0","21.9",""
"USW00013904","5/27/2022","3.80","0.00","","0.0","0.0","","97","64","10.1","15.0",""
"USW00013904","5/28/2022","10.74","0.00","","0.0","0.0","","95","65","21.0","27.1",""
"USW00013904","5/29/2022","16.33","0.00","","0.0","0.0","","95","73","25.9","38.9",""
"USW00013904","5/30/2022","15.66","0.00","","0.0","0.0","","95","75","28.0","38.0",""
"USW00013904","5/31/2022","13.42","0.00","","0.0","0.0","","96","75","21.9","30.0",""
"USW00013904","6/1/2022","9.40","0.00","","0.0","0.0","","93","76","23.0","28.0",""
"USW00013904","6/2/2022","8.05","0.00","","0.0","0.0","","92","72","23.9","33.1",""
"USW00013904","6/3/2022","5.37","0.01","","0.0","0.0","","91","67","21.9","31.1",""
"USW00013904","6/4/2022","5.82","0.01","","0.0","0.0","","93","67","16.1","21.9",""
"USW00013904","6/5/2022","11.63","0.00","","0.0","0.0","","97","66","21.0","36.0",""
"USW00013904","6/6/2022","16.11","0.00","","0.0","0.0","","101","76","23.9","35.1",""
"USW00013904","6/7/2022","14.54","0.00","","0.0","0.0","","100","76","21.9","31.1",""
"USW00013904","6/8/2022","11.41","0.00","","0.0","0.0","","99","75","21.9","30.0",""
"USW00013904","6/9/2022","7.61","0.00","","0.0","0.0","","98","74","17.0","25.9",""
"USW00013904","6/10/2022","9.40","0.00","","0.0","0.0","","100","74","21.0","25.9",""
"USW00013904","6/11/2022","9.84","0.00","","0.0","0.0","","102","75","18.1","25.9",""
"USW00013904","6/12/2022","12.53","0.00","","0.0","0.0","","103","75","21.9","29.1",""
"USW00013904","6/13/2022","13.87","0.00","","0.0","0.0","","100","76","28.0","36.9",""
"USW00013904","6/14/2022","16.78","0.00","","0.0","0.0","","99","77","30.0","42.1",""
"USW00013904","6/15/2022","11.63","0.00","","0.0","0.0","","96","78","21.9","30.0",""
"USW00013904","6/16/2022","7.83","0.00","","0.0","0.0","","101","72","16.1","25.1",""
"USW00013904","6/17/2022","6.71","0.00","","0.0","0.0","","98","70","16.1","23.9",""
"USW00013904","6/18/2022","6.93","0.00","","0.0","0.0","","98","70","16.1","21.9",""
"USW00013904","6/19/2022","6.49","0.00","","0.0","0.0","","100","69","16.1","25.1",""
"USW00013904","6/20/2022","6.26","0.00","","0.0","0.0","","101","69","16.1","21.9",""
"USW00013904","6/21/2022","7.16","0.00","","0.0","0.0","","100","73","25.1","33.1",""
"USW00013904","6/22/2022","5.37","0.00","","0.0","0.0","","98","70","14.1","19.9",""
"USW00013904","6/23/2022","5.37","0.00","","0.0","0.0","","101","71","15.0","21.0",""
"USW00013904","6/24/2022","8.72","0.00","","0.0","0.0","","101","68","19.9","25.9",""
"USW00013904","6/25/2022","10.51","0.00","","0.0","0.0","","101","71","17.0","23.9",""
"USW00013904","6/26/2022","5.14","0.00","","0.0","0.0","","101","69","14.1","23.0",""
"USW00013904","6/27/2022","8.72","1.16","","0.0","0.0","","101","70","33.1","46.1",""
"USW00013904","6/28/2022","6.93","0.00","","0.0","0.0","","92","72","21.0","32.0",""
"USW00013904","6/29/2022","6.71","0.00","","0.0","0.0","","96","67","15.0","19.9",""
"USW00013904","6/30/2022","5.59","0.00","","0.0","0.0","","96","72","15.0","21.9",""
"USW00013904","7/1/2022","5.59","0.00","","0.0","0.0","","95","71","15.0","19.9",""
"USW00013904","7/2/2022","9.62","0.00","","0.0","0.0","","99","77","23.0","30.0",""
"USW00013904","7/3/2022","10.51","0.00","","0.0","0.0","","99","76","19.9","28.0",""
"USW00013904","7/4/2022","10.74","0.00","","0.0","0.0","","99","74","19.9","28.0",""
"USW00013904","7/5/2022","11.63","0.00","","0.0","0.0","","99","77","19.9","30.0",""
"USW00013904","7/6/2022","10.51","0.00","","0.0","0.0","","101","75","21.0","29.1",""
"USW00013904","7/7/2022","9.40","0.00","","0.0","0.0","","101","73","19.9","27.1",""
"USW00013904","7/8/2022","8.95","0.00","","0.0","0.0","","101","76","17.0","21.9",""
"USW00013904","7/9/2022","7.16","0.00","","0.0","0.0","","104","75","17.0","21.9",""
"USW00013904","7/10/2022","4.03","0.00","","0.0","0.0","","106","73","18.1","25.1",""
"USW00013904","7/11/2022","6.49","0.00","","0.0","0.0","","106","75","15.0","21.9",""
"USW00013904","7/12/2022","6.93","0.00","","0.0","0.0","","106","75","17.0","25.1",""
"USW00013904","7/13/2022","6.71","0.00","","0.0","0.0","","104","75","19.9","28.0",""
"USW00013904","7/14/2022","6.26","0.01","","0.0","0.0","","101","73","31.1","42.1",""
"USW00013904","7/15/2022","6.71","0.00","","0.0","0.0","","97","69","23.9","31.1",""
"USW00013904","7/16/2022","8.95","0.00","","0.0","0.0","","99","73","18.1","25.9",""
"USW00013904","7/17/2022","9.62","0.00","","0.0","0.0","","102","72","19.9","30.0",""
"USW00013904","7/18/2022","10.74","0.00","","0.0","0.0","","103","73","21.0","31.1",""
"USW00013904","7/19/2022","12.30","0.00","","0.0","0.0","","103","75","21.9","30.0",""
"USW00013904","7/20/2022","11.18","0.00","","0.0","0.0","","104","74","21.0","29.1",""
"USW00013904","7/21/2022","10.51","0.00","","0.0","0.0","","103","75","21.0","28.0",""
"USW00013904","7/22/2022","9.17","0.00","","0.0","0.0","","101","74","21.0","30.0",""
"USW00013904","7/23/2022","10.51","0.00","","0.0","0.0","","100","74","23.0","33.1",""
"USW00013904","7/24/2022","11.18","0.00","","0.0","0.0","","102","75","21.0","31.1",""
"USW00013904","7/25/2022","10.07","0.00","","0.0","0.0","","102","72","21.0","31.1",""
"USW00013904","7/26/2022","10.07","0.00","","0.0","0.0","","101","71","21.0","30.0",""
"USW00013904","7/27/2022","9.62","0.00","","0.0","0.0","","102","73","25.1","34.0",""
"USW00013904","7/28/2022","9.62","0.00","","0.0","0.0","","101","76","21.9","28.0",""
"USW00013904","7/29/2022","10.51","0.00","","0.0","0.0","","101","75","25.1","33.1",""
"USW00013904","7/30/2022","9.84","0.00","","0.0","0.0","","102","72","21.9","32.0",""
"USW00013904","7/31/2022","10.74","0.00","","0.0","0.0","","101","76","21.9","30.0",""
"USW00013904","8/1/2022","8.50","0.00","","0.0","0.0","","100","71","21.0","29.1",""
"USW00013904","8/2/2022","12.75","0.00","","0.0","0.0","","103","73","23.0","33.1",""
"USW00013904","8/3/2022","13.20","0.00","","0.0","0.0","","104","77","23.0","36.9",""
"USW00013904","8/4/2022","12.08","0.00","","0.0","0.0","","103","77","21.0","30.0",""
"USW00013904","8/5/2022","9.40","0.00","","0.0","0.0","","102","76","23.0","30.0",""
"USW00013904","8/6/2022","7.83","0.00","","0.0","0.0","","97","77","19.9","28.0",""
"USW00013904","8/7/2022","9.17","0.00","","0.0","0.0","","100","74","25.9","30.0",""
"USW00013904","8/8/2022","6.26","0.00","","0.0","0.0","","100","71","23.0","32.0",""
"USW00013904","8/9/2022","6.26","0.00","","0.0","0.0","","100","70","21.0","31.1",""
"USW00013904","8/10/2022","7.83","0.00","","0.0","0.0","","103","76","30.0","38.9",""
"USW00013904","8/11/2022","5.37","0.00","","0.0","0.0","","101","74","21.0","25.9",""
"USW00013904","8/12/2022","6.26","0.00","","0.0","0.0","","99","71","25.1","31.1",""
"USW00013904","8/13/2022","7.61","0.00","","0.0","0.0","","101","73","21.0","30.0",""
"USW00013904","8/14/2022","8.28","0.00","","0.0","0.0","","94","73","23.9","32.0",""
"USW00013904","8/15/2022","8.28","0.00","","0.0","0.0","","99","71","21.0","25.9",""
"USW00013904","8/16/2022","6.49","0.00","","0.0","0.0","","99","71","13.0","17.0",""
"USW00013904","8/17/2022","6.71","0.00","","0.0","0.0","","101","74","14.1","19.9",""
"USW00013904","8/18/2022","6.49","0.10","","0.0","0.0","","100","72","28.0","38.0",""
"USW00013904","8/19/2022","4.25","0.45","","0.0","0.0","","94","72","23.9","31.1",""
"USW00013904","8/20/2022","8.50","0.02","","0.0","0.0","","100","74","21.0","28.0",""
"USW00013904","8/21/2022","9.62","0.01","","0.0","0.0","","93","75","19.9","25.9",""
"USW00013904","8/22/2022","8.28","2.02","","0.0","0.0","","98","74","28.0","38.9",""
"USW00013904","8/23/2022","3.36","0.00","","0.0","0.0","","90","74","8.9","17.0",""
"USW00013904","8/24/2022","5.14","0.00","","0.0","0.0","","94","74","15.0","21.9",""
"USW00013904","8/25/2022","6.26","0.00","","0.0","0.0","","94","73","13.0","21.9",""
"USW00013904","8/26/2022","6.26","0.00","","0.0","0.0","","97","72","16.1","23.0",""
"USW00013904","8/27/2022","6.93","0.00","","0.0","0.0","","97","75","23.9","32.0",""
"USW00013904","8/28/2022","8.95","0.04","","0.0","0.0","","97","75","23.0","36.0",""
"USW00013904","8/29/2022","5.14","0.00","","0.0","0.0","","97","76","29.1","36.9",""
"USW00013904","8/30/2022","5.14","0.30","","0.0","0.0","","83","75","15.0","18.1",""
"USW00013904","8/31/2022","4.70","0.41","","0.0","0.0","","90","71","29.1","40.9",""
"USW00013904","9/1/2022","4.25","0.00","","0.0","0.0","","93","72","19.9","25.9",""
"USW00013904","9/2/2022","3.80","0.00","","0.0","0.0","","94","71","16.1","21.0",""
"USW00013904","9/3/2022","4.03","0.04","","0.0","0.0","","92","73","23.0","29.1",""
"USW00013904","9/4/2022","4.25","0.00","","0.0","0.0","","86","71","25.1","33.1",""
"USW00013904","9/5/2022","5.14","0.00","","0.0","0.0","","92","65","17.0","21.9",""
"USW00013904","9/6/2022","4.70","0.00","","0.0","0.0","","93","67","14.1","23.0",""
"USW00013904","9/7/2022","3.80","0.10","","0.0","0.0","","95","71","29.1","36.9",""
"USW00013904","9/8/2022","5.14","0.00","","0.0","0.0","","93","69","13.0","19.9",""
"USW00013904","9/9/2022","3.58","0.00","","0.0","0.0","","94","67","12.1","19.9",""
"USW00013904","9/10/2022","3.58","0.00","","0.0","0.0","","94","69","10.1","18.1",""
"USW00013904","9/11/2022","6.93","0.00","","0.0","0.0","","91","68","18.1","29.1",""
"USW00013904","9/12/2022","4.47","0.00","","0.0","0.0","","91","66","12.1","21.9",""
"USW00013904","9/13/2022","2.91","0.00","","0.0","0.0","","94","65","14.1","23.0",""
"USW00013904","9/14/2022","3.13","0.00","","0.0","0.0","","91","63","14.1","19.9",""
"USW00013904","9/15/2022","4.03","0.00","","0.0","0.0","","92","59","15.0","19.9",""
"USW00013904","9/16/2022","5.82","0.00","","0.0","0.0","","95","70","19.9","25.1",""
"USW00013904","9/17/2022","7.61","0.00","","0.0","0.0","","97","71","21.0","31.1",""
"USW00013904","9/18/2022","4.92","0.00","","0.0","0.0","","97","71","15.0","19.9",""
"USW00013904","9/19/2022","5.82","0.00","","0.0","0.0","","97","69","15.0","25.9",""
"USW00013904","9/20/2022","4.25","0.00","","0.0","0.0","","97","70","15.0","19.9",""
"USW00013904","9/21/2022","3.58","0.00","","0.0","0.0","","96","65","13.0","18.1",""
"USW00013904","9/22/2022","2.46","0.00","","0.0","0.0","","98","63","12.1","17.0",""
"USW00013904","9/23/2022","4.70","0.00","","0.0","0.0","","97","65","13.0","17.0",""
"USW00013904","9/24/2022","5.82","0.00","","0.0","0.0","","95","63","16.1","23.0",""
"USW00013904","9/25/2022","2.46","0.00","","0.0","0.0","","96","68","10.1","16.1",""
"USW00013904","9/26/2022","10.51","0.00","","0.0","0.0","","94","63","21.9","29.1",""
"USW00013904","9/27/2022","3.58","0.00","","0.0","0.0","","91","50","17.0","29.1",""
"USW00013904","9/28/2022","2.01","0.00","","0.0","0.0","","92","54","14.1","18.1",""
"USW00013904","9/29/2022","2.01","0.00","","0.0","0.0","","92","52","10.1","17.0",""
"USW00013904","9/30/2022","4.70","0.00","","0.0","0.0","","87","55","12.1","18.1",""
"USW00013904","10/1/2022","3.13","0.00","","0.0","0.0","","88","49","13.0","19.9",""
"USW00013904","10/2/2022","2.91","0.00","","0.0","0.0","","86","48","14.1","19.0",""
"USW00013904","10/3/2022","1.57","0.00","","0.0","0.0","","87","52","12.1","18.1",""
"USW00013904","10/4/2022","1.79","0.00","","0.0","0.0","","89","57","8.9","17.0",""
"USW00013904","10/5/2022","2.68","0.00","","0.0","0.0","","89","53","15.0","25.9",""
"USW00013904","10/6/2022","2.46","0.00","","0.0","0.0","","91","55","13.0","19.0",""
"USW00013904","10/7/2022","2.24","0.00","","0.0","0.0","","86","61","8.1","13.0",""
"USW00013904","10/8/2022","6.93","0.00","","0.0","0.0","","89","57","17.0","31.1",""
"USW00013904","10/9/2022","4.92","0.00","","0.0","0.0","","88","58","12.1","17.0",""
"USW00013904","10/10/2022","6.71","0.00","","0.0","0.0","","89","57","18.1","25.1",""
"USW00013904","10/11/2022","7.61","0.00","","0.0","0.0","","89","58","19.9","25.9",""
"USW00013904","10/12/2022","6.93","0.00","","0.0","0.0","","96","70","19.9","32.0",""
"USW00013904","10/13/2022","10.29","0.00","","0.0","0.0","","90","58","19.9","25.9",""
"USW00013904","10/14/2022","5.37","0.00","","0.0","0.0","","89","56","15.0","21.0",""
"USW00013904","10/15/2022","9.40","0.00","","0.0","0.0","","93","68","17.0","30.0",""
"USW00013904","10/16/2022","9.40","0.00","","0.0","0.0","","92","68","23.0","32.0",""
"USW00013904","10/17/2022","14.99","0.44","","0.0","0.0","","75","59","25.1","33.1",""
"USW00013904","10/18/2022","11.41","0.00","","0.0","0.0","","69","44","21.0","29.1",""
"USW00013904","10/19/2022","2.91","0.00","","0.0","0.0","","72","38","10.1","16.1",""
"USW00013904","10/20/2022","7.16","0.00","","0.0","0.0","","85","41","18.1","25.1",""
"USW00013904","10/21/2022","11.18","0.00","","0.0","0.0","","87","56","21.0","28.0",""
"USW00013904","10/22/2022","13.65","0.00","","0.0","0.0","","88","59","25.1","35.1",""
"USW00013904","10/23/2022","13.87","0.00","","0.0","0.0","","88","60","25.9","36.9",""
"USW00013904","10/24/2022","13.42","0.46","","0.0","0.0","","87","59","29.1","51.0",""
"USW00013904","10/25/2022","9.17","0.00","","0.0","0.0","","76","47","23.0","35.1",""
"USW00013904","10/26/2022","3.13","0.00","","0.0","0.0","","76","40","12.1","17.0",""
"USW00013904","10/27/2022","6.26","0.01","","0.0","0.0","","81","43","19.9","27.1",""
"USW00013904","10/28/2022","11.18","1.03","","0.0","0.0","","66","58","21.9","29.1",""
"USW00013904","10/29/2022","9.40","0.00","","0.0","0.0","","71","54","19.9","29.1",""
"USW00013904","10/30/2022","3.58","0.00","","0.0","0.0","","76","48","13.0","19.0",""
"USW00013904","10/31/2022","2.91","0.05","","0.0","0.0","","78","48","10.1","17.0",""
"USW00013904","11/1/2022","2.01","0.01","","0.0","0.0","","66","53","10.1","14.1",""
"USW00013904","11/2/2022","4.03","0.00","","0.0","0.0","","77","55","12.1","17.0",""
"USW00013904","11/3/2022","12.75","0.00","","0.0","0.0","","85","69","23.9","34.0",""
"USW00013904","11/4/2022","13.20","0.41","","0.0","0.0","","86","58","25.1","36.0",""
"USW00013904","11/5/2022","5.37","0.00","","0.0","0.0","","72","49","15.0","19.0",""
"USW00013904","11/6/2022","4.92","0.00","","0.0","0.0","","84","46","19.9","28.0",""
"USW00013904","11/7/2022","4.92","0.11","","0.0","0.0","","85","68","14.1","19.9",""
"USW00013904","11/8/2022","3.80","0.02","","0.0","0.0","","79","60","10.1","16.1",""
"USW00013904","11/9/2022","6.71","0.00","","0.0","0.0","","82","64","17.0","21.9",""
"USW00013904","11/10/2022","6.93","0.00","","0.0","0.0","","82","63","17.0","23.9",""
"USW00013904","11/11/2022","13.20","0.12","","0.0","0.0","","80","43","30.0","38.0",""
"USW00013904","11/12/2022","12.75","0.00","","0.0","0.0","","58","34","21.9","28.0",""
"USW00013904","11/13/2022","5.59","0.00","","0.0","0.0","","59","29","8.9","17.0",""
"USW00013904","11/14/2022","8.95","0.19","","0.0","0.0","","53","48","18.1","25.1",""
"USW00013904","11/15/2022","10.96","0.00","","0.0","0.0","","51","38","21.0","29.1",""
"USW00013904","11/16/2022","9.84","0.00","","0.0","0.0","","56","39","19.9","27.1",""
"USW00013904","11/17/2022","2.68","0.00","","0.0","0.0","","58","39","10.1","17.0",""
"USW00013904","11/18/2022","2.91","0.03","","0.0","0.0","","55","47","12.1","16.1",""
"USW00013904","11/19/2022","12.97","0.39","","0.0","0.0","","48","37","23.0","30.0",""
"USW00013904","11/20/2022","7.16","0.02","","0.0","0.0","","47","38","13.0","19.9",""
"USW00013904","11/21/2022","4.92","0.25","","0.0","0.0","","45","41","10.1","14.1",""
"USW00013904","11/22/2022","4.03","0.02","","0.0","0.0","","54","44","10.1","16.1",""
"USW00013904","11/23/2022","2.91","0.10","","0.0","0.0","","66","52","8.9","16.1",""
"USW00013904","11/24/2022","7.38","0.23","","0.0","0.0","","67","61","18.1","30.0",""
"USW00013904","11/25/2022","12.75","0.70","","0.0","0.0","","61","56","21.9","30.0",""
"USW00013904","11/26/2022","8.50","1.30","","0.0","0.0","","61","39","21.0","33.1",""
"USW00013904","11/27/2022","4.47","0.00","","0.0","0.0","","72","41","13.0","19.9",""
"USW00013904","11/28/2022","6.04","0.00","","0.0","0.0","","75","37","18.1","25.1",""
"USW00013904","11/29/2022","9.40","0.00","","0.0","0.0","","84","49","21.0","32.0",""
"USW00013904","11/30/2022","16.78","0.00","","0.0","0.0","","59","37","30.0","38.0",""
"USW00013904","12/1/2022","4.03","0.01","","0.0","0.0","","54","33","12.1","16.1",""
"USW00013904","12/2/2022","5.82","0.10","","0.0","0.0","","68","51","14.1","21.0",""
"USW00013904","12/3/2022","10.51","0.00","","0.0","0.0","","66","54","21.9","30.0",""
"USW00013904","12/4/2022","4.70","0.00","","0.0","0.0","","58","53","14.1","18.1",""
"USW00013904","12/5/2022","6.93","0.00","","0.0","0.0","","78","57","23.9","36.0",""
"USW00013904","12/6/2022","8.05","0.00","","0.0","0.0","","82","64","17.0","23.0",""
"USW00013904","12/7/2022","10.29","0.00","","0.0","0.0","","82","65","21.0","30.0",""
"USW00013904","12/8/2022","8.05","0.00","","0.0","0.0","","81","64","18.1","23.9",""
"USW00013904","12/9/2022","6.93","0.00","","0.0","0.0","","80","58","16.1","21.0",""
"USW00013904","12/10/2022","8.05","0.07","","0.0","0.0","","80","64","18.1","23.9",""
"USW00013904","12/11/2022","9.62","0.02","","0.0","0.0","","65","58","29.1","36.0",""
"USW00013904","12/12/2022","9.17","0.00","","0.0","0.0","","70","58","21.9","29.1",""
"USW00013904","12/13/2022","11.18","0.00","","0.0","0.0","","80","60","19.9","29.1",""
"USW00013904","12/14/2022","8.50","0.02","","0.0","0.0","","69","38","21.0","32.0",""
"USW00013904","12/15/2022","3.36","0.00","","0.0","0.0","","64","31","12.1","16.1",""
"USW00013904","12/16/2022","10.51","0.00","","0.0","0.0","","56","35","23.0","28.0",""
"USW00013904","12/17/2022","5.82","0.00","","0.0","0.0","","58","29","15.0","21.0",""
"USW00013904","12/18/2022","4.25","0.00","","0.0","0.0","","54","22","14.1","18.1",""
"USW00013904","12/19/2022","8.28","1.44","","0.0","0.0","","50","43","17.0","21.9",""
"USW00013904","12/20/2022","9.62","0.01","","0.0","0.0","","52","37","18.1","23.0",""
"USW00013904","12/21/2022","3.36","0.00","","0.0","0.0","","48","30","10.1","14.1",""
"USW00013904","12/22/2022","13.87","0.00","","0.0","0.0","","59","17","32.0","42.1",""
"USW00013904","12/23/2022","16.78","0.00","","0.0","0.0","","31","14","30.0","40.0",""
"USW00013904","12/24/2022","5.37","0.00","","0.0","0.0","","39","16","17.0","21.0",""
"USW00013904","12/25/2022","4.03","0.00","","0.0","0.0","","51","17","13.0","17.0",""
"USW00013904","12/26/2022","5.59","0.00","","0.0","0.0","","62","26","12.1","17.0",""
"USW00013904","12/27/2022","6.71","0.00","","0.0","0.0","","58","30","15.0","21.9",""
"USW00013904","12/28/2022","10.96","0.00","","0.0","0.0","","77","31","25.1","34.0",""
"USW00013904","12/29/2022","6.26","0.00","","0.0","0.0","","75","56","18.1","25.9",""
"USW00013904","12/30/2022","3.80","0.00","","0.0","0.0","","65","43","13.0","18.1",""
"USW00013904","12/31/2022","6.71","0.00","","0.0","0.0","","76","36","23.0","31.1",""
"USW00013904","1/1/2023","7.61","0.00","","0.0","0.0","","78","41","16.1","23.0",""
"USW00013904","1/2/2023","12.53","0.00","","0.0","0.0","","83","69","25.9","36.9",""
"USW00013904","1/3/2023","4.92","0.08","","0.0","0.0","","74","46","16.1","23.0",""
"USW00013904","1/4/2023","5.59","0.00","","0.0","0.0","","74","37","16.1","23.9",""
"USW00013904","1/5/2023","4.03","0.00","","0.0","0.0","","67","34","14.1","19.0",""
"USW00013904","1/6/2023","8.05","0.00","","0.0","0.0","","79","37","23.0","32.0",""
"USW00013904","1/7/2023","6.26","0.01","","0.0","0.0","","76","59","18.1","23.9",""
"USW00013904","1/8/2023","8.72","0.00","","0.0","0.0","","67","41","18.1","25.9",""
"USW00013904","1/9/2023","4.70","0.00","","0.0","0.0","","72","38","13.0","18.1",""
"USW00013904","1/10/2023","10.07","0.00","","0.0","0.0","","81","56","19.9","29.1",""
"USW00013904","1/11/2023","8.95","0.00","","0.0","0.0","","78","53","23.0","31.1",""
"USW00013904","1/12/2023","15.21","0.00","","0.0","0.0","","68","46","28.0","36.9",""
"USW00013904","1/13/2023","5.59","0.00","","0.0","0.0","","62","30","16.1","21.0",""
"USW00013904","1/14/2023","6.71","0.00","","0.0","0.0","","65","25","17.0","23.9",""
"USW00013904","1/15/2023","11.86","0.00","","0.0","0.0","","75","33","31.1","44.1",""
"USW00013904","1/16/2023","4.47","0.00","","0.0","0.0","","78","46","15.0","21.0",""
"USW00013904","1/17/2023","4.92","0.00","","0.0","0.0","","80","45","17.0","21.9",""
"USW00013904","1/18/2023","7.38","0.00","","0.0","0.0","","77","51","25.1","36.9",""
"USW00013904","1/19/2023","5.37","0.00","","0.0","0.0","","67","34","15.0","21.9",""
"USW00013904","1/20/2023","7.16","0.00","","0.0","0.0","","58","43","15.0","21.9",""
"USW00013904","1/21/2023","3.36","0.00","","0.0","0.0","","61","36","8.9","15.0",""
"USW00013904","1/22/2023","6.71","0.00","","0.0","0.0","","61","30","17.0","25.1",""
"USW00013904","1/23/2023","4.92","0.00","","0.0","0.0","","60","25","15.0","21.9",""
"USW00013904","1/24/2023","10.51","1.23","","0.0","0.0","","54","43","21.0","38.9",""
"USW00013904","1/25/2023","9.17","0.00","","0.0","0.0","","56","35","18.1","27.1",""
"USW00013904","1/26/2023","3.58","0.00","","0.0","0.0","","56","28","12.1","17.0",""
"USW00013904","1/27/2023","4.92","0.00","","0.0","0.0","","56","27","14.1","18.1",""
"USW00013904","1/28/2023","3.58","0.14","","0.0","0.0","","59","48","12.1","14.1",""
"USW00013904","1/29/2023","8.72","0.05","","0.0","0.0","","75","41","25.1","34.0",""
"USW00013904","1/30/2023","16.33","0.00","","0.0","0.0","","41","30","21.9","28.0",""
"USW00013904","1/31/2023","15.21","0.02","","0.0","0.0","","33","30","21.9","29.1",""
"USW00013904","2/1/2023","13.42","1.12","","0.0","0.0","","33","30","21.0","25.9",""
"USW00013904","2/2/2023","10.74","0.10","","0.0","0.0","","41","32","18.1","25.9",""
"USW00013904","2/3/2023","6.49","0.00","","0.0","0.0","","50","33","17.0","21.9",""
"USW00013904","2/4/2023","5.14","0.00","","0.0","0.0","","63","28","18.1","25.9",""
"USW00013904","2/5/2023","4.92","0.00","","0.0","0.0","","73","34","18.1","23.9",""
"USW00013904","2/6/2023","13.87","0.00","","0.0","0.0","","76","52","25.1","36.9",""
"USW00013904","2/7/2023","9.62","0.17","","0.0","0.0","","71","52","19.9","27.1",""
"USW00013904","2/8/2023","7.61","0.06","","0.0","0.0","","60","37","16.1","25.9",""
"USW00013904","2/9/2023","7.83","0.00","","0.0","0.0","","73","35","17.0","23.9",""
"USW00013904","2/10/2023","14.32","0.00","","0.0","0.0","","56","37","25.9","36.0",""
"USW00013904","2/11/2023","8.95","0.00","","0.0","0.0","","59","34","21.9","28.0",""
"USW00013904","2/12/2023","4.92","0.00","","0.0","0.0","","64","26","17.0","23.9",""
"USW00013904","2/13/2023","7.38","0.00","","0.0","0.0","","71","34","21.0","30.0",""
"USW00013904","2/14/2023","11.18","0.01","","0.0","0.0","","80","42","23.0","32.0",""
"USW00013904","2/15/2023","9.62","0.00","","0.0","0.0","","80","37","29.1","40.9",""
"USW00013904","2/16/2023","17.67","0.04","","0.0","0.0","","71","40","31.1","42.9",""
"USW00013904","2/17/2023","12.75","0.00","","0.0","0.0","","53","25","23.9","36.9",""
"USW00013904","2/18/2023","4.92","0.00","","0.0","0.0","","56","24","17.0","23.0",""
"USW00013904","2/19/2023","6.04","0.00","","0.0","0.0","","75","40","17.0","23.9",""
"USW00013904","2/20/2023","10.96","0.00","","0.0","0.0","","81","49","23.9","33.1",""
"USW00013904","2/21/2023","12.75","0.00","","0.0","0.0","","82","55","25.9","38.9",""
"USW00013904","2/22/2023","10.74","0.00","","0.0","0.0","","90","63","23.0","36.9",""
"USW00013904","2/23/2023","13.65","0.00","","0.0","0.0","","79","53","23.9","32.0",""
"USW00013904","2/24/2023","13.42","0.00","","0.0","0.0","","57","50","19.9","23.0",""
"USW00013904","2/25/2023","9.17","0.00","","0.0","0.0","","64","46","17.0","19.9",""
"USW00013904","2/26/2023","12.30","0.01","","0.0","0.0","","81","52","25.1","35.1",""
"USW00013904","2/27/2023","7.83","0.00","","0.0","0.0","","81","45","23.0","31.1",""
"USW00013904","2/28/2023","5.82","0.00","","0.0","0.0","","83","43","15.0","21.9",""
"USW00013904","3/1/2023","6.71","0.00","","0.0","0.0","","84","69","16.1","23.0",""
"USW00013904","3/2/2023","13.20","0.68","","0.0","0.0","","81","56","30.0","57.9",""
"USW00013904","3/3/2023","9.62","0.00","","0.0","0.0","","73","46","25.1","42.9",""
"USW00013904","3/4/2023","6.49","0.00","","0.0","0.0","","78","37","16.1","23.0",""
"USW00013904","3/5/2023","6.93","0.00","","0.0","0.0","","78","46","16.1","23.9",""
"USW00013904","3/6/2023","5.82","0.00","","0.0","0.0","","81","57","16.1","21.0",""
"USW00013904","3/7/2023","6.04","0.00","","0.0","0.0","","80","62","14.1","19.0",""
"USW00013904","3/8/2023","6.93","0.00","","0.0","0.0","","80","62","16.1","21.9",""
"USW00013904","3/9/2023","8.28","0.00","","0.0","0.0","","84","59","18.1","25.9",""
"USW00013904","3/10/2023","8.05","0.00","","0.0","0.0","","73","56","18.1","25.1",""
"USW00013904","3/11/2023","12.08","0.00","","0.0","0.0","","88","54","23.9","34.0",""
"USW00013904","3/12/2023","12.75","0.00","","0.0","0.0","","74","58","23.0","32.0",""
"USW00013904","3/13/2023","12.75","0.00","","0.0","0.0","","68","50","21.9","30.0",""
"USW00013904","3/14/2023","8.05","0.00","","0.0","0.0","","67","45","15.0","25.1",""
"USW00013904","3/15/2023","10.07","0.00","","0.0","0.0","","74","40","21.9","32.0",""
"USW00013904","3/16/2023","14.09","0.88","","0.0","0.0","","81","52","32.0","40.0",""
"USW00013904","3/17/2023","17.22","0.02","","0.0","0.0","","57","41","35.1","45.0",""
"USW00013904","3/18/2023","6.93","0.00","","0.0","0.0","","53","45","21.0","30.0",""
"USW00013904","3/19/2023","4.03","0.00","","0.0","0.0","","59","36","10.1","17.0",""
"USW00013904","3/20/2023","9.62","0.01","","0.0","0.0","","56","34","18.1","27.1",""
"USW00013904","3/21/2023","9.17","0.21","","0.0","0.0","","69","52","19.9","30.0",""
"USW00013904","3/22/2023","13.87","0.00","","0.0","0.0","","78","68","21.9","30.0",""
"USW00013904","3/23/2023","15.43","0.00","","0.0","0.0","","81","69","25.9","38.0",""
"USW00013904","3/24/2023","6.93","0.09","","0.0","0.0","","86","50","23.0","33.1",""
"USW00013904","3/25/2023","5.59","0.00","","0.0","0.0","","81","45","17.0","23.0",""
"USW00013904","3/26/2023","3.80","0.00","","0.0","0.0","","80","45","12.1","18.1",""
"USW00013904","3/27/2023","10.74","0.00","","0.0","0.0","","77","53","19.9","23.9",""
"USW00013904","3/28/2023","17.22","0.01","","0.0","0.0","","70","56","33.1","45.0",""
"USW00013904","3/29/2023","8.05","0.00","","0.0","0.0","","72","52","15.0","19.9",""
"USW00013904","3/30/2023","11.41","0.00","","0.0","0.0","","76","60","23.0","35.1",""
"USW00013904","3/31/2023","11.63","0.00","","0.0","0.0","","86","55","28.0","38.9",""
"USW00013904","4/1/2023","6.26","0.00","","0.0","0.0","","81","44","21.0","28.0",""
"USW00013904","4/2/2023","8.05","0.00","","0.0","0.0","","84","54","23.0","33.1",""
"USW00013904","4/3/2023","11.18","0.00","","0.0","0.0","","90","69","21.0","27.1",""
"USW00013904","4/4/2023","14.54","0.00","","0.0","0.0","","86","72","23.9","36.0",""
"USW00013904","4/5/2023","15.88","0.04","","0.0","0.0","","75","54","29.1","42.1",""
"USW00013904","4/6/2023","14.76","1.88","","0.0","0.0","","57","47","25.9","34.0",""
"USW00013904","4/7/2023","13.20","0.57","","0.0","0.0","","54","49","19.9","27.1",""
"USW00013904","4/8/2023","8.05","0.00","","0.0","0.0","","62","51","15.0","19.9",""
"USW00013904","4/9/2023","3.80","0.00","","0.0","0.0","","72","48","13.0","21.9",""
"USW00013904","4/10/2023","4.03","0.00","","0.0","0.0","","71","50","12.1","19.9",""
"USW00013904","4/11/2023","4.03","0.00","","0.0","0.0","","74","46","14.1","21.9",""
"USW00013904","4/12/2023","3.36","0.00","","0.0","0.0","","77","45","12.1","18.1",""
"USW00013904","4/13/2023","4.92","0.00","","0.0","0.0","","78","48","13.0","18.1",""
"USW00013904","4/14/2023","9.62","0.00","","0.0","0.0","","79","53","18.1","25.1",""
"USW00013904","4/15/2023","10.29","0.06","","0.0","0.0","","91","60","25.1","31.1",""
"USW00013904","4/16/2023","11.41","0.00","","0.0","0.0","","73","50","21.9","31.1",""
"USW00013904","4/17/2023","7.61","0.00","","0.0","0.0","","77","44","18.1","27.1",""
"USW00013904","4/18/2023","11.86","0.00","","0.0","0.0","","79","61","21.0","30.0",""
"USW00013904","4/19/2023","13.42","0.00","","0.0","0.0","","80","69","21.9","29.1",""
"USW00013904","4/20/2023","12.08","0.92","","0.0","0.0","","87","65","33.1","47.0",""
"USW00013904","4/21/2023","7.38","0.02","","0.0","0.0","","78","55","17.0","28.0",""
"USW00013904","4/22/2023","6.26","0.00","","0.0","0.0","","78","49","18.1","25.1",""
"USW00013904","4/23/2023","17.00","0.02","","0.0","0.0","","66","51","28.0","35.1",""
"USW00013904","4/24/2023","9.17","0.00","","0.0","0.0","","69","53","15.0","23.0",""
"USW00013904","4/25/2023","4.47","0.27","","0.0","0.0","","75","59","15.0","21.0",""
"USW00013904","4/26/2023","9.62","0.69","","0.0","0.0","","84","62","21.9","31.1",""
"USW00013904","4/27/2023","6.49","0.14","","0.0","0.0","","80","56","15.0","21.0",""
"USW00013904","4/28/2023","10.74","0.45","","0.0","0.0","","83","54","33.1","45.0",""
"USW00013904","4/29/2023","13.42","0.00","","0.0","0.0","","75","49","29.1","42.1",""
"USW00013904","4/30/2023","9.40","0.00","","0.0","0.0","","86","48","19.9","28.0",""
"USW00013904","5/1/2023","5.82","0.00","","0.0","0.0","","83","49","14.1","23.9",""
"USW00013904","5/2/2023","4.70","0.00","","0.0","0.0","","80","58","14.1","19.9",""
"USW00013904","5/3/2023","5.37","0.00","","0.0","0.0","","84","58","16.1","23.9",""
"USW00013904","5/4/2023","7.38","0.00","","0.0","0.0","","83","60","16.1","21.9",""
"USW00013904","5/5/2023","10.74","0.00","","0.0","0.0","","91","66","33.1","50.1",""
"USW00013904","5/6/2023","9.17","0.00","","0.0","0.0","","89","65","18.1","25.9",""
"USW00013904","5/7/2023","8.72","0.00","","0.0","0.0","","84","71","21.9","33.1",""
"USW00013904","5/8/2023","8.28","0.00","","0.0","0.0","","90","67","28.0","36.9",""
"USW00013904","5/9/2023","5.59","0.09","","0.0","0.0","","77","67","18.1","25.1",""
"USW00013904","5/10/2023","5.14","0.15","","0.0","0.0","","81","67","14.1","17.0",""
"USW00013904","5/11/2023","8.95","0.00","","0.0","0.0","","89","71","19.9","25.9",""
"USW00013904","5/12/2023","9.40","0.01","","0.0","0.0","","87","75","19.9","25.9",""
"USW00013904","5/13/2023","6.04","1.70","","0.0","0.0","","76","63","23.9","33.1",""
"USW00013904","5/14/2023","2.68","0.13","","0.0","0.0","","84","62","14.1","18.1",""
"USW00013904","5/15/2023","4.03","0.46","","0.0","0.0","","84","65","28.0","38.9",""
"USW00013904","5/16/2023","4.25","0.00","","0.0","0.0","","84","66","14.1","18.1",""
"USW00013904","5/17/2023","3.58","0.00","","0.0","0.0","","88","62","12.1","19.0",""
"USW00013904","5/18/2023","4.47","0.00","","0.0","0.0","","89","60","14.1","18.1",""
"USW00013904","5/19/2023","8.05","0.01","","0.0","0.0","","90","66","21.0","32.0",""
"USW00013904","5/20/2023","9.62","0.05","","0.0","0.0","","84","68","23.0","32.0",""
"USW00013904","5/21/2023","3.58","0.05","","0.0","0.0","","74","63","10.1","13.0",""
"USW00013904","5/22/2023","2.24","0.00","","0.0","0.0","","85","61","8.9","16.1",""
"USW00013904","5/23/2023","5.37","0.00","","0.0","0.0","","89","63","14.1","19.0",""
"USW00013904","5/24/2023","7.61","0.81","","0.0","0.0","","83","64","29.1","48.1",""
"USW00013904","5/25/2023","5.14","0.00","","0.0","0.0","","85","64","14.1","23.9",""
"USW00013904","5/26/2023","3.36","0.00","","0.0","0.0","","86","62","14.1","19.9",""
"USW00013904","5/27/2023","4.25","0.00","","0.0","0.0","","87","63","12.1","19.0",""
"USW00013904","5/28/2023","7.38","0.00","","0.0","0.0","","85","67","18.1","25.9",""
"USW00013904","5/29/2023","4.25","0.00","","0.0","0.0","","86","67","13.0","19.0",""
"USW00013904","5/30/2023","5.14","0.00","","0.0","0.0","","89","63","15.0","21.0",""
"USW00013904","5/31/2023","6.26","0.00","","0.0","0.0","","89","65","14.1","23.9",""
"USW00013904","6/1/2023","7.16","0.00","","0.0","0.0","","91","66","17.0","30.0",""
"USW00013904","6/2/2023","7.61","0.00","","0.0","0.0","","89","64","17.0","25.1",""
"USW00013904","6/3/2023","8.28","0.52","","0.0","0.0","","91","63","40.0","59.1",""
"USW00013904","6/4/2023","4.03","0.03","","0.0","0.0","","82","65","13.0","18.1",""
"USW00013904","6/5/2023","4.92","0.27","","0.0","0.0","","87","66","29.1","35.1",""
"USW00013904","6/6/2023","2.24","0.00","","0.0","0.0","","88","64","13.0","19.9",""
"USW00013904","6/7/2023","2.68","0.00","","0.0","0.0","","89","67","10.1","16.1",""
"USW00013904","6/8/2023","4.47","0.00","","0.0","0.0","","89","69","13.0","18.1",""
"USW00013904","6/9/2023","4.92","0.00","","0.0","0.0","","97","65","13.0","19.9",""
"USW00013904","6/10/2023","10.96","0.38","","0.0","0.0","","95","67","23.0","32.0",""
"USW00013904","6/11/2023","8.50","0.00","","0.0","0.0","","96","69","23.9","36.9",""
"USW00013904","6/12/2023","10.51","0.00","","0.0","0.0","","95","73","19.9","27.1",""
"USW00013904","6/13/2023","9.62","0.00","","0.0","0.0","","94","77","19.9","28.0",""
"USW00013904","6/14/2023","8.28","0.00","","0.0","0.0","","94","79","17.0","23.0",""
"USW00013904","6/15/2023","10.51","0.00","","0.0","0.0","","98","80","23.0","29.1",""
"USW00013904","6/16/2023","10.74","0.00","","0.0","0.0","","100","79","21.0","33.1",""
"USW00013904","6/17/2023","8.50","0.00","","0.0","0.0","","95","78","19.9","25.9",""
"USW00013904","6/18/2023","11.41","0.00","","0.0","0.0","","102","79","19.9","28.0",""
"USW00013904","6/19/2023","9.62","0.00","","0.0","0.0","","101","79","18.1","25.1",""
"USW00013904","6/20/2023","9.40","0.00","","0.0","0.0","","102","78","16.1","23.9",""
"USW00013904","6/21/2023","8.72","0.97","","0.0","0.0","","102","73","30.0","42.9",""
"USW00013904","6/22/2023","6.71","0.05","","0.0","0.0","","92","73","19.9","25.9",""
"USW00013904","6/23/2023","8.95","0.00","","0.0","0.0","","95","74","19.9","25.1",""
"USW00013904","6/24/2023","10.96","0.00","","0.0","0.0","","98","76","21.9","31.1",""
"USW00013904","6/25/2023","10.96","0.00","","0.0","0.0","","98","78","21.0","27.1",""
"USW00013904","6/26/2023","11.41","0.00","","0.0","0.0","","99","76","19.9","27.1",""
"USW00013904","6/27/2023","9.62","0.00","","0.0","0.0","","99","74","18.1","25.9",""
"USW00013904","6/28/2023","11.18","0.00","","0.0","0.0","","98","75","18.1","27.1",""
"USW00013904","6/29/2023","10.07","0.00","","0.0","0.0","","97","76","18.1","23.9",""
"USW00013904","6/30/2023","10.29","0.00","","0.0","0.0","","97","73","17.0","27.1",""
"USW00013904","7/1/2023","7.83","0.00","","0.0","0.0","","99","75","19.9","23.9",""
"USW00013904","7/2/2023","5.59","0.00","","0.0","0.0","","95","75","14.1","21.0",""
"USW00013904","7/3/2023","7.38","0.00","","0.0","0.0","","96","74","17.0","23.9",""
"USW00013904","7/4/2023","8.05","0.00","","0.0","0.0","","94","73","16.1","19.0",""
"USW00013904","7/5/2023","10.07","0.00","","0.0","0.0","","95","76","19.9","25.9",""
"USW00013904","7/6/2023","8.72","0.16","","0.0","0.0","","88","72","23.9","35.1",""
"USW00013904","7/7/2023","8.05","0.00","","0.0","0.0","","92","71","18.1","25.1",""
"USW00013904","7/8/2023","8.05","0.00","","0.0","0.0","","99","74","16.1","23.9",""
"USW00013904","7/9/2023","10.51","0.00","","0.0","0.0","","100","77","18.1","27.1",""
"USW00013904","7/10/2023","10.29","0.00","","0.0","0.0","","101","77","18.1","25.9",""
"USW00013904","7/11/2023","10.51","0.00","","0.0","0.0","","101","77","21.9","32.0",""
"USW00013904","7/12/2023","14.09","0.00","","0.0","0.0","","105","79","25.9","35.1",""
"USW00013904","7/13/2023","12.30","0.00","","0.0","0.0","","104","77","21.0","29.1",""
"USW00013904","7/14/2023","13.87","0.00","","0.0","0.0","","103","78","21.0","31.1",""
"USW00013904","7/15/2023","9.17","0.00","","0.0","0.0","","104","76","17.0","23.9",""
"USW00013904","7/16/2023","8.50","0.00","","0.0","0.0","","103","77","17.0","25.1",""
"USW00013904","7/17/2023","9.17","0.00","","0.0","0.0","","103","73","16.1","21.9",""
"USW00013904","7/18/2023","10.74","0.00","","0.0","0.0","","103","76","19.9","27.1",""
"USW00013904","7/19/2023","11.41","0.00","","0.0","0.0","","103","76","23.9","32.0",""
"USW00013904","7/20/2023","8.95","0.00","","0.0","0.0","","102","78","18.1","23.9",""
"USW00013904","7/21/2023","7.38","0.00","","0.0","0.0","","101","72","14.1","23.9",""
"USW00013904","7/22/2023","5.14","0.00","","0.0","0.0","","103","75","21.0","27.1",""
"USW00013904","7/23/2023","5.82","0.00","","0.0","0.0","","103","77","17.0","25.1",""
"USW00013904","7/24/2023","5.59","0.00","","0.0","0.0","","101","70","17.0","23.0",""
"USW00013904","7/25/2023","7.16","0.00","","0.0","0.0","","101","72","16.1","25.1",""
"USW00013904","7/26/2023","9.17","0.00","","0.0","0.0","","101","76","21.9","27.1",""
"USW00013904","7/27/2023","8.28","0.00","","0.0","0.0","","99","72","16.1","23.0",""
"USW00013904","7/28/2023","6.49","0.00","","0.0","0.0","","99","71","17.0","23.9",""
"USW00013904","7/29/2023","5.82","0.00","","0.0","0.0","","101","70","16.1","23.0",""
"USW00013904","7/30/2023","5.37","0.00","","0.0","0.0","","102","73","14.1","19.0",""
"USW00013904","7/31/2023","6.49","0.00","","0.0","0.0","","104","73","17.0","23.9",""
"USW00013904","8/1/2023","6.49","0.00","","0.0","0.0","","103","75","18.1","28.0",""
"USW00013904","8/2/2023","7.16","0.00","","0.0","0.0","","105","73","18.1","25.1",""
"USW00013904","8/3/2023","9.62","0.00","","0.0","0.0","","103","76","19.9","29.1",""
"USW00013904","8/4/2023","10.07","0.00","","0.0","0.0","","105","78","21.0","31.1",""
"USW00013904","8/5/2023","10.51","0.00","","0.0","0.0","","106","77","19.9","27.1",""
"USW00013904","8/6/2023","10.74","0.00","","0.0","0.0","","105","76","19.9","29.1",""
"USW00013904","8/7/2023","11.18","0.00","","0.0","0.0","","106","79","21.0","30.0",""
"USW00013904","8/8/2023","12.97","0.00","","0.0","0.0","","106","78","23.9","38.0",""
"USW00013904","8/9/2023","13.87","0.00","","0.0","0.0","","108","77","23.9","35.1",""
"USW00013904","8/10/2023","12.97","0.00","","0.0","0.0","","107","78","21.9","33.1",""
"USW00013904","8/11/2023","12.97","0.00","","0.0","0.0","","107","79","21.9","30.0",""
"USW00013904","8/12/2023","12.30","0.00","","0.0","0.0","","106","79","23.0","35.1",""
"USW00013904","8/13/2023","11.86","0.00","","0.0","0.0","","106","81","19.9","31.1",""
"USW00013904","8/14/2023","6.93","0.00","","0.0","0.0","","107","73","17.0","23.9",""
"USW00013904","8/15/2023","9.62","0.00","","0.0","0.0","","102","77","18.1","28.0",""
"USW00013904","8/16/2023","3.80","0.00","","0.0","0.0","","105","70","14.1","23.9",""
"USW00013904","8/17/2023","6.93","0.00","","0.0","0.0","","109","73","18.1","25.9",""
"USW00013904","8/18/2023","7.61","0.00","","0.0","0.0","","107","76","17.0","23.9",""
"USW00013904","8/19/2023","6.26","0.00","","0.0","0.0","","106","72","16.1","21.0",""
"USW00013904","8/20/2023","4.70","0.00","","0.0","0.0","","107","75","18.1","25.1",""
"USW00013904","8/21/2023","7.83","0.00","","0.0","0.0","","106","77","19.9","30.0",""
"USW00013904","8/22/2023","8.28","0.14","","0.0","0.0","","100","77","35.1","45.0",""
"USW00013904","8/23/2023","5.59","0.00","","0.0","0.0","","103","77","17.0","29.1",""
"USW00013904","8/24/2023","4.70","0.00","","0.0","0.0","","106","75","14.1","21.0",""
"USW00013904","8/25/2023","5.82","0.00","","0.0","0.0","","107","76","18.1","23.9",""
"USW00013904","8/26/2023","4.70","0.00","","0.0","0.0","","106","73","14.1","28.0",""
"USW00013904","8/27/2023","5.14","0.00","","0.0","0.0","","110","76","28.0","45.0",""
"USW00013904","8/28/2023","7.83","0.00","","0.0","0.0","","102","74","21.0","31.1",""
"USW00013904","8/29/2023","7.83","0.00","","0.0","0.0","","100","73","23.0","35.1",""
"USW00013904","8/30/2023","5.59","0.00","","0.0","0.0","","101","66","16.1","23.0",""
"USW00013904","8/31/2023","5.37","0.00","","0.0","0.0","","103","67","17.0","23.9",""
"USW00013904","9/1/2023","4.92","0.00","","0.0","0.0","","101","69","15.0","23.0",""
"USW00013904","9/2/2023","3.58","0.00","","0.0","0.0","","102","69","14.1","23.9",""
"USW00013904","9/3/2023","7.16","0.00","","0.0","0.0","","102","74","18.1","25.9",""
"USW00013904","9/4/2023","10.74","0.00","","0.0","0.0","","103","74","21.0","28.0",""
"USW00013904","9/5/2023","11.63","0.00","","0.0","0.0","","105","80","23.0","34.0",""
"USW00013904","9/6/2023","5.82","0.00","","0.0","0.0","","103","75","14.1","21.0",""
"USW00013904","9/7/2023","6.93","0.00","","0.0","0.0","","106","78","16.1","21.9",""
"USW00013904","9/8/2023","7.61","0.00","","0.0","0.0","","107","78","15.0","19.9",""
"USW00013904","9/9/2023","7.38","0.00","","0.0","0.0","","104","77","21.0","28.0",""
"USW00013904","9/10/2023","7.16","0.00","","0.0","0.0","","100","73","16.1","27.1",""
"USW00013904","9/11/2023","6.49","0.00","","0.0","0.0","","99","69","15.0","21.0",""
"USW00013904","9/12/2023","8.05","0.00","","0.0","0.0","","95","76","15.0","21.9",""
"USW00013904","9/13/2023","8.50","0.16","","0.0","0.0","","91","72","18.1","23.0",""
"USW00013904","9/14/2023","3.58","0.69","","0.0","0.0","","97","72","18.1","23.9",""
"USW00013904","9/15/2023","6.26","0.01","","0.0","0.0","","92","74","16.1","23.9",""
"USW00013904","9/16/2023","5.82","0.22","","0.0","0.0","","86","70","23.9","40.9",""
"USW00013904","9/17/2023","4.70","0.00","","0.0","0.0","","94","68","16.1","21.0",""
"USW00013904","9/18/2023","3.58","0.00","","0.0","0.0","","97","66","13.0","23.0",""
"USW00013904","9/19/2023","8.50","0.00","","0.0","0.0","","97","69","17.0","25.9",""
"USW00013904","9/20/2023","9.17","0.00","","0.0","0.0","","99","70","18.1","27.1",""
"USW00013904","9/21/2023","5.82","0.00","","0.0","0.0","","98","73","17.0","23.9",""
"USW00013904","9/22/2023","8.72","0.00","","0.0","0.0","","100","72","17.0","28.0",""
"USW00013904","9/23/2023","11.18","0.00","","0.0","0.0","","101","78","18.1","25.9",""
"USW00013904","9/24/2023","12.30","0.18","","0.0","0.0","","103","76","25.9","36.0",""
"USW00013904","9/25/2023","5.82","0.00","","0.0","0.0","","99","75","23.0","32.0",""
"USW00013904","9/26/2023","5.14","0.00","","0.0","0.0","","97","71","15.0","21.0",""
"USW00013904","9/27/2023","1.57","0.00","","0.0","0.0","","94","70","12.1","23.0",""
"USW00013904","9/28/2023","4.92","0.00","","0.0","0.0","","96","67","14.1","19.0",""
"USW00013904","9/29/2023","5.82","0.00","","0.0","0.0","","97","68","15.0","25.1",""
"USW00013904","9/30/2023","4.70","0.00","","0.0","0.0","","97","69","17.0","27.1",""
"USW00013904","10/1/2023","5.82","0.00","","0.0","0.0","","96","66","17.0","27.1",""
"USW00013904","10/2/2023","6.71","0.00","","0.0","0.0","","95","67","17.0","23.9",""
"USW00013904","10/3/2023","5.37","0.00","","0.0","0.0","","97","64","19.9","25.1",""
"USW00013904","10/4/2023","7.83","0.00","","0.0","0.0","","100","74","21.0","28.0",""
"USW00013904","10/5/2023","8.72","1.74","","0.0","0.0","","81","69","28.0","35.1",""
"USW00013904","10/6/2023","9.62","0.00","","0.0","0.0","","89","67","19.9","31.1",""
"USW00013904","10/7/2023","12.53","0.00","","0.0","0.0","","77","58","25.1","33.1",""
"USW00013904","10/8/2023","4.47","0.00","","0.0","0.0","","81","49","12.1","16.1",""
"USW00013904","10/9/2023","6.93","0.00","","0.0","0.0","","85","51","21.0","29.1",""
"USW00013904","10/10/2023","4.92","0.01","","0.0","0.0","","81","63","18.1","25.1",""
"USW00013904","10/11/2023","5.82","0.00","","0.0","0.0","","73","65","14.1","23.0",""
"USW00013904","10/12/2023","10.29","0.00","","0.0","0.0","","86","62","18.1","25.9",""
"USW00013904","10/13/2023","6.71","0.00","","0.0","0.0","","93","63","19.9","29.1",""
"USW00013904","10/14/2023","11.41","0.00","","0.0","0.0","","78","52","21.9","29.1",""
"USW00013904","10/15/2023","13.20","0.00","","0.0","0.0","","76","52","25.9","35.1",""
"USW00013904","10/16/2023","9.17","0.00","","0.0","0.0","","75","45","21.0","31.1",""
"USW00013904","10/17/2023","3.80","0.00","","0.0","0.0","","78","39","13.0","18.1",""
"USW00013904","10/18/2023","6.93","0.00","","0.0","0.0","","84","44","21.9","29.1",""
"USW00013904","10/19/2023","5.82","0.00","","0.0","0.0","","89","53","17.0","25.1",""
"USW00013904","10/20/2023","3.36","0.00","","0.0","0.0","","98","50","10.1","15.0",""
"USW00013904","10/21/2023","5.14","0.00","","0.0","0.0","","95","52","13.0","18.1",""
"USW00013904","10/22/2023","7.38","0.00","","0.0","0.0","","90","61","19.9","25.1",""
"USW00013904","10/23/2023","7.61","0.86","","0.0","0.0","","84","70","21.9","29.1",""
"USW00013904","10/24/2023","12.30","0.46","","0.0","0.0","","81","73","23.0","30.0",""
"USW00013904","10/25/2023","13.42","0.00","","0.0","0.0","","86","74","25.1","32.0",""
"USW00013904","10/26/2023","7.61","2.59","","0.0","0.0","","79","69","23.0","31.1",""
"USW00013904","10/27/2023","6.93","0.04","","0.0","0.0","","87","75","25.1","32.0",""
"USW00013904","10/28/2023","9.17","0.07","","0.0","0.0","","88","73","18.1","25.9",""
"USW00013904","10/29/2023","13.42","0.16","","0.0","0.0","","78","43","25.9","36.9",""
"USW00013904","10/30/2023","17.45","0.14","","0.0","0.0","","49","41","29.1","40.0",""
"USW00013904","10/31/2023","12.08","0.00","","0.0","0.0","","61","38","23.0","30.0",""
"USW00013904","11/1/2023","6.04","0.00","","0.0","0.0","","60","35","13.0","18.1",""
"USW00013904","11/2/2023","2.91","0.00","","0.0","0.0","","67","32","14.1","18.1",""
"USW00013904","11/3/2023","5.14","0.00","","0.0","0.0","","76","47","16.1","23.0",""
"USW00013904","11/4/2023","4.70","0.00","","0.0","0.0","","79","48","15.0","21.0",""
"USW00013904","11/5/2023","4.92","0.00","","0.0","0.0","","80","55","15.0","21.0",""
"USW00013904","11/6/2023","8.72","0.00","","0.0","0.0","","81","58","21.0","29.1",""
"USW00013904","11/7/2023","11.18","0.00","","0.0","0.0","","85","64","21.0","29.1",""
"USW00013904","11/8/2023","9.62","0.00","","0.0","0.0","","83","68","19.9","29.1",""
"USW00013904","11/9/2023","8.28","0.36","","0.0","0.0","","78","55","23.0","29.1",""
"USW00013904","11/10/2023","12.75","0.40","","0.0","0.0","","58","54","19.9","25.1",""
"USW00013904","11/11/2023","8.72","0.00","","0.0","0.0","","62","54","17.0","21.9",""
"USW00013904","11/12/2023","8.72","0.38","","0.0","0.0","","62","56","14.1","17.0",""
"USW00013904","11/13/2023","11.18","0.02","","0.0","0.0","","67","54","18.1","23.0",""
"USW00013904","11/14/2023","6.71","0.00","","0.0","0.0","","72","51","15.0","19.0",""
"USW00013904","11/15/2023","4.03","0.00","","0.0","0.0","","74","47","13.0","21.9",""
"USW00013904","11/16/2023","2.91","0.00","","0.0","0.0","","63","46","8.1","14.1",""
"USW00013904","11/17/2023","9.17","0.00","","0.0","0.0","","82","54","23.9","30.0",""
"USW00013904","11/18/2023","7.61","0.00","","0.0","0.0","","70","60","15.0","19.9",""
"USW00013904","11/19/2023","4.47","0.06","","0.0","0.0","","67","54","12.1","19.9",""
"USW00013904","11/20/2023","8.95","0.00","","0.0","0.0","","84","61","23.0","35.1",""
"USW00013904","11/21/2023","14.54","0.00","","0.0","0.0","","61","48","30.0","38.0",""
"USW00013904","11/22/2023","3.80","0.00","","0.0","0.0","","67","34","14.1","21.9",""
"USW00013904","11/23/2023","4.70","0.00","","0.0","0.0","","59","35","13.0","19.9",""
"USW00013904","11/24/2023","2.91","0.00","","0.0","0.0","","66","36","13.0","19.9",""
"USW00013904","11/25/2023","5.59","0.00","","0.0","0.0","","61","40","12.1","21.9",""
"USW00013904","11/26/2023","13.20","0.00","","0.0","0.0","","57","38","29.1","38.0",""
"USW00013904","11/27/2023","7.61","0.00","","0.0","0.0","","56","34","15.0","21.9",""
"USW00013904","11/28/2023","4.47","0.00","","0.0","0.0","","63","39","8.9","18.1",""
"USW00013904","11/29/2023","4.92","0.00","","0.0","0.0","","65","39","15.0","21.9",""
"USW00013904","11/30/2023","7.38","0.14","","0.0","0.0","","74","58","21.9","33.1",""
"USW00013904","12/1/2023","7.16","0.00","","0.0","0.0","","70","47","17.0","21.0",""
"USW00013904","12/2/2023","4.92","0.00","","0.0","0.0","","70","41","13.0","18.1",""
"USW00013904","12/3/2023","6.71","0.00","","0.0","0.0","","74","40","17.0","23.9",""
"USW00013904","12/4/2023","6.04","0.00","","0.0","0.0","","69","37","15.0","19.9",""
"USW00013904","12/5/2023","1.79","0.00","","0.0","0.0","","74","34","6.9","12.1",""
"USW00013904","12/6/2023","2.01","0.00","","0.0","0.0","","69","36","8.9","15.0",""
"USW00013904","12/7/2023","8.05","0.00","","0.0","0.0","","73","38","21.0","32.0",""
"USW00013904","12/8/2023","9.62","0.00","","0.0","0.0","","75","56","19.9","28.0",""
"USW00013904","12/9/2023","12.75","0.00","","0.0","0.0","","77","52","25.9","36.0",""
"USW00013904","12/10/2023","9.62","0.00","","0.0","0.0","","59","29","23.0","30.0",""
"USW00013904","12/11/2023","4.70","0.00","","0.0","0.0","","65","24","17.0","23.0",""
"USW00013904","12/12/2023","6.49","0.00","","0.0","0.0","","70","32","21.0","27.1",""
"USW00013904","12/13/2023","7.83","0.12","","0.0","0.0","","57","52","13.0","19.9",""
"USW00013904","12/14/2023","7.61","0.00","","0.0","0.0","","69","48","17.0","23.0",""
"USW00013904","12/15/2023","6.93","0.21","","0.0","0.0","","65","54","17.0","23.0",""
"USW00013904","12/16/2023","7.83","0.00","","0.0","0.0","","65","38","21.9","30.0",""
"USW00013904","12/17/2023","3.58","0.00","","0.0","0.0","","71","30","14.1","19.0",""
"USW00013904","12/18/2023","7.61","0.00","","0.0","0.0","","69","35","17.0","23.0",""
"USW00013904","12/19/2023","5.14","0.00","","0.0","0.0","","69","34","15.0","19.9",""
"USW00013904","12/20/2023","6.49","0.00","","0.0","0.0","","73","44","19.9","28.0",""
"USW00013904","12/21/2023","4.92","0.15","","0.0","0.0","","64","60","14.1","17.0",""
"USW00013904","12/22/2023","2.68","0.02","","0.0","0.0","","72","59","8.9","12.1",""
"USW00013904","12/23/2023","6.26","0.16","","0.0","0.0","","72","57","19.9","27.1",""
"USW00013904","12/24/2023","7.38","1.66","","0.0","0.0","","75","55","17.0","25.1",""
"USW00013904","12/25/2023","8.72","0.00","","0.0","0.0","","58","36","18.1","25.9",""
"USW00013904","12/26/2023","4.92","0.00","","0.0","0.0","","60","30","16.1","23.9",""
"USW00013904","12/27/2023","6.26","0.00","","0.0","0.0","","65","34","15.0","21.9",""
"USW00013904","12/28/2023","5.82","0.00","","0.0","0.0","","61","34","14.1","23.0",""
"USW00013904","12/29/2023","6.49","0.00","","0.0","0.0","","61","33","14.1","21.9",""
"USW00013904","12/30/2023","4.70","0.00","","0.0","0.0","","69","29","12.1","17.0",""
"USW00013904","12/31/2023","5.59","0.00","","0.0","0.0","","73","32","21.0","25.9",""
"USW00013904","1/1/2024","11.86","0.00","","0.0","0.0","","58","38","23.0","28.0",""
"USW00013904","1/2/2024","9.17","1.51","","0.0","0.0","","53","38","17.0","23.0",""
"USW00013904","1/3/2024","8.28","0.00","","0.0","0.0","","51","44","16.1","19.0",""
"USW00013904","1/4/2024","4.92","0.04","","0.0","0.0","","58","34","16.1","21.9",""
"USW00013904","1/5/2024","5.37","0.01","","0.0","0.0","","67","39","15.0","23.9",""
"USW00013904","1/6/2024","2.91","0.00","","0.0","0.0","","64","33","14.1","19.9",""
"USW00013904","1/7/2024","8.50","0.00","","0.0","0.0","","65","29","21.0","28.0",""
"USW00013904","1/8/2024","14.99","0.27","","0.0","0.0","","75","50","30.0","52.1",""
"USW00013904","1/9/2024","11.41","0.00","","0.0","0.0","","57","31","23.0","36.0",""
"USW00013904","1/10/2024","7.61","0.00","","0.0","0.0","","67","24","25.1","36.9",""
"USW00013904","1/11/2024","8.72","0.00","","0.0","0.0","","74","32","23.0","32.0",""
"USW00013904","1/12/2024","11.18","0.00","","0.0","0.0","","68","27","29.1","49.0",""
"USW00013904","1/13/2024","7.38","0.00","","0.0","0.0","","63","21","21.9","31.1",""
"USW00013904","1/14/2024","17.45","0.00","","0.0","0.0","","36","19","23.0","30.0",""
"USW00013904","1/15/2024","16.33","0.00","","0.0","0.0","","25","18","25.1","33.1",""
"USW00013904","1/16/2024","13.20","0.00","","0.0","0.0","","34","17","29.1","40.0",""
"USW00013904","1/17/2024","6.93","0.00","","0.0","0.0","","46","11","19.9","25.9",""
"USW00013904","1/18/2024","5.82","0.00","","0.0","0.0","","78","32","21.0","31.1",""
"USW00013904","1/19/2024","18.79","0.00","","0.0","0.0","","49","31","31.1","42.1",""
"USW00013904","1/20/2024","11.41","0.00","","0.0","0.0","","42","26","19.9","28.0",""
"USW00013904","1/21/2024","6.71","0.02","","0.0","0.0","","41","37","13.0","19.0",""
"USW00013904","1/22/2024","4.92","3.54","","0.0","0.0","","58","39","21.0","27.1",""
"USW00013904","1/23/2024","4.70","0.23","","0.0","0.0","","60","53","14.1","18.1",""
"USW00013904","1/24/2024","6.26","1.09","","0.0","0.0","","57","54","14.1","21.0",""
"USW00013904","1/25/2024","5.37","0.06","","0.0","0.0","","60","45","14.1","18.1",""
"USW00013904","1/26/2024","7.61","0.00","","0.0","0.0","","57","50","15.0","19.9",""
"USW00013904","1/27/2024","8.95","0.00","","0.0","0.0","","63","41","19.9","30.0",""
"USW00013904","1/28/2024","3.13","0.00","","0.0","0.0","","66","34","10.1","14.1",""
"USW00013904","1/29/2024","4.25","0.00","","0.0","0.0","","71","34","14.1","18.1",""
"USW00013904","1/30/2024","2.46","0.00","","0.0","0.0","","74","37","10.1","14.1",""
"USW00013904","1/31/2024","3.36","0.00","","0.0","0.0","","73","38","12.1","15.0",""
"USW00013904","2/1/2024","6.04","0.00","","0.0","0.0","","73","40","17.0","25.1",""
"USW00013904","2/2/2024","8.50","1.11","","0.0","0.0","","68","59","25.1","42.1",""
"USW00013904","2/3/2024","6.71","0.10","","0.0","0.0","","72","44","21.0","25.1",""
"USW00013904","2/4/2024","11.63","0.00","","0.0","0.0","","68","46","28.0","44.1",""
"USW00013904","2/5/2024","11.86","0.00","","0.0","0.0","","64","40","23.9","33.1",""
"USW00013904","2/6/2024","2.01","0.00","","0.0","0.0","","69","36","8.1","14.1",""
"USW00013904","2/7/2024","10.51","0.00","","0.0","0.0","","71","37","23.9","32.0",""
"USW00013904","2/8/2024","2.24","0.00","","0.0","0.0","","73","57","16.1","19.9",""
"USW00013904","2/9/2024","6.71","0.00","","0.0","0.0","","75","60","18.1","25.1",""
"USW00013904","2/10/2024","7.16","0.80","","0.0","0.0","","66","59","15.0","21.0",""
"USW00013904","2/11/2024","9.62","0.04","","0.0","0.0","","60","47","18.1","25.9",""
"USW00013904","2/12/2024","10.74","0.00","","0.0","0.0","","61","36","21.9","34.0",""
"USW00013904","2/13/2024","4.92","0.00","","0.0","0.0","","67","31","15.0","21.9",""
"USW00013904","2/14/2024","5.59","0.00","","0.0","0.0","","68","35","15.0","19.9",""
"USW00013904","2/15/2024","4.25","0.00","","0.0","0.0","","69","56","13.0","16.1",""
"USW00013904","2/16/2024","10.74","0.00","","0.0","0.0","","73","52","25.1","32.0",""
"USW00013904","2/17/2024","20.36","0.00","","0.0","0.0","","52","37","31.1","38.0",""
"USW00013904","2/18/2024","6.26","0.00","","0.0","0.0","","54","32","14.1","18.1",""
"USW00013904","2/19/2024","6.71","0.00","","0.0","0.0","","68","28","21.0","27.1",""
"USW00013904","2/20/2024","6.71","0.00","","0.0","0.0","","79","35","17.0","21.9",""
"USW00013904","2/21/2024","14.09","0.00","","0.0","0.0","","77","57","25.1","36.9",""
"USW00013904","2/22/2024","10.51","0.00","","0.0","0.0","","87","64","25.1","31.1",""
"USW00013904","2/23/2024","8.95","0.00","","0.0","0.0","","75","48","19.9","28.0",""
"USW00013904","2/24/2024","6.26","0.00","","0.0","0.0","","79","42","15.0","23.0",""
"USW00013904","2/25/2024","10.07","0.00","","0.0","0.0","","83","42","23.0","34.0",""
"USW00013904","2/26/2024","9.62","0.00","","0.0","0.0","","82","56","18.1","25.9",""
"USW00013904","2/27/2024","9.84","0.00","","0.0","0.0","","80","67","16.1","23.9",""
"USW00013904","2/28/2024","18.34","0.00","","0.0","0.0","","70","47","35.1","46.1",""
"USW00013904","2/29/2024","9.17","0.04","","0.0","0.0","","49","43","18.1","23.0",""
"USW00013904","3/1/2024","3.80","0.00","","0.0","0.0","","68","44","12.1","19.0",""
"USW00013904","3/2/2024","7.61","0.00","","0.0","0.0","","81","38","18.1","27.1",""
"USW00013904","3/3/2024","10.07","0.00","","0.0","0.0","","80","61","21.9","27.1",""
"USW00013904","3/4/2024","7.38","0.00","","0.0","0.0","","83","66","15.0","21.9",""
"USW00013904","3/5/2024","4.03","0.00","","0.0","0.0","","91","54","14.1","23.0",""
"USW00013904","3/6/2024","5.82","0.00","","0.0","0.0","","83","50","16.1","19.9",""
"USW00013904","3/7/2024","10.74","0.01","","0.0","0.0","","75","66","21.9","28.0",""
"USW00013904","3/8/2024","9.62","0.14","","0.0","0.0","","83","51","25.1","38.0",""
"USW00013904","3/9/2024","13.42","0.00","","0.0","0.0","","62","46","23.0","33.1",""
"USW00013904","3/10/2024","4.70","0.00","","0.0","0.0","","67","38","10.1","16.1",""
"USW00013904","3/11/2024","6.04","0.00","","0.0","0.0","","73","51","15.0","19.9",""
"USW00013904","3/12/2024","8.28","0.00","","0.0","0.0","","77","52","19.9","25.9",""
"USW00013904","3/13/2024","12.53","0.00","","0.0","0.0","","84","67","21.0","30.0",""
"USW00013904","3/14/2024","12.53","0.00","","0.0","0.0","","80","67","23.0","34.0",""
"USW00013904","3/15/2024","12.08","0.55","","0.0","0.0","","76","64","23.9","32.0",""
"USW00013904","3/16/2024","8.28","0.14","","0.0","0.0","","75","62","18.1","23.0",""
"USW00013904","3/17/2024","10.51","0.74","","0.0","0.0","","66","57","25.9","40.0",""
"USW00013904","3/18/2024","13.20","0.00","","0.0","0.0","","65","46","25.1","33.1",""
"USW00013904","3/19/2024","5.59","0.00","","0.0","0.0","","66","40","18.1","27.1",""
"USW00013904","3/20/2024","6.71","0.00","","0.0","0.0","","67","49","14.1","19.0",""
"USW00013904","3/21/2024","5.82","0.41","","0.0","0.0","","64","52","19.9","30.0",""
"USW00013904","3/22/2024","8.28","0.00","","0.0","0.0","","79","50","25.9","34.0",""
"USW00013904","3/23/2024","4.25","0.00","","0.0","0.0","","73","44","16.1","21.0",""
"USW00013904","3/24/2024","12.53","0.00","","0.0","0.0","","73","56","28.0","38.9",""
"USW00013904","3/25/2024","6.93","0.19","","0.0","0.0","","79","53","19.9","32.0",""
"USW00013904","3/26/2024","9.84","0.00","","0.0","0.0","","66","44","18.1","25.1",""
"USW00013904","3/27/2024","4.25","0.21","","0.0","0.0","","67","44","17.0","27.1",""
"USW00013904","3/28/2024","7.83","0.00","","0.0","0.0","","76","41","18.1","27.1",""
"USW00013904","3/29/2024","11.41","0.00","","0.0","0.0","","78","53","23.9","34.0",""
"USW00013904","3/30/2024","8.72","0.00","","0.0","0.0","","77","58","19.9","25.9",""
"USW00013904","3/31/2024","11.63","0.00","","0.0","0.0","","79","63","19.9","27.1",""
"USW00013904","4/1/2024","12.75","0.00","","0.0","0.0","","82","68","23.9","34.0",""
"USW00013904","4/2/2024","10.07","0.19","","0.0","0.0","","75","54","21.9","31.1",""
"USW00013904","4/3/2024","6.04","0.00","","0.0","0.0","","81","48","16.1","25.9",""
"USW00013904","4/4/2024","4.70","0.00","","0.0","0.0","","86","44","16.1","25.1",""
"USW00013904","4/5/2024","8.72","0.00","","0.0","0.0","","85","44","23.0","32.0",""
"USW00013904","4/6/2024","12.53","0.00","","0.0","0.0","","79","50","23.9","33.1",""
"USW00013904","4/7/2024","4.92","0.05","","0.0","0.0","","81","59","16.1","23.9",""
"USW00013904","4/8/2024","6.49","0.05","","0.0","0.0","","80","57","17.0","25.1",""
"USW00013904","4/9/2024","10.51","0.51","","0.0","0.0","","85","64","28.0","38.0",""
"USW00013904","4/10/2024","12.30","0.29","","0.0","0.0","","70","58","25.9","38.9",""
"USW00013904","4/11/2024","6.71","0.00","","0.0","0.0","","82","48","17.0","25.1",""
"USW00013904","4/12/2024","8.28","0.00","","0.0","0.0","","81","47","19.9","25.1",""
"USW00013904","4/13/2024","12.30","0.00","","0.0","0.0","","81","58","21.9","32.0",""
"USW00013904","4/14/2024","9.40","0.00","","0.0","0.0","","83","62","19.9","30.0",""
"USW00013904","4/15/2024","13.87","0.01","","0.0","0.0","","84","69","36.0","48.1",""
"USW00013904","4/16/2024","6.93","0.01","","0.0","0.0","","79","70","17.0","23.9",""
"USW00013904","4/17/2024","7.83","0.00","","0.0","0.0","","83","71","19.9","27.1",""
"USW00013904","4/18/2024","8.95","0.00","","0.0","0.0","","89","71","18.1","25.1",""
"USW00013904","4/19/2024","10.07","0.00","","0.0","0.0","","76","64","19.9","25.1",""
"USW00013904","4/20/2024","12.08","0.74","","0.0","0.0","","71","54","29.1","38.9",""
"USW00013904","4/21/2024","15.88","0.01","","0.0","0.0","","70","49","23.9","33.1",""
"USW00013904","4/22/2024","6.26","0.00","","0.0","0.0","","73","45","15.0","21.0",""
"USW00013904","4/23/2024","7.83","0.00","","0.0","0.0","","74","50","17.0","23.0",""
"USW00013904","4/24/2024","9.62","0.00","","0.0","0.0","","84","69","17.0","21.9",""
"USW00013904","4/25/2024","14.76","0.00","","0.0","0.0","","82","70","25.1","33.1",""
"USW00013904","4/26/2024","15.21","0.00","","0.0","0.0","","85","73","23.9","36.9",""
"USW00013904","4/27/2024","16.78","0.00","","0.0","0.0","","84","75","28.0","36.9",""
"USW00013904","4/28/2024","6.26","0.71","","0.0","0.0","","81","64","23.0","33.1",""
"USW00013904","4/29/2024","4.25","0.00","","0.0","0.0","","89","66","14.1","19.9",""
"USW00013904","4/30/2024","8.50","0.00","","0.0","0.0","","87","67","17.0","23.9",""
"USW00013904","5/1/2024","8.05","0.25","","0.0","0.0","","80","70","16.1","23.9",""
"USW00013904","5/2/2024","7.61","0.03","","0.0","0.0","","80","69","17.0","23.0",""
"USW00013904","5/3/2024","6.93","0.07","","0.0","0.0","","76","72","21.9","31.1",""
"USW00013904","5/4/2024","6.71","0.00","","0.0","0.0","","80","69","15.0","19.9",""
"USW00013904","5/5/2024","8.50","0.62","","0.0","0.0","","81","63","25.9","48.1",""
"USW00013904","5/6/2024","10.51","0.02","","0.0","0.0","","87","74","21.0","29.1",""
"USW00013904","5/7/2024","8.05","0.00","","0.0","0.0","","90","73","16.1","23.0",""
"USW00013904","5/8/2024","7.38","0.00","","0.0","0.0","","89","75","15.0","21.0",""
"USW00013904","5/9/2024","7.83","0.00","","0.0","0.0","","92","73","25.1","35.1",""
"USW00013904","5/10/2024","13.42","0.00","","0.0","0.0","","86","69","25.1","34.0",""
"USW00013904","5/11/2024","9.84","0.00","","0.0","0.0","","83","68","16.1","28.0",""
"USW00013904","5/12/2024","7.61","0.00","","0.0","0.0","","75","68","14.1","23.0",""
"USW00013904","5/13/2024","4.03","0.16","","0.0","0.0","","80","66","16.1","36.9",""
"USW00013904","5/14/2024","4.25","0.00","","0.0","0.0","","92","57","12.1","17.0",""
"USW00013904","5/15/2024","7.83","0.00","","0.0","0.0","","94","56","21.9","28.0",""
"USW00013904","5/16/2024","9.84","0.71","","0.0","0.0","","83","65","38.0","53.0",""
"USW00013904","5/17/2024","5.59","0.00","","0.0","0.0","","86","60","17.0","25.9",""
"USW00013904","5/18/2024","6.04","0.00","","0.0","0.0","","96","66","14.1","21.0",""
"USW00013904","5/19/2024","8.72","0.00","","0.0","0.0","","92","72","17.0","23.0",""
"USW00013904","5/20/2024","8.95","0.00","","0.0","0.0","","94","65","17.0","23.0",""
"USW00013904","5/21/2024","12.30","0.00","","0.0","0.0","","95","76","21.0","27.1",""
"USW00013904","5/22/2024","11.63","0.00","","0.0","0.0","","95","76","23.0","31.1",""
"USW00013904","5/23/2024","11.86","0.00","","0.0","0.0","","93","77","25.9","36.0",""
"USW00013904","5/24/2024","10.29","0.00","","0.0","0.0","","98","77","21.9","32.0",""
"USW00013904","5/25/2024","10.74","0.00","","0.0","0.0","","99","75","23.9","34.0",""
"USW00013904","5/26/2024","8.50","0.00","","0.0","0.0","","96","78","18.1","25.9",""
"USW00013904","5/27/2024","7.16","0.00","","0.0","0.0","","98","78","17.0","25.9",""
"USW00013904","5/28/2024","11.41","0.64","","0.0","0.0","","88","72","40.9","53.0",""
"USW00013904","5/29/2024","6.93","0.06","","0.0","0.0","","92","70","38.0","55.9",""
"USW00013904","5/30/2024","10.74","0.00","","0.0","0.0","","93","75","21.9","30.0",""
"USW00013904","5/31/2024","8.05","1.35","","0.0","0.0","","90","65","44.1","59.1",""
"USW00013904","6/1/2024","5.82","0.00","","0.0","0.0","","91","70","14.1","21.0",""
"USW00013904","6/2/2024","10.96","0.00","","0.0","0.0","","94","77","21.0","28.0",""
"USW00013904","6/3/2024","13.42","0.00","","0.0","0.0","","95","80","25.1","36.9",""
"USW00013904","6/4/2024","13.87","0.00","","0.0","0.0","","98","80","23.0","30.0",""
"USW00013904","6/5/2024","7.61","0.00","","0.0","0.0","","91","71","35.1","46.1",""
"USW00013904","6/6/2024","3.36","0.00","","0.0","0.0","","97","68","14.1","18.1",""
"USW00013904","6/7/2024","6.04","0.00","","0.0","0.0","","96","68","15.0","19.9",""
"USW00013904","6/8/2024","9.62","0.00","","0.0","0.0","","95","69","19.9","25.9",""
"USW00013904","6/9/2024","6.26","0.00","","0.0","0.0","","96","68","15.0","21.0",""
"USW00013904","6/10/2024","4.25","0.02","","0.0","0.0","","95","76","16.1","21.9",""
"USW00013904","6/11/2024","5.82","0.08","","0.0","0.0","","96","72","28.0","36.0",""
"USW00013904","6/12/2024","5.14","0.00","","0.0","0.0","","92","73","15.0","19.9",""
"USW00013904","6/13/2024","2.91","0.00","","0.0","0.0","","97","71","14.1","19.0",""
"USW00013904","6/14/2024","4.03","0.00","","0.0","0.0","","97","72","15.0","19.9",""
"USW00013904","6/15/2024","6.93","0.00","","0.0","0.0","","96","71","18.1","27.1",""
"USW00013904","6/16/2024","8.50","0.00","","0.0","0.0","","97","70","19.9","25.9",""
"USW00013904","6/17/2024","12.08","0.00","","0.0","0.0","","96","76","25.9","35.1",""
"USW00013904","6/18/2024","9.40","0.00","","0.0","0.0","","96","73","23.9","31.1",""
"USW00013904","6/19/2024","12.30","1.66","","0.0","0.0","","81","73","21.9","30.0",""
"USW00013904","6/20/2024","9.62","0.63","","0.0","0.0","","91","74","21.9","32.0",""
"USW00013904","6/21/2024","6.04","0.00","","0.0","0.0","","92","72","16.1","23.0",""
"USW00013904","6/22/2024","3.58","0.00","","0.0","0.0","","94","71","13.0","19.9",""
"USW00013904","6/23/2024","3.80","0.00","","0.0","0.0","","94","70","10.1","16.1",""
"USW00013904","6/24/2024","5.37","0.00","","0.0","0.0","","96","73","13.0","18.1",""
"USW00013904","6/25/2024","8.50","0.00","","0.0","0.0","","96","77","15.0","19.0",""
"USW00013904","6/26/2024","7.61","0.00","","0.0","0.0","","96","78","16.1","21.9",""
"USW00013904","6/27/2024","6.26","0.00","","0.0","0.0","","98","77","14.1","18.1",""
"USW00013904","6/28/2024","10.29","0.00","","0.0","0.0","","97","78","23.0","28.0",""
"USW00013904","6/29/2024","11.86","0.00","","0.0","0.0","","99","80","19.9","28.0",""
"USW00013904","6/30/2024","6.49","0.00","","0.0","0.0","","97","77","16.1","21.9",""
"USW00013904","7/1/2024","5.37","0.00","","0.0","0.0","","98","74","14.1","27.1",""
"USW00013904","7/2/2024","8.95","0.00","","0.0","0.0","","100","73","16.1","23.9",""
"USW00013904","7/3/2024","8.72","0.00","","0.0","0.0","","98","73","21.0","27.1",""
"USW00013904","7/4/2024","10.07","0.00","","0.0","0.0","","99","77","18.1","23.9",""
"USW00013904","7/5/2024","7.38","0.00","","0.0","0.0","","100","75","25.9","34.0",""
"USW00013904","7/6/2024","6.49","2.43","","0.0","0.0","","99","74","25.9","46.1",""
"USW00013904","7/7/2024","7.61","0.00","","0.0","0.0","","94","74","19.9","27.1",""
"USW00013904","7/8/2024","11.86","0.00","","0.0","0.0","","93","74","21.9","33.1",""
"USW00013904","7/9/2024","4.03","0.00","","0.0","0.0","","96","72","17.0","23.0",""
"USW00013904","7/10/2024","4.70","0.00","","0.0","0.0","","97","73","15.0","19.9",""
"USW00013904","7/11/2024","4.03","0.00","","0.0","0.0","","95","69","16.1","21.0",""
"USW00013904","7/12/2024","4.47","0.15","","0.0","0.0","","87","71","25.1","33.1",""
"USW00013904","7/13/2024","3.80","0.05","","0.0","0.0","","89","72","13.0","17.0",""
"USW00013904","7/14/2024","5.59","0.00","","0.0","0.0","","92","73","15.0","21.9",""
"USW00013904","7/15/2024","8.05","0.00","","0.0","0.0","","96","71","16.1","21.9",""
"USW00013904","7/16/2024","10.07","0.00","","0.0","0.0","","97","72","17.0","25.1",""
"USW00013904","7/17/2024","4.92","0.00","","0.0","0.0","","96","72","14.1","18.1",""
"USW00013904","7/18/2024","5.14","0.40","","0.0","0.0","","95","73","23.0","30.0",""
"USW00013904","7/19/2024","6.04","0.35","","0.0","0.0","","93","74","19.9","25.1",""
"USW00013904","7/20/2024","3.80","0.00","","0.0","0.0","","95","73","13.0","17.0",""
"USW00013904","7/21/2024","3.58","0.04","","0.0","0.0","","96","73","21.9","29.1",""
"USW00013904","7/22/2024","5.37","1.34","","0.0","0.0","","91","74","25.1","30.0",""
"USW00013904","7/23/2024","4.70","0.42","","0.0","0.0","","82","72","17.0","21.9",""
"USW00013904","7/24/2024","5.37","0.00","","0.0","0.0","","89","73","14.1","27.1",""
"USW00013904","7/25/2024","4.25","0.00","","0.0","0.0","","88","72","15.0","23.9",""
"USW00013904","7/26/2024","3.80","0.00","","0.0","0.0","","89","70","19.9","25.1",""
"USW00013904","7/27/2024","6.49","0.01","","0.0","0.0","","86","71","15.0","19.0",""
"USW00013904","7/28/2024","8.05","0.07","","0.0","0.0","","87","74","25.9","38.0",""
"USW00013904","7/29/2024","11.41","0.00","","0.0","0.0","","95","78","21.0","29.1",""
"USW00013904","7/30/2024","11.41","0.00","","0.0","0.0","","94","77","19.9","29.1",""
"USW00013904","7/31/2024","11.41","0.00","","0.0","0.0","","95","74","21.0","29.1",""
"USW00013904","8/1/2024","7.38","0.00","","0.0","0.0","","96","73","15.0","21.9",""
"USW00013904","8/2/2024","5.37","0.00","","0.0","0.0","","97","75","12.1","15.0",""
"USW00013904","8/3/2024","4.92","0.00","","0.0","0.0","","99","71","10.1","16.1",""
"USW00013904","8/4/2024","4.03","0.00","","0.0","0.0","","96","76","31.1","38.9",""
"USW00013904","8/5/2024","2.91","0.00","","0.0","0.0","","98","72","10.1","19.0",""
"USW00013904","8/6/2024","3.36","0.00","","0.0","0.0","","98","73","13.0","18.1",""
"USW00013904","8/7/2024","5.37","0.00","","0.0","0.0","","102","75","13.0","17.0",""
"USW00013904","8/8/2024","3.80","0.00","","0.0","0.0","","99","71","13.0","17.0",""
"USW00013904","8/9/2024","3.13","0.32","","0.0","0.0","","99","73","21.9","34.0",""
"USW00013904","8/10/2024","4.70","0.02","","0.0","0.0","","97","75","19.9","23.0",""
"USW00013904","8/11/2024","6.26","0.00","","0.0","0.0","","97","75","17.0","23.0",""
"USW00013904","8/12/2024","7.38","0.00","","0.0","0.0","","99","73","16.1","25.1",""
"USW00013904","8/13/2024","8.50","0.00","","0.0","0.0","","98","74","18.1","23.0",""
"USW00013904","8/14/2024","7.38","0.00","","0.0","0.0","","98","74","17.0","23.0",""
"USW00013904","8/15/2024","8.05","0.00","","0.0","0.0","","99","75","15.0","21.0",""
"USW00013904","8/16/2024","7.16","0.00","","0.0","0.0","","99","77","15.0","23.0",""
"USW00013904","8/17/2024","6.26","0.00","","0.0","0.0","","101","75","13.0","18.1",""
"USW00013904","8/18/2024","4.47","0.00","","0.0","0.0","","101","76","14.1","18.1",""
"USW00013904","8/19/2024","4.03","0.00","","0.0","0.0","","103","72","10.1","16.1",""
"USW00013904","8/20/2024","5.59","0.00","","0.0","0.0","","105","73","12.1","17.0",""
"USW00013904","8/21/2024","2.91","0.00","","0.0","0.0","","108","74","14.1","19.0",""
"USW00013904","8/22/2024","9.17","0.00","","0.0","0.0","","105","75","19.9","28.0",""
"USW00013904","8/23/2024","6.71","0.29","","0.0","0.0","","100","75","21.9","36.0",""
"USW00013904","8/24/2024","5.82","0.00","","0.0","0.0","","97","75","16.1","21.9",""
"USW00013904","8/25/2024","4.03","0.00","","0.0","0.0","","97","72","14.1","21.9",""
"USW00013904","8/26/2024","4.70","0.00","","0.0","0.0","","91","71","21.9","35.1",""
"USW00013904","8/27/2024","4.47","0.60","","0.0","0.0","","92","72","25.9","35.1",""
"USW00013904","8/28/2024","4.70","0.03","","0.0","0.0","","95","73","29.1","36.9",""
"USW00013904","8/29/2024","4.47","0.00","","0.0","0.0","","94","71","15.0","21.0",""
"USW00013904","8/30/2024","5.37","0.00","","0.0","0.0","","93","73","16.1","25.9",""
"USW00013904","8/31/2024","7.38","0.00","","0.0","0.0","","94","72","18.1","29.1",""
"USW00013904","9/1/2024","9.40","0.00","","0.0","0.0","","95","73","21.0","33.1",""
"USW00013904","9/2/2024","10.29","0.01","","0.0","0.0","","94","78","18.1","31.1",""
"USW00013904","9/3/2024","9.62","0.07","","0.0","0.0","","90","75","21.0","30.0",""
"USW00013904","9/4/2024","11.86","0.00","","0.0","0.0","","90","74","21.0","29.1",""
"USW00013904","9/5/2024","13.42","0.00","","0.0","0.0","","89","75","21.9","28.0",""
"USW00013904","9/6/2024","15.21","0.00","","0.0","0.0","","93","75","28.0","34.0",""
"USW00013904","9/7/2024","16.11","0.00","","0.0","0.0","","92","66","32.0","47.0",""
"USW00013904","9/8/2024","11.41","0.00","","0.0","0.0","","88","57","25.1","38.9",""
"USW00013904","9/9/2024","9.17","0.00","","0.0","0.0","","90","53","17.0","30.0",""
"USW00013904","9/10/2024","9.40","0.00","","0.0","0.0","","93","64","17.0","27.1",""
"USW00013904","9/11/2024","10.07","0.00","","0.0","0.0","","92","74","18.1","25.9",""
"USW00013904","9/12/2024","6.04","0.00","","0.0","0.0","","96","70","15.0","23.9",""
"USW00013904","9/13/2024","5.14","0.00","","0.0","0.0","","98","66","15.0","23.0",""
"USW00013904","9/14/2024","7.83","0.00","","0.0","0.0","","98","74","16.1","21.0",""
"USW00013904","9/15/2024","5.14","0.00","","0.0","0.0","","99","73","16.1","23.9",""
"USW00013904","9/16/2024","3.80","0.00","","0.0","0.0","","98","69","12.1","21.9",""
"USW00013904","9/17/2024","2.68","0.00","","0.0","0.0","","97","70","12.1","16.1",""
"USW00013904","9/18/2024","7.38","0.00","","0.0","0.0","","99","72","16.1","23.0",""
"USW00013904","9/19/2024","5.82","0.00","","0.0","0.0","","99","76","13.0","17.0",""
"USW00013904","9/20/2024","5.82","0.00","","0.0","0.0","","100","75","13.0","17.0",""
"USW00013904","9/21/2024","8.05","0.00","","0.0","0.0","","97","72","17.0","25.9",""
"USW00013904","9/22/2024","6.04","0.00","","0.0","0.0","","97","70","18.1","29.1",""
"USW00013904","9/23/2024","5.82","0.00","","0.0","0.0","","95","73","18.1","21.9",""
"USW00013904","9/24/2024","4.92","0.00","","0.0","0.0","","95","71","21.9","28.0",""
"USW00013904","9/25/2024","10.96","0.00","","0.0","0.0","","98","71","25.9","35.1",""
"USW00013904","9/26/2024","9.40","0.00","","0.0","0.0","","89","63","19.9","31.1",""
"USW00013904","9/27/2024","4.92","0.00","","0.0","0.0","","94","56","18.1","28.0",""
"USW00013904","9/28/2024","5.14","0.00","","0.0","0.0","","95","57","16.1","28.0",""
"USW00013904","9/29/2024","4.25","0.00","","0.0","0.0","","95","57","17.0","23.0",""
"USW00013904","9/30/2024","3.13","0.00","","0.0","0.0","","97","59","10.1","17.0",""
"USW00013904","10/1/2024","5.82","0.00","","0.0","0.0","","97","61","18.1","32.0",""
"USW00013904","10/2/2024","4.70","0.00","","0.0","0.0","","94","63","13.0","23.9",""
"USW00013904","10/3/2024","3.36","0.00","","0.0","0.0","","95","62","14.1","23.0",""
"USW00013904","10/4/2024","6.71","0.00","","0.0","0.0","","95","60","21.0","31.1",""
"USW00013904","10/5/2024","4.70","0.00","","0.0","0.0","","94","65","15.0","25.1",""
"USW00013904","10/6/2024","5.59","0.00","","0.0","0.0","","95","64","18.1","28.0",""
"USW00013904","10/7/2024","5.14","0.00","","0.0","0.0","","95","62","19.9","28.0",""
"USW00013904","10/8/2024","6.04","0.00","","0.0","0.0","","94","62","19.9","30.0",""
"USW00013904","10/9/2024","1.57","0.00","","0.0","0.0","","93","55","10.1","17.0",""
"USW00013904","10/10/2024","2.68","0.00","","0.0","0.0","","96","57","10.1","19.0",""
"USW00013904","10/11/2024","4.70","0.00","","0.0","0.0","","93","55","13.0","18.1",""
"USW00013904","10/12/2024","7.83","0.00","","0.0","0.0","","95","58","17.0","23.9",""
"USW00013904","10/13/2024","8.95","0.00","","0.0","0.0","","99","65","16.1","25.1",""
"USW00013904","10/14/2024","4.70","0.00","","0.0","0.0","","98","57","14.1","21.0",""
"USW00013904","10/15/2024","2.91","0.00","","0.0","0.0","","98","56","14.1","19.9",""
"USW00013904","10/16/2024","12.08","0.00","","0.0","0.0","","74","50","23.0","38.0",""
"USW00013904","10/17/2024","5.37","0.00","","0.0","0.0","","76","45","14.1","18.1",""
"USW00013904","10/18/2024","7.83","0.00","","0.0","0.0","","84","49","18.1","25.1",""
"USW00013904","10/19/2024","5.37","0.00","","0.0","0.0","","87","59","16.1","29.1",""
"USW00013904","10/20/2024","3.13","0.00","","0.0","0.0","","86","54","15.0","18.1",""
"USW00013904","10/21/2024","4.92","0.00","","0.0","0.0","","87","49","15.0","21.9",""
"USW00013904","10/22/2024","4.47","0.00","","0.0","0.0","","89","60","14.1","21.0",""
"USW00013904","10/23/2024","4.47","0.00","","0.0","0.0","","90","58","14.1","19.9",""
"USW00013904","10/24/2024","7.83","0.00","","0.0","0.0","","90","61","17.0","23.9",""
"USW00013904","10/25/2024","7.38","0.00","","0.0","0.0","","90","66","18.1","23.9",""
"USW00013904","10/26/2024","2.24","0.00","","0.0","0.0","","92","59","12.1","16.1",""
"USW00013904","10/27/2024","5.82","0.00","","0.0","0.0","","92","59","15.0","21.0",""
"USW00013904","10/28/2024","10.51","0.00","","0.0","0.0","","91","64","23.0","30.0",""
"USW00013904","10/29/2024","15.66","0.00","","0.0","0.0","","90","71","28.0","35.1",""
"USW00013904","10/30/2024","13.87","0.00","","0.0","0.0","","92","72","23.0","32.0",""
"USW00013904","10/31/2024","9.62","0.00","","0.0","0.0","","86","71","23.0","28.0",""
"USW00013904","11/1/2024","6.71","0.00","","0.0","0.0","","78","69","13.0","18.1",""
"USW00013904","11/2/2024","9.84","0.00","","0.0","0.0","","83","72","21.9","31.1",""
"USW00013904","11/3/2024","15.21","0.00","","0.0","0.0","","89","73","25.1","36.9",""
"USW00013904","11/4/2024","14.54","1.12","","0.0","0.0","","88","62","25.1","36.0",""
"USW00013904","11/5/2024","4.92","0.25","","0.0","0.0","","74","49","15.0","21.0",""
"USW00013904","11/6/2024","3.80","0.00","","0.0","0.0","","81","43","13.0","19.0",""
"USW00013904","11/7/2024","8.05","0.00","","0.0","0.0","","89","69","16.1","21.0",""
"USW00013904","11/8/2024","8.72","0.00","","0.0","0.0","","89","65","18.1","34.0",""
"USW00013904","11/9/2024","7.61","0.00","","0.0","0.0","","80","56","17.0","23.9",""
"USW00013904","11/10/2024","2.01","0.00","","0.0","0.0","","87","56","10.1","15.0",""
"USW00013904","11/11/2024","2.91","0.00","","0.0","0.0","","85","54","8.9","16.1",""
"USW00013904","11/12/2024","2.68","0.00","","0.0","0.0","","83","52","12.1","15.0",""
"USW00013904","11/13/2024","6.26","0.00","","0.0","0.0","","88","55","16.1","23.9",""
"USW00013904","11/14/2024","5.14","0.00","","0.0","0.0","","77","43","16.1","23.9",""
"USW00013904","11/15/2024","2.91","0.00","","0.0","0.0","","77","37","12.1","16.1",""
"USW00013904","11/16/2024","7.38","0.00","","0.0","0.0","","83","48","21.9","33.1",""
"USW00013904","11/17/2024","10.51","0.00","","0.0","0.0","","86","59","23.0","32.0",""
"USW00013904","11/18/2024","8.95","0.14","","0.0","0.0","","80","47","21.9","32.0",""
"USW00013904","11/19/2024","4.70","0.00","","0.0","0.0","","85","43","12.1","16.1",""
"USW00013904","11/20/2024","10.74","0.00","","0.0","0.0","","69","37","23.0","31.1",""
"USW00013904","11/21/2024","1.79","0.00","","0.0","0.0","","73","33","6.9","13.0",""
"USW00013904","11/22/2024","1.12","0.00","","0.0","0.0","","78","36","6.9","11.0",""
"USW00013904","11/23/2024","5.82","0.00","","0.0","0.0","","79","36","18.1","25.9",""
"USW00013904","11/24/2024","8.95","0.00","","0.0","0.0","","83","47","23.0","32.0",""
"USW00013904","11/25/2024","11.63","0.00","","0.0","0.0","","86","49","25.9","34.0",""
"USW00013904","11/26/2024","6.93","0.00","","0.0","0.0","","66","40","15.0","21.9",""
"USW00013904","11/27/2024","9.62","0.00","","0.0","0.0","","81","47","25.1","36.9",""
"USW00013904","11/28/2024","16.11","0.00","","0.0","0.0","","62","42","25.1","33.1",""
"USW00013904","11/29/2024","10.07","0.00","","0.0","0.0","","60","37","19.9","25.9",""
"USW00013904","11/30/2024","2.46","0.00","","0.0","0.0","","66","40","10.1","16.1",""
"USW00013904","12/1/2024","2.68","0.00","","0.0","0.0","","71","43","8.9","16.1",""
"USW00013904","12/2/2024","4.25","0.00","","0.0","0.0","","69","37","14.1","23.9",""
"USW00013904","12/3/2024","4.92","0.02","","0.0","0.0","","65","40","10.1","19.9",""
"USW00013904","12/4/2024","5.82","0.53","","0.0","0.0","","59","53","10.1","14.1",""
"USW00013904","12/5/2024","12.75","0.00","","0.0","0.0","","61","50","21.0","29.1",""
"USW00013904","12/6/2024","11.63","0.01","","0.0","0.0","","53","43","18.1","25.1",""
"USW00013904","12/7/2024","7.38","0.42","","0.0","0.0","","48","42","15.0","19.9",""
"USW00013904","12/8/2024","4.92","0.01","","0.0","0.0","","61","45","15.0","19.9",""
"USW00013904","12/9/2024","6.71","0.00","","0.0","0.0","","85","48","17.0","21.9",""
"USW00013904","12/10/2024","13.87","0.00","","0.0","0.0","","62","42","28.0","36.9",""
"USW00013904","12/11/2024","4.70","0.00","","0.0","0.0","","64","33","13.0","19.9",""
"USW00013904","12/12/2024","7.38","0.00","","0.0","0.0","","67","26","19.9","28.0",""
"USW00013904","12/13/2024","6.04","0.16","","0.0","0.0","","67","56","13.0","16.1",""
"USW00013904","12/14/2024","6.04","0.11","","0.0","0.0","","80","67","13.0","19.0",""
"USW00013904","12/15/2024","9.40","0.10","","0.0","0.0","","81","68","19.9","30.0",""
"USW00013904","12/16/2024","7.83","0.00","","0.0","0.0","","81","62","17.0","25.1",""
"USW00013904","12/17/2024","6.71","0.00","","0.0","0.0","","80","63","16.1","23.0",""
"USW00013904","12/18/2024","9.84","0.04","","0.0","0.0","","71","45","31.1","42.9",""
"USW00013904","12/19/2024","4.03","0.00","","0.0","0.0","","69","37","12.1","15.0",""
"USW00013904","12/20/2024","6.93","0.00","","0.0","0.0","","68","36","18.1","28.0",""
"USW00013904","12/21/2024","2.24","0.00","","0.0","0.0","","63","28","10.1","17.0",""
"USW00013904","12/22/2024","7.61","0.00","","0.0","0.0","","71","38","19.9","27.1",""
"USW00013904","12/23/2024","10.74","0.00","","0.0","0.0","","78","55","23.0","33.1",""
"USW00013904","12/24/2024","8.95","0.01","","0.0","0.0","","78","61","23.9","31.1",""
"USW00013904","12/25/2024","7.83","0.02","","0.0","0.0","","61","55","17.0","19.9",""
"USW00013904","12/26/2024","4.70","0.33","","0.0","0.0","","79","48","15.0","21.9",""
"USW00013904","12/27/2024","5.37","0.00","","0.0","0.0","","82","39","15.0","21.9",""
"USW00013904","12/28/2024","9.17","0.25","","0.0","0.0","","83","48","19.9","32.0",""
"USW00013904","12/29/2024","3.36","0.00","","0.0","0.0","","77","43","13.0","17.0",""
"USW00013904","12/30/2024","6.71","0.00","","0.0","0.0","","86","42","17.0","23.9",""
"USW00013904","12/31/2024","11.41","0.00","","0.0","0.0","","69","42","21.9","31.1",""
"USW00013904","1/1/2025","9.40","0.00","","0.0","0.0","","60","38","17.0","23.9",""
"USW00013904","1/2/2025","3.36","0.00","","0.0","0.0","","63","35","10.1","14.1",""
"USW00013904","1/3/2025","3.80","0.00","","0.0","0.0","","68","55","13.0","18.1",""
"USW00013904","1/4/2025","9.84","0.00","","0.0","0.0","","73","59","21.9","30.0",""
"USW00013904","1/5/2025","14.32","0.00","","0.0","0.0","","77","36","31.1","45.0",""
"USW00013904","1/6/2025","14.99","0.00","","0.0","0.0","","47","27","28.0","40.9",""
"USW00013904","1/7/2025","10.74","0.00","","0.0","0.0","","48","24","18.1","25.9",""
"USW00013904","1/8/2025","12.08","0.00","","0.0","0.0","","42","35","21.0","27.1",""
"USW00013904","1/9/2025","9.62","0.93","","0.0","0.0","","41","36","23.9","30.0",""
"USW00013904","1/10/2025","11.18","0.00","","0.0","0.0","","45","33","25.1","35.1",""
"USW00013904","1/11/2025","6.93","0.00","","0.0","0.0","","59","23","21.0","29.1",""
"USW00013904","1/12/2025","6.49","0.00","","0.0","0.0","","64","25","18.1","23.9",""
"USW00013904","1/13/2025","10.96","0.00","","0.0","0.0","","58","31","19.9","25.1",""
"USW00013904","1/14/2025","2.68","0.00","","0.0","0.0","","55","28","8.9","13.0",""
"USW00013904","1/15/2025","6.93","0.00","","0.0","0.0","","63","35","16.1","23.0",""
"USW00013904","1/16/2025","2.68","0.00","","0.0","0.0","","66","30","10.1","15.0",""
"USW00013904","1/17/2025","7.16","0.00","","0.0","0.0","","61","43","25.1","38.9",""
"USW00013904","1/18/2025","11.41","0.00","","0.0","0.0","","62","39","25.1","33.1",""
"USW00013904","1/19/2025","15.21","0.00","","0.0","0.0","","43","27","29.1","38.0",""
"USW00013904","1/20/2025","12.30","0.00","","0.0","0.0","","34","21","21.9","29.1",""
"USW00013904","1/21/2025","12.30","0.05","","0.3","0.0","","38","16","28.0","36.9",""
"USW00013904","1/22/2025","8.95","0.00","","0.0","0.0","","51","16","21.9","31.1",""
"USW00013904","1/23/2025","7.61","0.00","","0.0","0.0","","56","23","21.0","28.0",""
"USW00013904","1/24/2025","6.26","0.00","","0.0","0.0","","59","20","16.1","25.1",""
"USW00013904","1/25/2025","3.13","0.02","","0.0","0.0","","59","22","12.1","16.1",""
"USW00013904","1/26/2025","9.40","0.14","","0.0","0.0","","55","49","16.1","19.9",""
"USW00013904","1/27/2025","10.29","0.04","","0.0","0.0","","53","45","21.0","25.9",""
"USW00013904","1/28/2025","5.37","0.01","","0.0","0.0","","53","47","10.1","14.1",""
"USW00013904","1/29/2025","6.93","0.04","","0.0","0.0","","71","52","19.9","30.0",""
"USW00013904","1/30/2025","8.72","0.69","","0.0","0.0","","70","50","21.9","31.1",""
"USW00013904","1/31/2025","7.16","0.00","","0.0","0.0","","73","38","18.1","30.0",""
"USW00013904","2/1/2025","5.59","0.00","","0.0","0.0","","76","30","15.0","19.9",""
"USW00013904","2/2/2025","7.61","0.00","","0.0","0.0","","81","34","19.9","29.1",""
"USW00013904","2/3/2025","10.07","0.00","","0.0","0.0","","84","57","19.9","25.9",""
"USW00013904","2/4/2025","8.50","0.00","","0.0","0.0","","83","63","17.0","23.0",""
"USW00013904","2/5/2025","8.28","0.00","","0.0","0.0","","78","65","17.0","27.1",""
"USW00013904","2/6/2025","9.40","0.00","","0.0","0.0","","83","62","17.0","23.0",""
"USW00013904","2/7/2025","11.41","0.00","","0.0","0.0","","81","68","19.9","28.0",""
"USW00013904","2/8/2025","12.30","0.00","","0.0","0.0","","88","67","21.9","31.1",""
"USW00013904","2/9/2025","12.53","0.00","","0.0","0.0","","70","51","21.0","27.1",""
"USW00013904","2/10/2025","10.96","0.00","","0.0","0.0","","51","47","17.0","21.9",""
"USW00013904","2/11/2025","8.50","3.30","","0.0","0.0","","53","46","17.0","23.0",""
"USW00013904","2/12/2025","12.53","0.22","","0.0","0.0","","55","40","25.9","34.0",""
"USW00013904","2/13/2025","18.12","0.00","","0.0","0.0","","47","33","25.9","34.0",""
"USW00013904","2/14/2025","4.70","0.03","","0.0","0.0","","47","34","14.1","18.1",""
"USW00013904","2/15/2025","6.49","0.03","","0.0","0.0","","73","47","25.1","32.0",""
"USW00013904","2/16/2025","13.42","0.00","","0.0","0.0","","56","36","28.0","36.0",""
"USW00013904","2/17/2025","7.83","0.00","","0.0","0.0","","63","27","17.0","25.1",""
"USW00013904","2/18/2025","11.18","0.08","","0.0","0.0","","62","30","30.0","38.0",""
"USW00013904","2/19/2025","19.69","0.00","","0.0","0.0","","30","21","28.0","40.9",""
"USW00013904","2/20/2025","15.21","0.00","","0.0","0.0","","36","19","21.9","31.1",""
"USW00013904","2/21/2025","11.41","0.00","","0.0","0.0","","38","31","16.1","23.0",""
"USW00013904","2/22/2025","9.84","0.05","","0.0","0.0","","42","30","15.0","19.9",""
"USW00013904","2/23/2025","3.80","0.01","","0.0","0.0","","65","41","10.1","17.0",""
"USW00013904","2/24/2025","5.82","0.00","","0.0","0.0","","76","35","17.0","23.9",""
"USW00013904","2/25/2025","7.83","0.00","","0.0","0.0","","77","38","18.1","25.1",""
"USW00013904","2/26/2025","11.41","0.00","","0.0","0.0","","82","57","19.9","28.0",""
"USW00013904","2/27/2025","10.74","0.00","","0.0","0.0","","69","49","30.0","36.0",""
"USW00013904","2/28/2025","2.01","0.00","","0.0","0.0","","77","39","10.1","14.1",""
"USW00013904","3/1/2025","3.80","0.00","","0.0","0.0","","84","42","10.1","17.0",""
"USW00013904","3/2/2025","12.53","0.00","","0.0","0.0","","81","51","28.0","38.0",""
"USW00013904","3/3/2025","13.87","0.00","","0.0","0.0","","79","67","23.9","33.1",""
"USW00013904","3/4/2025","14.32","0.22","","0.0","0.0","","76","54","32.0","52.1",""
"USW00013904","3/5/2025","9.40","0.00","","0.0","0.0","","72","42","23.0","33.1",""
"USW00013904","3/6/2025","10.07","0.00","","0.0","0.0","","75","35","25.9","36.0",""
"USW00013904","3/7/2025","8.05","0.00","","0.0","0.0","","82","59","17.0","25.1",""
"USW00013904","3/8/2025","12.08","0.00","","0.0","0.0","","81","48","29.1","40.0",""
"USW00013904","3/9/2025","11.86","0.00","","0.0","0.0","","65","42","21.9","32.0",""
"USW00013904","3/10/2025","6.49","0.00","","0.0","0.0","","78","33","16.1","32.0",""
"USW00013904","3/11/2025","9.62","0.00","","0.0","0.0","","83","34","21.9","31.1",""
"USW00013904","3/12/2025","10.51","0.00","","0.0","0.0","","89","55","21.9","34.0",""
"USW00013904","3/13/2025","7.38","0.00","","0.0","0.0","","92","45","17.0","25.1",""
"USW00013904","3/14/2025","10.96","0.00","","0.0","0.0","","97","66","21.0","30.0",""
"USW00013904","3/15/2025","12.97","0.03","","0.0","0.0","","77","59","25.1","42.1",""
"USW00013904","3/16/2025","4.25","0.00","","0.0","0.0","","81","35","18.1","30.0",""
"USW00013904","3/17/2025","10.29","0.00","","0.0","0.0","","85","34","23.9","34.0",""
"USW00013904","3/18/2025","16.55","0.00","","0.0","0.0","","85","52","31.1","42.9",""
"USW00013904","3/19/2025","14.09","0.00","","0.0","0.0","","79","52","32.0","42.9",""
"USW00013904","3/20/2025","8.72","0.00","","0.0","0.0","","71","39","19.9","29.1",""
"USW00013904","3/21/2025","9.17","0.00","","0.0","0.0","","79","32","25.1","36.9",""
"USW00013904","3/22/2025","11.41","0.00","","0.0","0.0","","85","47","23.0","32.0",""
"USW00013904","3/23/2025","10.96","0.75","","0.0","0.0","","88","60","40.0","61.1",""
"USW00013904","3/24/2025","5.37","0.00","","0.0","0.0","","84","58","15.0","23.0",""
"USW00013904","3/25/2025","5.59","0.00","","0.0","0.0","","89","56","15.0","23.0",""
"USW00013904","3/26/2025","7.83","0.08","","0.0","0.0","","81","62","21.0","27.1",""
"USW00013904","3/27/2025","6.71","0.33","","0.0","0.0","","68","63","15.0","21.0",""
"USW00013904","3/28/2025","5.37","0.05","","0.0","0.0","","73","62","13.0","16.1",""
"USW00013904","3/29/2025","8.95","0.00","","0.0","0.0","","87","65","19.9","28.0",""
"USW00013904","3/30/2025","5.82","0.00","","0.0","0.0","","78","64","17.0","23.0",""
"USW00013904","3/31/2025","10.07","0.00","","0.0","0.0","","78","59","19.9","28.0",""
"USW00013904","4/1/2025","10.51","0.00","","0.0","0.0","","84","58","25.1","36.9",""
"USW00013904","4/2/2025","10.51","0.00","","0.0","0.0","","86","72","21.0","29.1",""
"USW00013904","4/3/2025","10.29","0.00","","0.0","0.0","","91","69","21.9","28.0",""
"USW00013904","4/4/2025","11.41","0.00","","0.0","0.0","","89","61","21.0","28.0",""
"USW00013904","4/5/2025","14.99","0.14","","0.0","0.0","","64","50","25.9","38.9",""
"USW00013904","4/6/2025","14.99","0.00","","0.0","0.0","","60","43","25.1","36.0",""
"USW00013904","4/7/2025","7.61","0.00","","0.0","0.0","","72","39","21.0","30.0",""
"USW00013904","4/8/2025","2.68","0.00","","0.0","0.0","","78","36","14.1","19.0",""
"USW00013904","4/9/2025","11.86","0.00","","0.0","0.0","","85","46","23.0","30.0",""
"USW00013904","4/10/2025","6.26","0.00","","0.0","0.0","","89","46","17.0","23.9",""
"USW00013904","4/11/2025","5.14","0.00","","0.0","0.0","","89","52","15.0","29.1",""
"USW00013904","4/12/2025","8.50","0.00","","0.0","0.0","","89","52","21.0","28.0",""
"USW00013904","4/13/2025","15.88","0.00","","0.0","0.0","","91","61","28.0","36.9",""
"USW00013904","4/14/2025","11.41","0.00","","0.0","0.0","","91","63","19.9","29.1",""
"USW00013904","4/15/2025","8.72","0.00","","0.0","0.0","","83","62","23.9","30.0",""
"USW00013904","4/16/2025","11.86","0.00","","0.0","0.0","","85","58","23.0","30.0",""
"USW00013904","4/17/2025","17.90","0.00","","0.0","0.0","","89","67","33.1","48.1",""
"USW00013904","4/18/2025","17.67","0.00","","0.0","0.0","","91","68","29.1","42.9",""
"USW00013904","4/19/2025","15.21","0.00","","0.0","0.0","","85","69","32.0","42.1",""
"USW00013904","4/20/2025","6.71","0.26","","0.0","0.0","","87","56","25.1","38.9",""
"USW00013904","4/21/2025","5.59","0.00","","0.0","0.0","","89","50","16.1","23.9",""
"USW00013904","4/22/2025","6.49","0.00","","0.0","0.0","","88","60","19.9","25.9",""
"USW00013904","4/23/2025","8.28","0.50","","0.0","0.0","","86","66","32.0","45.0",""
"USW00013904","4/24/2025","8.28","0.02","","0.0","0.0","","87","65","23.9","33.1",""
"USW00013904","4/25/2025","6.49","0.76","","0.0","0.0","","87","66","18.1","30.0",""
"USW00013904","4/26/2025","8.95","0.00","","0.0","0.0","","85","66","21.0","29.1",""
"USW00013904","4/27/2025","11.18","0.00","","0.0","0.0","","85","68","19.9","27.1",""
"USW00013904","4/28/2025","13.42","0.00","","0.0","0.0","","86","72","23.9","36.9",""
"USW00013904","4/29/2025","15.43","0.00","","0.0","0.0","","87","72","25.1","36.0",""
"USW00013904","4/30/2025","16.11","0.00","","0.0","0.0","","88","71","29.1","40.0",""
"USW00013904","5/1/2025","10.07","0.00","","0.0","0.0","","92","64","23.0","31.1",""
"USW00013904","5/2/2025","8.95","0.03","","0.0","0.0","","88","62","32.0","44.1",""
"USW00013904","5/3/2025","10.51","0.00","","0.0","0.0","","81","52","21.9","38.9",""
"USW00013904","5/4/2025","6.49","0.00","","0.0","0.0","","85","51","18.1","29.1",""
"USW00013904","5/5/2025","9.40","2.17","","0.0","0.0","","76","56","23.0","30.0",""
"USW00013904","5/6/2025","9.84","0.18","","0.0","0.0","","89","64","23.9","30.0",""
"USW00013904","5/7/2025","8.05","0.00","","0.0","0.0","","82","61","16.1","25.9",""
"USW00013904","5/8/2025","8.50","0.01","","0.0","0.0","","85","60","21.9","28.0",""
"USW00013904","5/9/2025","11.63","0.00","","0.0","0.0","","83","63","23.0","28.0",""
"USW00013904","5/10/2025","7.83","0.02","","0.0","0.0","","81","63","23.9","32.0",""
"USW00013904","5/11/2025","8.05","0.00","","0.0","0.0","","84","56","21.0","32.0",""
"USW00013904","5/12/2025","3.36","0.00","","0.0","0.0","","93","51","10.1","17.0",""
"USW00013904","5/13/2025","12.53","0.00","","0.0","0.0","","100","56","23.9","33.1",""
"USW00013904","5/14/2025","11.86","0.00","","0.0","0.0","","100","71","19.9","28.0",""
"USW00013904","5/15/2025","8.95","0.00","","0.0","0.0","","99","71","18.1","23.9",""
"USW00013904","5/16/2025","12.08","0.00","","0.0","0.0","","97","77","18.1","27.1",""
"USW00013904","5/17/2025","11.86","0.00","","0.0","0.0","","97","79","23.0","32.0",""
"USW00013904","5/18/2025","13.65","0.00","","0.0","0.0","","92","77","25.1","35.1",""
"USW00013904","5/19/2025","14.09","0.00","","0.0","0.0","","88","78","25.1","36.0",""
"USW00013904","5/20/2025","9.17","0.00","","0.0","0.0","","97","74","17.0","25.1",""
"USW00013904","5/21/2025","7.83","0.00","","0.0","0.0","","94","65","16.1","23.9",""
"USW00013904","5/22/2025","8.28","0.00","","0.0","0.0","","98","75","23.0","31.1",""
"USW00013904","5/23/2025","8.72","0.18","","0.0","0.0","","96","68","19.9","33.1",""
"USW00013904","5/24/2025","14.32","0.00","","0.0","0.0","","98","77","23.0","32.0",""
"USW00013904","5/25/2025","12.97","0.00","","0.0","0.0","","97","76","23.9","40.0",""
"USW00013904","5/26/2025","13.65","1.94","","0.0","0.0","","90","67","32.0","40.9",""
"USW00013904","5/27/2025","6.93","0.02","","0.0","0.0","","92","65","29.1","36.0",""
"USW00013904","5/28/2025","7.16","0.29","","0.0","0.0","","88","68","53.0","77.0",""
"USW00013904","5/29/2025","4.25","0.00","","0.0","0.0","","91","66","13.0","17.0",""
"USW00013904","5/30/2025","6.93","0.64","","0.0","0.0","","84","69","23.9","36.0",""
"USW00013904","5/31/2025","3.36","0.00","","0.0","0.0","","87","68","8.9","17.0",""
"USW00013904","6/1/2025","6.93","0.00","","0.0","0.0","","95","69","18.1","25.9",""
"USW00013904","6/2/2025","9.62","0.00","","0.0","0.0","","93","73","18.1","25.9",""
"USW00013904","6/3/2025","12.08","0.00","","0.0","0.0","","93","78","21.0","29.1",""
"USW00013904","6/4/2025","7.38","0.18","","0.0","0.0","","92","74","18.1","25.9",""
"USW00013904","6/5/2025","7.61","0.00","","0.0","0.0","","95","72","15.0","19.9",""
"USW00013904","6/6/2025","11.41","0.00","","0.0","0.0","","96","77","18.1","25.9",""
"USW00013904","6/7/2025","11.18","0.00","","0.0","0.0","","96","78","18.1","27.1",""
"USW00013904","6/8/2025","10.07","0.00","","0.0","0.0","","96","75","19.9","25.9",""
"USW00013904","6/9/2025","9.40","0.00","","0.0","0.0","","99","69","36.9","49.0",""
"USW00013904","6/10/2025","7.83","0.00","","0.0","0.0","","92","74","23.0","36.9",""
"USW00013904","6/11/2025","6.26","0.05","","0.0","0.0","","89","70","19.9","29.1",""
"USW00013904","6/12/2025","5.14","0.39","","0.0","0.0","","80","68","14.1","18.1",""
"USW00013904","6/13/2025","6.49","0.00","","0.0","0.0","","95","65","25.1","40.9",""
"USW00013904","6/14/2025","8.95","0.00","","0.0","0.0","","95","72","32.0","42.1",""
"USW00013904","6/15/2025","7.83","0.92","","0.0","0.0","","97","70","38.9","51.0",""
"USW00013904","6/16/2025","8.28","0.00","","0.0","0.0","","93","70","16.1","23.0",""
"USW00013904","6/17/2025","12.30","0.00","","0.0","0.0","","94","70","23.9","34.0",""
"USW00013904","6/18/2025","14.32","0.00","","0.0","0.0","","94","78","25.9","36.0",""
"USW00013904","6/19/2025","10.29","0.00","","0.0","0.0","","96","77","16.1","23.9",""
"USW00013904","6/20/2025","10.29","0.00","","0.0","0.0","","95","76","21.0","28.0",""
"USW00013904","6/21/2025","14.09","0.00","","0.0","0.0","","95","76","23.9","35.1",""
"USW00013904","6/22/2025","11.86","0.00","","0.0","0.0","","96","74","23.0","31.1",""
"USW00013904","6/23/2025","10.51","0.00","","0.0","0.0","","97","76","21.0","27.1",""
"USW00013904","6/24/2025","4.70","0.57","","0.0","0.0","","95","70","33.1","46.1",""
"USW00013904","6/25/2025","5.82","0.01","","0.0","0.0","","94","71","28.0","36.9",""
"USW00013904","6/26/2025","5.37","0.30","","0.0","0.0","","94","73","28.0","35.1",""
"USW00013904","6/27/2025","7.38","0.00","","0.0","0.0","","95","71","21.0","29.1",""
"USW00013904","6/28/2025","6.93","0.00","","0.0","0.0","","95","73","17.0","23.9",""
"USW00013904","6/29/2025","6.93","0.00","","0.0","0.0","","96","71","25.9","36.9",""
"USW00013904","6/30/2025","8.28","0.02","","0.0","0.0","","95","72","28.0","40.0",""
"USW00013904","7/1/2025","4.70","0.00","","0.0","0.0","","93","71","15.0","21.9",""
"USW00013904","7/2/2025","4.25","0.44","","0.0","0.0","","94","73","23.0","29.1",""
"USW00013904","7/3/2025","6.93","0.26","","0.0","0.0","","87","77","17.0","21.0",""
"USW00013904","7/4/2025","6.26","0.34","","0.0","0.0","","84","77","14.1","19.0",""
"USW00013904","7/5/2025","7.61","1.32","","0.0","0.0","","79","73","19.9","27.1",""
"USW00013904","7/6/2025","6.04","0.00","","0.0","0.0","","91","72","19.9","28.0",""
"USW00013904","7/7/2025","6.49","0.00","","0.0","0.0","","91","76","16.1","21.0",""
"USW00013904","7/8/2025","8.28","0.00","","0.0","0.0","","94","72","25.9","42.1",""
"USW00013904","7/9/2025","6.49","0.05","","0.0","0.0","","91","72","19.9","29.1",""
"USW00013904","7/10/2025","9.62","0.00","","0.0","0.0","","93","68","19.9","31.1",""
"USW00013904","7/11/2025","11.63","0.00","","0.0","0.0","","93","73","18.1","31.1",""
"USW00013904","7/12/2025","12.30","0.00","","0.0","0.0","","93","76","23.9","31.1",""
"USW00013904","7/13/2025","6.04","0.71","","0.0","0.0","","86","72","31.1","21.0",""
"USW00013904","7/14/2025","6.49","0.00","","0.0","0.0","","93","72","25.9","33.1",""
"USW00013904","7/15/2025","9.17","0.00","","0.0","0.0","","93","74","21.0","25.1",""
"USW00013904","7/16/2025","11.41","0.00","","0.0","0.0","","95","77","19.9","27.1",""
"USW00013904","7/17/2025","8.05","0.00","","0.0","0.0","","95","72","16.1","23.0",""
"USW00013904","7/18/2025","8.50","0.00","","0.0","0.0","","95","70","18.1","27.1",""
"USW00013904","7/19/2025","10.07","0.00","","0.0","0.0","","94","78","17.0","25.9",""
"USW00013904","7/20/2025","10.74","0.00","","0.0","0.0","","92","78","18.1","28.0",""
"USW00013904","7/21/2025","11.41","0.00","","0.0","0.0","","93","76","21.0","27.1",""
"USW00013904","7/22/2025","11.18","0.00","","0.0","0.0","","97","76","21.0","28.0",""
"USW00013904","7/23/2025","11.18","0.00","","0.0","0.0","","98","74","19.9","29.1",""
"USW00013904","7/24/2025","7.61","0.00","","0.0","0.0","","99","73","14.1","21.0",""
"USW00013904","7/25/2025","4.03","0.00","","0.0","0.0","","89","70","12.1","15.0",""
"USW00013904","7/26/2025","9.84","0.00","","0.0","0.0","","94","75","23.0","30.0",""
"USW00013904","7/27/2025","8.72","0.00","","0.0","0.0","","97","77","21.0","28.0",""
"USW00013904","7/28/2025","6.71","0.00","","0.0","0.0","","97","74","15.0","19.9",""
"USW00013904","7/29/2025","4.47","0.00","","0.0","0.0","","100","70","13.0","18.1",""
"USW00013904","7/30/2025","3.80","0.00","","0.0","0.0","","100","63","13.0","18.1",""
"USW00013904","7/31/2025","4.92","0.00","","0.0","0.0","","101","67","15.0","18.1",""
"USW00013904","8/1/2025","5.37","0.00","","0.0","0.0","","102","72","14.1","21.9",""
"USW00013904","8/2/2025","4.70","0.00","","0.0","0.0","","100","75","23.0","29.1",""
"USW00013904","8/3/2025","3.13","0.00","","0.0","0.0","","99","70","13.0","19.9",""
"USW00013904","8/4/2025","6.04","0.02","","0.0","0.0","","92","74","19.9","25.9",""
"USW00013904","8/5/2025","4.70","0.00","","0.0","0.0","","96","69","15.0","25.1",""
"USW00013904","8/6/2025","6.26","0.00","","0.0","0.0","","100","71","15.0","21.0",""
"USW00013904","8/7/2025","6.93","0.00","","0.0","0.0","","100","73","14.1","21.9",""
"USW00013904","8/8/2025","8.05","0.00","","0.0","0.0","","101","73","16.1","23.9",""
"USW00013904","8/9/2025","6.49","0.00","","0.0","0.0","","99","73","19.9","25.9",""
"USW00013904","8/10/2025","5.82","0.00","","0.0","0.0","","98","73","21.9","29.1",""
"USW00013904","8/11/2025","4.70","0.00","","0.0","0.0","","99","72","18.1","23.9",""
"USW00013904","8/12/2025","4.70","0.00","","0.0","0.0","","99","73","16.1","23.0",""
"USW00013904","8/13/2025","5.14","0.75","","0.0","0.0","","96","75","21.9","27.1",""
"USW00013904","8/14/2025","8.72","0.00","","0.0","0.0","","100","76","19.9","28.0",""
"USW00013904","8/15/2025","8.28","0.03","","0.0","0.0","","97","76","45.0","61.1",""
"USW00013904","8/16/2025","8.72","0.00","","0.0","0.0","","100","73","19.9","28.0",""
"USW00013904","8/17/2025","8.05","0.00","","0.0","0.0","","100","74","16.1","21.9",""
"USW00013904","8/18/2025","4.47","0.00","","0.0","0.0","","101","73","13.0","18.1",""
"USW00013904","8/19/2025","4.25","0.00","","0.0","0.0","","94","74","17.0","23.9",""
"USW00013904","8/20/2025","7.16","0.00","","0.0","0.0","","100","70","38.0","45.0",""
"USW00013904","8/21/2025","3.58","0.07","","0.0","0.0","","96","72","29.1","38.0",""
"USW00013904","8/22/2025","6.26","0.00","","0.0","0.0","","95","73","23.0","31.1",""
"USW00013904","8/23/2025","5.82","0.00","","0.0","0.0","","96","70","18.1","30.0",""
"USW00013904","8/24/2025","4.70","0.00","","0.0","0.0","","99","71","19.9","29.1",""
"USW00013904","8/25/2025","3.80","0.00","","0.0","0.0","","98","69","13.0","17.0",""
"USW00013904","8/26/2025","4.03","0.00","","0.0","0.0","","98","68","23.0","29.1",""
"USW00013904","8/27/2025","4.70","0.44","","0.0","0.0","","96","72","32.0","45.0",""
"USW00013904","8/28/2025","9.84","0.00","","0.0","0.0","","100","76","17.9","30.0",""
"USW00013904","8/29/2025","6.71","0.00","","0.0","0.0","","99","77","16.1","23.0",""
"USW00013904","8/30/2025","6.04","0.00","","0.0","0.0","","101","74","28.0","40.0",""
"USW00013904","8/31/2025","7.61","0.00","","0.0","0.0","","89","76","15.0","29.1",""
"USW00013904","9/1/2025","3.80","0.00","","0.0","0.0","","95","70","12.1","16.1",""
"USW00013904","9/2/2025","5.59","0.00","","0.0","0.0","","98","69","17.9","25.9",""
"USW00013904","9/3/2025","6.04","0.00","","0.0","0.0","","99","67","21.0","30.0",""
"USW00013904","9/4/2025","4.47","0.00","","0.0","0.0","","103","63","12.1","16.1",""
"USW00013904","9/5/2025","9.17","0.00","","0.0","0.0","","100","71","17.9","25.1",""
"USW00013904","9/6/2025","7.83","0.02","","0.0","0.0","","89","73","19.9","25.1",""
"USW00013904","9/7/2025","6.26","0.16","","0.0","0.0","","76","71","13.0","17.9",""
"USW00013904","9/8/2025","6.49","0.00","","0.0","0.0","","90","63","14.1","21.9",""
"USW00013904","9/9/2025","3.58","0.00","","0.0","0.0","","93","58","12.1","23.0",""
"USW00013904","9/10/2025","2.91","0.00","","0.0","0.0","","97","60","15.0","19.9",""
"USW00013904","9/11/2025","3.80","0.00","","0.0","0.0","","97","61","17.9","23.9",""
"USW00013904","9/12/2025","5.59","0.00","","0.0","0.0","","97","66","17.9","25.9",""
"USW00013904","9/13/2025","6.49","0.00","","0.0","0.0","","96","65","19.9","27.1",""
"USW00013904","9/14/2025","5.59","0.00","","0.0","0.0","","96","65","16.1","27.1",""
"USW00013904","9/15/2025","4.70","0.00","","0.0","0.0","","96","67","16.1","25.1",""
"USW00013904","9/16/2025","4.70","0.00","","0.0","0.0","","96","64","17.0","23.9",""
"USW00013904","9/17/2025","4.70","0.00","","0.0","0.0","","97","66","15.0","21.0",""
"USW00013904","9/18/2025","4.70","0.00","","0.0","0.0","","95","68","17.0","23.9",""
"USW00013904","9/19/2025","4.03","0.00","","0.0","0.0","","96","68","13.0","19.9",""
"USW00013904","9/20/2025","4.70","0.00","","0.0","0.0","","95","66","15.0","23.0",""
"USW00013904","9/21/2025","8.28","0.00","","0.0","0.0","","98","70","19.9","28.0",""
"USW00013904","9/22/2025","8.72","0.00","","0.0","0.0","","99","74","17.9","27.1",""
"USW00013904","9/23/2025","10.96","0.00","","0.0","0.0","","100","78","21.0","29.1",""
"USW00013904","9/24/2025","9.17","0.00","","0.0","0.0","","92","72","19.9","29.1",""
"USW00013904","9/25/2025","6.71","0.00","","0.0","0.0","","92","69","17.9","28.0",""
"USW00013904","9/26/2025","2.68","0.00","","0.0","0.0","","93","59","13.0","19.9",""
"USW00013904","9/27/2025","2.91","0.00","","0.0","0.0","","93","58","13.0","17.9",""
"USW00013904","9/28/2025","4.70","0.00","","0.0","0.0","","92","58","16.1","21.9",""
"USW00013904","9/29/2025","3.13","0.00","","0.0","0.0","","90","59","10.1","19.0",""
"USW00013904","9/30/2025","3.13","0.00","","0.0","0.0","","95","62","14.1","19.9",""
"USW00013904","10/1/2025","2.91","0.00","","0.0","0.0","","96","60","10.1","23.0",""
"USW00013904","10/2/2025","2.91","0.00","","0.0","0.0","","96","61","10.1","21.0",""
"USW00013904","10/3/2025","4.70","0.00","","0.0","0.0","","95","63","17.9","25.1",""
"USW00013904","10/4/2025","4.92","0.00","","0.0","0.0","","93","64","15.0","19.0",""
"USW00013904","10/5/2025","2.01","0.00","","0.0","0.0","","94","63","13.0","21.9",""
"USW00013904","10/6/2025","4.03","0.00","","0.0","0.0","","95","65","15.0","21.0",""
"USW00013904","10/7/2025","2.91","0.00","","0.0","0.0","","94","73","14.1","23.9",""
"USW00013904","10/8/2025","9.17","0.00","","0.0","0.0","","95","67","19.9","29.1",""
"USW00013904","10/9/2025","7.38","0.00","","0.0","0.0","","93","71","17.0","25.1",""
"USW00013904","10/10/2025","4.25","0.00","","0.0","0.0","","92","64","14.1","23.9",""
"USW00013904","10/11/2025","4.03","0.00","","0.0","0.0","","93","56","13.0","19.0",""
"USW00013904","10/12/2025","6.71","0.00","","0.0","0.0","","92","56","17.9","25.1",""
"USW00013904","10/13/2025","4.25","0.00","","0.0","0.0","","91","58","14.1","25.1",""
"USW00013904","10/14/2025","2.91","0.00","","0.0","0.0","","91","58","15.0","23.0",""
"USW00013904","10/15/2025","4.70","0.00","","0.0","0.0","","93","59","13.0","23.9",""
"USW00013904","10/16/2025","5.14","0.00","","0.0","0.0","","88","56","16.1","21.0",""
"USW00013904","10/17/2025","7.16","0.00","","0.0","0.0","","93","61","17.9","25.9",""
"USW00013904","10/18/2025","7.61","0.00","","0.0","0.0","","95","70","17.9","25.1",""
"USW00013904","10/19/2025","10.74","0.00","","0.0","0.0","","86","57","29.1","38.9",""
"USW00013904","10/20/2025","8.50","0.00","","0.0","0.0","","94","54","23.9","33.1",""
"USW00013904","10/21/2025","8.72","0.00","","0.0","0.0","","89","71","17.0","23.0",""
"USW00013904","10/22/2025","6.93","0.00","","0.0","0.0","","88","58","14.1","21.9",""
"USW00013904","10/23/2025","8.28","0.00","","0.0","0.0","","92","67","21.0","25.9",""
"USW00013904","10/24/2025","10.29","1.02","","0.0","0.0","","90","61","23.9","40.9",""
"USW00013904","10/25/2025","5.59","1.16","","0.0","0.0","","77","61","19.9","25.9",""
"USW00013904","10/26/2025","2.91","0.00","","0.0","0.0","","82","60","8.9","16.1",""
"USW00013904","10/27/2025","6.71","0.00","","0.0","0.0","","90","58","19.9","27.1",""
"USW00013904","10/28/2025","13.65","0.00","","0.0","0.0","","89","62","30.0","45.0",""
"USW00013904","10/29/2025","15.21","0.00","","0.0","0.0","","69","51","28.0","44.1",""
"USW00013904","10/30/2025","3.80","0.00","","0.0","0.0","","72","42","14.1","17.0",""
"USW00013904","10/31/2025","2.68","0.00","","0.0","0.0","","76","38","10.1","16.1",""
"USW00013904","11/1/2025","6.04","0.10","","0.0","0.0","","72","41","21.0","27.1",""
"USW00013904","11/2/2025","2.01","0.00","","0.0","0.0","","74","45","8.9","15.0",""
"USW00013904","11/3/2025","3.36","0.00","","0.0","0.0","","79","42","15.0","19.9",""
"USW00013904","11/4/2025","5.59","0.00","","0.0","0.0","","81","44","15.0","23.0",""
"USW00013904","11/5/2025","5.59","0.00","","0.0","0.0","","84","46","17.9","28.0",""
"USW00013904","11/6/2025","6.71","0.00","","0.0","0.0","","84","50","16.1","23.0",""
"USW00013904","11/7/2025","8.72","0.00","","0.0","0.0","","91","61","17.0","25.9",""
"USW00013904","11/8/2025","2.91","0.00","","0.0","0.0","","86","54","8.9","14.1",""
"USW00013904","11/9/2025","18.12","0.00","","0.0","0.0","","71","50","29.1","38.0",""
"USW00013904","11/10/2025","6.49","0.00","","0.0","0.0","","60","36","17.9","23.9",""
"USW00013904","11/11/2025","8.50","0.00","","0.0","0.0","","75","31","21.9","30.0",""
"USW00013904","11/12/2025","7.61","0.00","","0.0","0.0","","83","42","19.9","28.0",""
"USW00013904","11/13/2025","7.61","0.00","","0.0","0.0","","86","50","19.9","29.1",""
"USW00013904","11/14/2025","10.07","0.00","","0.0","0.0","","85","64","19.9","27.1",""
"USW00013904","11/15/2025","8.28","0.00","","0.0","0.0","","85","63","17.9","25.9",""
"USW00013904","11/16/2025","7.83","0.00","","0.0","0.0","","87","67","16.1","21.9",""
"USW00013904","11/17/2025","10.74","0.00","","0.0","0.0","","88","71","19.9","25.9",""
"USW00013904","11/18/2025","8.72","0.00","","0.0","0.0","","86","69","17.0","23.9",""
"USW00013904","11/19/2025","7.83","0.00","","0.0","0.0","","87","72","17.9","23.9",""
"USW00013904","11/20/2025","10.74","0.28","","0.0","0.0","","85","66","21.0","31.1",""
"USW00013904","11/21/2025","2.46","0.00","","0.0","0.0","","77","64","15.0","21.0",""
"USW00013904","11/22/2025","8.05","0.00","","0.0","0.0","","76","55","17.0","23.9",""
"USW00013904","11/23/2025","5.82","0.00","","0.0","0.0","","70","55","13.0","19.0",""
"USW00013904","11/24/2025","6.49","0.00","","0.0","0.0","","78","53","16.1","23.9",""
"USW00013904","11/25/2025","5.59","0.00","","0.0","0.0","","81","45","16.1","23.0",""
"USW00013904","11/26/2025","12.75","0.00","","0.0","0.0","","66","46","23.0","31.1",""
"USW00013904","11/27/2025","5.14","0.00","","0.0","0.0","","65","43","12.1","17.9",""
"USW00013904","11/28/2025","10.96","0.01","","0.0","0.0","","69","44","28.0","34.0",""
"USW00013904","11/29/2025","8.95","0.01","","0.0","0.0","","81","60","29.1","38.9",""
"USW00013904","11/30/2025","19.91","0.00","","0.0","0.0","","60","45","29.1","36.9",""
"USW00013904","12/1/2025","11.86","0.01","","0.0","0.0","","45","41","21.9","31.1",""
"USW00013904","12/2/2025","5.82","0.00","","0.0","0.0","","55","35","15.0","19.0",""
"USW00013904","12/3/2025","4.70","0.01","","0.0","0.0","","56","33","10.1","13.0",""
"USW00013904","12/4/2025","13.87","0.06","","0.0","0.0","","55","44","25.9","33.1",""
"USW00013904","12/5/2025","5.59","0.00","","0.0","0.0","","52","43","12.1","16.1",""
"USW00013904","12/6/2025","5.14","0.00","","0.0","0.0","","78","40","16.1","21.9",""
"USW00013904","12/7/2025","10.74","0.00","","0.0","0.0","","73","47","25.9","34.9",""
"USW00013904","12/8/2025","6.26","0.00","","0.0","0.0","","60","33","15.0","21.0",""
"USW00013904","12/9/2025","6.49","0.00","","0.0","0.0","","69","26","19.9","28.0",""
"USW00013904","12/10/2025","10.07","0.00","","0.0","0.0","","73","40","25.9","34.0",""
"USW00013904","12/11/2025","4.47","0.00","","0.0","0.0","","71","32","16.1","21.9",""
"USW00013904","12/12/2025","3.80","0.00","","0.0","0.0","","77","41","15.0","21.0",""
"USW00013904","12/13/2025","4.92","0.00","","0.0","0.0","","79","56","13.0","21.0",""
"USW00013904","12/14/2025","17.67","0.00","","0.0","0.0","","65","34","30.0","36.9",""
"USW00013904","12/15/2025","4.03","0.00","","0.0","0.0","","55","29","12.1","14.1",""
"USW00013904","12/16/2025","3.80","0.42","","0.0","0.0","","63","35","25.1","38.9",""
"USW00013904","12/17/2025","3.36","0.23","","0.0","0.0","","66","58","8.9","13.0",""
"USW00013904","12/18/2025","10.74","0.01","","0.0","0.0","","77","48","25.1","32.0",""
"USW00013904","12/19/2025","6.93","0.00","","0.0","0.0","","69","36","16.1","23.0",""
"USW00013904","12/20/2025","8.95","0.00","","0.0","0.0","","74","46","25.9","36.9",""
"USW00013904","12/21/2025","5.82","0.00","","0.0","0.0","","72","50","14.1","17.0",""
"USW00013904","12/22/2025","3.58","0.00","","0.0","0.0","","77","59","13.0","17.0",""
"USW00013904","12/23/2025","8.50","0.00","","0.0","0.0","","81","64","16.1","23.0",""
"USW00013904","12/24/2025","5.82","0.00","","0.0","0.0","","81","57","14.1","19.0",""
"USW00013904","12/25/2025","6.26","0.00","","0.0","0.0","","78","57","16.1","21.9",""
"USW00013904","12/26/2025","8.50","0.00","","0.0","0.0","","84","62","16.1","23.0",""
"USW00013904","12/27/2025","11.18","0.00","","0.0","0.0","","82","67","19.9","30.0",""
"USW00013904","12/28/2025","10.96","0.00","","0.0","0.0","","79","53","33.1","46.1",""
"USW00013904","12/29/2025","20.13","0.00","","0.0","0.0","","53","40","32.0","42.9",""
"USW00013904","12/30/2025","8.95","0.00","","0.0","0.0","","58","33","23.0","29.1",""
"USW00013904","12/31/2025","5.82","0.00","","0.0","0.0","","71","27","16.1","23.0",""
"USW00013904","1/1/2026","7.61","0.00","","0.0","0.0","","74","33","21.0","27.1",""
"USW00013904","1/2/2026","7.61","0.00","","0.0","0.0","","89","51","17.0","23.9",""
"USW00013904","1/3/2026","10.51","0.00","","0.0","0.0","","76","49","23.0","30.0",""
"USW00013904","1/4/2026","5.59","0.00","","0.0","0.0","","72","35","12.1","16.1",""
"USW00013904","1/5/2026","6.49","0.00","","0.0","0.0","","77","52","17.9","25.1",""
"USW00013904","1/6/2026","3.80","0.00","","0.0","0.0","","84","48","14.1","19.9",""
"USW00013904","1/7/2026","7.83","0.00","","0.0","0.0","","80","45","17.9","25.9",""
"USW00013904","1/8/2026","12.08","0.00","","0.0","0.0","","80","60","28.0","38.9",""
"USW00013904","1/9/2026","4.92","0.00","","0.0","0.0","","72","54","17.0","23.9",""
"USW00013904","1/10/2026","16.33","0.00","","0.0","0.0","","60","43","25.9","38.0",""
"USW00013904","1/11/2026","5.82","0.00","","0.0","0.0","","63","38","14.1","19.0",""
"USW00013904","1/12/2026","0.89","0.00","","0.0","0.0","","65","36","6.9","11.0",""
"USW00013904","1/13/2026","4.70","0.00","","0.0","0.0","","61","46","13.0","16.1",""
"USW00013904","1/14/2026","14.09","0.00","","0.0","0.0","","69","36","30.0","44.1",""
"USW00013904","1/15/2026","6.93","0.00","","0.0","0.0","","67","32","16.1","21.9",""
"USW00013904","1/16/2026","12.75","0.00","","0.0","0.0","","76","36","23.9","33.1",""
"USW00013904","1/17/2026","14.32","0.00","","0.0","0.0","","56","31","29.1","36.9",""
"USW00013904","1/18/2026","5.82","0.00","","0.0","0.0","","64","24","14.1","19.9",""
"USW00013904","1/19/2026","6.26","0.00","","0.0","0.0","","68","23","21.9","25.9",""
"USW00013904","1/20/2026","7.61","0.00","","0.0","0.0","","60","38","17.0","23.0",""
"USW00013904","1/21/2026","4.70","0.05","","0.0","0.0","","76","55","13.0","17.9",""
"USW00013904","1/22/2026","7.61","0.00","","0.0","0.0","","70","53","15.0","21.0",""
"USW00013904","1/23/2026","8.05","0.14","","0.0","0.0","","68","45","25.9","34.0",""
"USW00013904","1/24/2026","17.67","0.38","","0.5","0.0","","45","25","25.1","33.1",""
"USW00013904","1/25/2026","14.54","0.16","","0.3","1.0","","29","21","21.9","34.0",""
"USW00013904","1/26/2026","8.72","0.00","","0.0","1.0","","37","19","17.9","23.9",""
"USW00013904","1/27/2026","5.14","0.00","","0.0","0.0","","50","16","14.1","19.0",""
"USW00013904","1/28/2026","2.91","0.00","","0.0","0.0","","58","22","10.1","15.0",""
"USW00013904","1/29/2026","8.95","0.00","","0.0","0.0","","73","26","21.9","31.1",""
"USW00013904","1/30/2026","8.28","0.00","","0.0","0.0","","55","31","21.0","28.0",""
"USW00013904","1/31/2026","12.97","0.00","","0.0","0.0","","45","24","23.0","31.1",""
"USW00013904","2/1/2026","5.14","0.00","","0.0","0.0","","57","17","16.1","25.1",""
"USW00013904","2/2/2026","8.72","0.00","","0.0","0.0","","69","26","21.0","29.1",""
"USW00013904","2/3/2026","10.96","0.00","","0.0","0.0","","72","51","21.9","30.0",""
"USW00013904","2/4/2026","12.08","0.00","","0.0","0.0","","65","41","21.0","28.0",""
"USW00013904","2/5/2026","3.13","0.00","","0.0","0.0","","70","35","13.0","19.0",""
"USW00013904","2/6/2026","4.25","0.00","","0.0","0.0","","83","33","14.1","19.9",""
"USW00013904","2/7/2026","4.03","0.00","","0.0","0.0","","84","36","15.0","19.9",""
"USW00013904","2/8/2026","6.26","0.00","","0.0","0.0","","80","39","21.0","30.0",""
"USW00013904","2/9/2026","7.83","0.00","","0.0","0.0","","85","40","17.0","25.1",""
"USW00013904","2/10/2026","7.38","0.04","","0.0","0.0","","69","60","17.0","23.0",""
"USW00013904","2/11/2026","6.71","0.00","","0.0","0.0","","76","49","15.0","19.0",""
"USW00013904","2/12/2026","3.80","0.00","","0.0","0.0","","81","44","13.0","19.0",""
"USW00013904","2/13/2026","10.29","0.00","","0.0","0.0","","82","53","21.0","27.1",""
"USW00013904","2/14/2026","8.72","0.55","","0.0","0.0","","75","52","23.9","34.0",""
"USW00013904","2/15/2026","8.72","0.00","","0.0","0.0","","74","49","23.9","33.1",""
"USW00013904","2/16/2026","5.14","0.00","","0.0","0.0","","78","41","15.0","21.9",""
"USW00013904","2/17/2026","13.20","0.00","","0.0","0.0","","84","56","23.9","34.9",""
"USW00013904","2/18/2026","6.93","0.00","","0.0","0.0","","77","63","16.1","23.0",""
"USW00013904","2/19/2026","6.26","0.00","","0.0","0.0","","85","58","16.1","23.9",""
"USW00013904","2/20/2026","8.72","0.00","","0.0","0.0","","68","53","21.0","27.1",""
"USW00013904","2/21/2026","14.09","0.00","","0.0","0.0","","74","50","28.0","34.9",""
"USW00013904","2/22/2026","14.09","0.00","","0.0","0.0","","63","42","23.0","32.0",""
"USW00013904","2/23/2026","2.68","0.00","","0.0","0.0","","67","28","10.1","15.0",""
"USW00013904","2/24/2026","12.75","0.00","","0.0","0.0","","75","28","28.0","38.9",""
"USW00013904","2/25/2026","12.30","0.00","","0.0","0.0","","88","56","25.1","34.9",""
"USW00013904","2/26/2026","7.61","0.00","","0.0","0.0","","85","47","19.9","28.0",""
"USW00013904","2/27/2026","4.92","0.00","","0.0","0.0","","87","51","15.0","23.9",""
"USW00013904","2/28/2026","9.40","0.00","","0.0","0.0","","87","46","23.0","30.0",""
"USW00013904","3/1/2026","14.09","0.00","","0.0","0.0","","86","65","23.0","32.0",""
"USW00013904","3/2/2026","10.74","0.00","","0.0","0.0","","86","64","19.9","29.1",""
"USW00013904","3/3/2026","14.54","0.00","","0.0","0.0","","89","66","25.1","36.0",""
"USW00013904","3/4/2026","14.99","0.00","","0.0","0.0","","88","71","25.9","36.0",""
"USW00013904","3/5/2026","16.78","0.00","","0.0","0.0","","88","71","28.0","38.9",""
"USW00013904","3/6/2026","15.43","0.00","","0.0","0.0","","86","70","28.0","38.9",""
"USW00013904","3/7/2026","12.30","0.33","","0.0","0.0","","77","53","29.1","34.9",""
"USW00013904","3/8/2026","8.28","0.02","","0.0","0.0","","67","53","17.0","21.9",""
"USW00013904","3/9/2026","4.70","0.00","","0.0","0.0","","80","61","15.0","21.0",""
"USW00013904","3/10/2026","13.87","0.00","","0.0","0.0","","85","72","25.9","36.9",""
"USW00013904","3/11/2026","11.18","0.41","","0.0","0.0","","84","60","30.0","42.9",""
"USW00013904","3/12/2026","10.96","0.00","","0.0","0.0","","66","37","33.1","42.1",""
"USW00013904","3/13/2026","10.07","0.00","","0.0","0.0","","81","37","21.9","28.0",""
"USW00013904","3/14/2026","11.41","0.00","","0.0","0.0","","86","53","23.0","33.1",""
"USW00013904","3/15/2026","19.46","0.00","","0.0","0.0","","98","52","38.9","51.0",""
"USW00013904","3/16/2026","17.67","0.00","","0.0","0.0","","56","36","38.0","49.0",""
"USW00013904","3/17/2026","8.72","0.00","","0.0","0.0","","67","29","19.9","29.1",""
"USW00013904","3/18/2026","9.17","0.00","","0.0","0.0","","78","35","19.9","27.1",""
"USW00013904","3/19/2026","8.05","0.00","","0.0","0.0","","86","41","17.9","25.1",""
"USW00013904","3/20/2026","10.96","0.00","","0.0","0.0","","90","54","21.0","31.1",""
"USW00013904","3/21/2026","10.74","0.00","","0.0","0.0","","93","49","21.0","36.0",""
"USW00013904","3/22/2026","12.97","0.00","","0.0","0.0","","93","53","23.0","36.9",""
"USW00013904","3/23/2026","5.37","0.00","","0.0","0.0","","88","54","15.0","21.0",""
"USW00013904","3/24/2026","9.40","0.00","","0.0","0.0","","88","53","19.9","29.1",""
"USW00013904","3/25/2026","11.86","0.00","","0.0","0.0","","90","69","21.0","29.1",""
"USW00013904","3/26/2026","14.09","0.00","","0.0","0.0","","89","68","21.9","31.1",""
"USW00013904","3/27/2026","13.20","0.00","","0.0","0.0","","88","60","28.0","36.9",""
"USW00013904","3/28/2026","10.51","0.00","","0.0","0.0","","74","53","23.0","31.1",""
"USW00013904","3/29/2026","8.05","0.00","","0.0","0.0","","85","46","19.9","28.0",""
"USW00013904","3/30/2026","13.20","0.00","","0.0","0.0","","89","65","23.0","33.1",""
"USW00013904","3/31/2026","13.87","0.00","","0.0","0.0","","90","66","25.9","33.1",""
"USW00013904","4/1/2026","15.43","0.00","","0.0","","","92","71","25.1","38.0",""
"USW00013904","4/2/2026","11.63","1.49","","0.0","0.0","","87","65","23.9","32.0",""
"USW00013904","4/3/2026","13.42","0.00","","0.0","","","84","72","23.9","34.0",""
"USW00013904","4/4/2026","11.63","0.19","","0.0","0.0","","78","56","28.0","36.9",""
"USW00013904","4/5/2026","12.53","0.00","","0.0","0.0","","65","51","23.0","29.1",""
"USW00013904","4/6/2026","7.61","0.00","","0.0","0.0","","74","46","21.0","30.0",""
"USW00013904","4/7/2026","4.47","0.00","","0.0","0.0","","77","43","16.1","21.9",""
"USW00013904","4/8/2026","6.26","0.00","","0.0","0.0","","82","52","16.1","21.9",""
"USW00013904","4/9/2026","7.38","0.12","","0.0","0.0","","84","61","28.0","38.0",""
"USW00013904","4/10/2026","6.71","0.14","","0.0","0.0","","82","62","29.1","36.9",""
"USW00013904","4/11/2026","10.29","0.00","","0.0","0.0","","84","67","21.9","30.0",""
"USW00013904","4/12/2026","12.30","0.09","","0.0","0.0","","80","70","25.1","31.1",""
"USW00013904","4/13/2026","12.30","0.00","","0.0","0.0","","89","72","21.9","30.0",""
"USW00013904","4/14/2026","13.20","0.00","","0.0","0.0","","88","71","23.0","32.0",""
"USW00013904","4/15/2026","12.30","0.00","","0.0","","","86","70","23.0","32.0",""
"USW00013904","4/16/2026","10.51","0.00","","0.0","0.0","","89","66","21.0","29.1",""
"USW00013904","4/17/2026","16.11","0.00","","0.0","0.0","","89","70","25.1","34.9",""
"USW00013904","4/18/2026","14.09","0.11","","0.0","0.0","","74","51","30.0","36.9",""
"USW00013904","4/19/2026","9.84","0.07","","0.0","0.0","","72","50","19.9","32.0",""
"USW00013904","4/20/2026","5.14","1.14","","0.0","0.0","","62","55","17.9","21.9",""
"USW00013904","4/21/2026","7.61","0.67","","0.0","0.0","","64","58","14.1","21.0",""
"USW00013904","4/22/2026","6.71","0.02","","0.0","0.0","","85","63","21.9","30.0",""
"USW00013904","4/23/2026","12.08","0.00","","0.0","0.0","","83","68","19.9","27.1",""
"USW00013904","4/24/2026","9.84","0.00","","0.0","0.0","","90","72","17.9","25.9",""
"USW00013904","4/25/2026","9.40","0.00","","0.0","0.0","","90","73","17.9","25.1",""
"USW00013904","4/26/2026","9.62","0.00","","0.0","0.0","","88","73","21.9","30.0",""
"USW00013904","4/27/2026","10.07","0.00","","0.0","0.0","","89","75","17.0","25.1",""
"USW00013904","4/28/2026","10.29","0.00","","0.0","0.0","","91","77","17.9","27.1",""
"USW00013904","4/29/2026","8.50","0.10","","0.0","0.0","","80","63","21.9","27.1",""
"USW00013904","4/30/2026","11.63","0.62","","0.0","0.0","","72","61","28.0","36.0",""
"USW00013904","5/1/2026","14.54","2.02","","0.0","0.0","","64","51","23.9","34.0",""
"USW00013904","5/2/2026","6.49","0.00","","0.0","0.0","","75","49","16.1","25.1",""
"USW00013904","5/3/2026","5.82","0.00","","0.0","0.0","","80","47","16.1","21.9",""
"USW00013904","5/4/2026","10.74","0.00","","0.0","0.0","","83","56","21.0","29.1",""
"USW00013904","5/5/2026","10.74","0.00","","0.0","0.0","","86","70","21.0","30.0",""
"USW00013904","5/6/2026","10.51","0.00","","0.0","0.0","","78","63","25.1","32.0",""
"USW00013904","5/7/2026","12.75","0.00","","0.0","0.0","","69","60","21.0","27.1",""
"USW00013904","5/8/2026","5.37","0.00","","0.0","0.0","","81","63","12.1","15.0",""
"USW00013904","5/9/2026","4.47","0.11","","0.0","0.0","","89","70","19.9","31.1",""
"USW00013904","5/10/2026","9.40","2.20","","0.0","0.0","","91","65","42.9","64.0",""
"USW00013904","5/11/2026","10.51","0.00","","0.0","0.0","","82","63","19.9","25.9",""
"USW00013904","5/12/2026","2.46","0.00","","0.0","0.0","","84","58","8.9","17.0",""
"USW00013904","5/13/2026","3.13","0.00","","0.0","0.0","","90","59","10.1","15.0",""
"USW00013904","5/14/2026","8.05","0.00","","0.0","0.0","","90","60","17.0","25.1",""
"USW00013904","5/15/2026","13.65","0.00","","0.0","0.0","","90","69","25.1","38.0",""
"USW00013904","5/16/2026","13.20","0.00","","0.0","0.0","","91","69","21.9","32.0",""
"USW00013904","5/17/2026","15.21","0.02","","0.0","0.0","","89","75","25.1","45.0",""
"USW00013904","5/18/2026","16.33","0.00","","0.0","0.0","","92","78","28.0","38.0",""
"USW00013904","5/19/2026","11.86","1.11","","0.0","0.0","","92","66","36.9","46.1",""
"USW00013904","5/20/2026","8.72","0.26","","0.0","0.0","","85","68","44.1","59.9",""
"USW00013904","5/21/2026","7.16","1.01","","0.0","0.0","","83","65","25.1","40.9",""
"USW00013904","5/22/2026","5.59","0.01","","0.0","0.0","","88","62","17.0","23.0",""
"USW00013904","5/23/2026","5.82","0.05","","0.0","0.0","","84","65","23.0","32.0",""
"USW00013904","5/24/2026","3.80","0.00","","0.0","0.0","","89","65","12.1","17.0",""
"USW00013904","5/25/2026","4.03","0.15","","0.0","0.0","","89","66","16.1","21.9",""
"USW00013904","5/26/2026","6.93","0.91","","0.0","0.0","","88","65","25.1","40.9",""
"USW00013904","5/27/2026","4.70","0.11","","0.0","0.0","","77","64","19.9","34.0",""
"USW00013904","5/28/2026","3.13","0.00","","0.0","0.0","","90","61","8.9","14.1",""
"USW00013904","5/29/2026","7.83","0.00","","0.0","0.0","","91","71","16.1","27.1",""
"USW00013904","5/30/2026","8.72","0.00","","0.0","0.0","","89","70","21.0","29.1",""
"USW00013904","5/31/2026","6.04","0.00","","0.0","0.0","","90","68","14.1","19.9",""
"USW00013904","6/1/2026","4.70","0.00","","0.0","0.0","","92","70","13.0","17.0",""
"USW00013904","6/2/2026","4.70","1.47","","0.0","0.0","","94","71","30.0","44.1",""
"USW00013904","6/3/2026","7.38","0.00","","0.0","0.0","","89","70","25.1","34.0",""
"USW00013904","6/4/2026","5.59","0.15","","0.0","0.0","","87","71","14.1","17.0",""
"USW00013904","6/5/2026","4.25","0.31","","0.0","0.0","","87","73","16.1","21.0",""
"USW00013904","6/6/2026","7.38","0.11","","0.0","0.0","","92","74","19.9","23.9",""
"USW00013904","6/7/2026","12.08","0.02","","0.0","0.0","","91","79","21.0","29.1",""
"USW00013904","6/8/2026","12.30","0.00","","0.0","0.0","","89","77","21.9","30.0",""
"USW00013904","6/9/2026","8.72","0.00","","0.0","0.0","","93","75","17.0","21.9",""
"USW00013904","6/10/2026","10.96","0.00","","0.0","0.0","","91","76","21.0","28.0",""
"USW00013904","6/11/2026","12.08","0.00","","0.0","0.0","","93","77","21.9","29.1",""
"USW00013904","6/12/2026","8.05","0.00","","0.0","0.0","","95","78","15.0","21.9",""
"USW00013904","6/13/2026","9.40","0.00","","0.0","0.0","","94","72","21.9","32.0",""
"USW00013904","6/14/2026","6.04","0.90","","0.0","0.0","","92","75","15.0","19.0",""
"USW00013904","6/15/2026","4.70","2.44","","0.0","0.0","","84","71","25.1","31.1",""
"USW00013904","6/16/2026","6.26","0.00","","0.0","0.0","","91","71","17.0","25.9",""
"USW00013904","6/17/2026","4.92","0.00","","0.0","0.0","","90","73","13.0","17.9",""
"USW00013904","6/18/2026","9.40","0.00","","0.0","0.0","","97","75","17.0","23.9",""
"USW00013904","6/19/2026","6.93","0.09","","0.0","0.0","","88","78","19.9","25.1",""
"USW00013904","6/20/2026","6.26","0.13","","0.0","0.0","","90","73","17.9","23.9",""
"USW00013904","6/21/2026","11.41","0.00","","0.0","0.0","","93","74","23.9","32.0",""
"USW00013904","6/22/2026","12.75","0.00","","0.0","0.0","","94","79","21.9","33.1",""
"USW00013904","6/23/2026","9.62","0.00","","0.0","0.0","","94","77","21.9","28.0",""
"USW00013904","6/24/2026","10.74","0.00","","0.0","0.0","","93","75","19.9","27.1",""
"USW00013904","6/25/2026","10.96","0.00","","0.0","0.0","","93","70","21.0","30.0",""
"USW00013904","6/26/2026","13.42","0.00","","0.0","0.0","","95","76","23.0","31.1",""
"USW00013904","6/27/2026","13.20","0.00","","0.0","0.0","","95","75","21.0","31.1",""
"USW00013904","6/28/2026","16.11","0.00","","0.0","0.0","","95","79","23.0","33.1",""
"USW00013904","6/29/2026","14.54","0.00","","0.0","0.0","","97","78","25.1","34.0",""
"USW00013904","6/30/2026","10.96","0.00","","0.0","0.0","","96","77","21.0","29.1",""
"USW00013904","7/1/2026","10.51","0.00","","0.0","0.0","","96","77","21.9","27.1",""
"USW00013904","7/2/2026","6.93","0.00","","0.0","0.0","","96","73","23.9","31.1",""
"USW00013904","7/3/2026","7.83","0.00","","0.0","0.0","","98","73","15.0","21.0",""
"USW00013904","7/4/2026","8.50","0.00","","0.0","0.0","","97","76","16.1","23.0",""
"USW00013904","7/5/2026","6.93","0.00","","0.0","0.0","","96","74","15.0","25.1",""
"USW00013904","7/6/2026","5.59","0.00","","0.0","0.0","","98","72","15.0","19.9",""
"USW00013904","7/7/2026","6.49","0.00","","0.0","0.0","","98","74","17.0","23.9",""
"USW00013904","7/8/2026","9.62","0.00","","0.0","0.0","","99","74","21.0","27.1",""
"USW00013904","7/9/2026","10.29","0.00","","0.0","","","98","73","21.9","30.0",""
"USW00013904","7/10/2026","9.17","1.07","","0.0","","","95","70","33.1","45.0",""
"USW00013904","7/11/2026","5.82","0.48","","0.0","","","90","74","30.0","38.0",""
"USW00013904","7/12/2026","5.82","0.00","","0.0","","","96","75","23.0","31.1",""
